timestamp_utc,n_listings,lower_q1,lower_q2,lower_q3,upper_q1,upper_q2,upper_q3,best_all_in,best_qty,best_group,best_section,best_row,lower_best_all_in,lower_best_qty,lower_section,lower_row
2026-09-08T21:30:11+00:00,368,636.00,640.00,684.00,514.00,507.00,514.00,507.00,2,Upper,117,34,636.00,1,16,41
2026-09-08T23:20:06+00:00,363,636.00,636.00,684.00,514.00,493.00,514.00,493.00,2,Upper,117,34,636.00,1,16,41
2026-09-09T01:19:09+00:00,363,636.00,636.00,684.00,517.00,489.00,517.00,489.00,2,Upper,117,34,636.00,1,16,41
2026-09-09T01:53:46+00:00,364,636.00,636.00,684.00,517.00,489.00,517.00,489.00,2,Upper,117,34,636.00,1,16,41
2026-09-09T02:09:39+00:00,364,636.00,636.00,684.00,517.00,485.00,517.00,485.00,2,Upper,117,34,636.00,1,16,41
2026-09-09T02:13:41+00:00,365,636.00,636.00,684.00,517.00,484.00,517.00,484.00,2,Upper,117,34,636.00,1,16,41
2026-09-09T02:17:42+00:00,361,636.00,636.00,684.00,517.00,484.00,517.00,484.00,2,Upper,117,34,636.00,1,16,41
2026-09-09T02:21:43+00:00,360,636.00,636.00,684.00,525.00,485.00,525.00,485.00,2,Upper,117,34,636.00,1,16,41
2026-09-09T02:25:45+00:00,362,636.00,636.00,684.00,517.00,485.00,517.00,485.00,2,Upper,117,34,636.00,1,16,41
2026-09-09T02:29:46+00:00,360,636.00,636.00,684.00,517.00,498.00,517.00,498.00,2,Upper,117,34,636.00,1,16,41
2026-09-09T02:33:47+00:00,363,636.00,636.00,684.00,517.00,498.00,517.00,498.00,2,Upper,117,34,636.00,1,16,41
2026-09-09T02:37:49+00:00,362,636.00,636.00,684.00,517.00,497.00,517.00,497.00,2,Upper,117,34,636.00,1,16,41
2026-09-09T02:41:51+00:00,368,636.00,636.00,684.00,517.00,502.00,517.00,502.00,2,Upper,117,34,636.00,1,16,41
2026-09-09T02:45:52+00:00,370,636.00,636.00,684.00,517.00,502.00,517.00,502.00,2,Upper,117,34,636.00,1,16,41
2026-09-09T02:49:54+00:00,367,636.00,636.00,651.00,517.00,505.00,517.00,505.00,2,Upper,117,34,636.00,1,16,41
2026-09-09T02:53:55+00:00,369,636.00,636.00,651.00,517.00,505.00,517.00,505.00,2,Upper,117,34,636.00,1,16,41
2026-09-09T02:57:57+00:00,369,636.00,636.00,684.00,517.00,500.00,517.00,500.00,2,Upper,117,34,636.00,1,16,41
2026-09-09T03:01:58+00:00,370,636.00,636.00,684.00,517.00,500.00,517.00,500.00,2,Upper,117,34,636.00,1,16,41
2026-09-09T03:05:59+00:00,370,636.00,636.00,684.00,517.00,500.00,517.00,500.00,2,Upper,117,34,636.00,1,16,41
2026-09-09T03:10:01+00:00,370,636.00,636.00,684.00,517.00,501.00,517.00,501.00,2,Upper,117,34,636.00,1,16,41
2026-09-09T03:14:04+00:00,368,636.00,636.00,684.00,517.00,501.00,517.00,501.00,2,Upper,117,34,636.00,1,16,41
2026-09-09T03:18:05+00:00,370,636.00,636.00,684.00,517.00,501.00,517.00,501.00,2,Upper,117,34,636.00,1,16,41
2026-09-09T03:22:07+00:00,368,636.00,636.00,684.00,517.00,501.00,517.00,501.00,2,Upper,117,34,636.00,1,16,41
2026-09-09T03:26:08+00:00,370,636.00,636.00,684.00,517.00,500.00,517.00,500.00,2,Upper,117,34,636.00,1,16,41
2026-09-09T03:30:09+00:00,366,636.00,636.00,651.00,517.00,508.00,517.00,508.00,2,Upper,117,34,636.00,1,16,41
2026-09-09T03:34:10+00:00,366,636.00,636.00,651.00,517.00,508.00,517.00,508.00,2,Upper,117,34,636.00,1,16,41
2026-09-09T03:38:12+00:00,369,636.00,636.00,684.00,517.00,501.00,517.00,501.00,2,Upper,117,34,636.00,1,16,41
2026-09-09T03:42:13+00:00,368,636.00,636.00,684.00,517.00,501.00,517.00,501.00,2,Upper,117,34,636.00,1,16,41
2026-09-09T03:46:15+00:00,368,636.00,636.00,684.00,517.00,501.00,517.00,501.00,2,Upper,117,34,636.00,1,16,41
2026-09-09T03:50:17+00:00,369,636.00,636.00,684.00,517.00,501.00,517.00,501.00,2,Upper,117,34,636.00,1,16,41
2026-09-09T03:54:18+00:00,366,636.00,636.00,651.00,517.00,508.00,517.00,508.00,2,Upper,117,34,636.00,1,16,41
2026-09-09T03:58:19+00:00,369,636.00,636.00,651.00,517.00,508.00,517.00,508.00,2,Upper,117,34,636.00,1,16,41
2026-09-09T04:02:20+00:00,369,636.00,636.00,651.00,517.00,508.00,517.00,508.00,2,Upper,117,34,636.00,1,16,41
2026-09-09T04:06:22+00:00,368,636.00,636.00,684.00,517.00,501.00,517.00,501.00,2,Upper,117,34,636.00,1,16,41
2026-09-09T04:10:23+00:00,369,636.00,636.00,684.00,517.00,501.00,517.00,501.00,2,Upper,117,34,636.00,1,16,41
2026-09-09T04:14:24+00:00,368,636.00,636.00,651.00,517.00,502.00,517.00,502.00,2,Upper,117,34,636.00,1,16,41
2026-09-09T04:18:27+00:00,369,636.00,636.00,651.00,517.00,502.00,517.00,502.00,2,Upper,117,34,636.00,1,16,41
2026-09-09T04:22:28+00:00,368,636.00,636.00,651.00,517.00,508.00,517.00,508.00,2,Upper,117,34,636.00,1,16,41
2026-09-09T04:26:29+00:00,370,636.00,636.00,651.00,517.00,508.00,517.00,508.00,2,Upper,117,34,636.00,1,16,41
2026-09-09T04:30:31+00:00,369,636.00,636.00,651.00,517.00,508.00,517.00,508.00,2,Upper,117,34,636.00,1,16,41
2026-09-09T04:34:32+00:00,369,636.00,636.00,684.00,517.00,501.00,517.00,501.00,2,Upper,117,34,636.00,1,16,41
2026-09-09T04:38:33+00:00,371,636.00,636.00,684.00,517.00,501.00,517.00,501.00,2,Upper,117,34,636.00,1,16,41
2026-09-09T04:42:34+00:00,371,636.00,636.00,684.00,517.00,498.00,517.00,498.00,2,Upper,117,34,636.00,1,16,41
2026-09-09T04:46:36+00:00,369,636.00,636.00,684.00,517.00,498.00,517.00,498.00,2,Upper,117,34,636.00,1,16,41
2026-09-09T04:50:38+00:00,364,636.00,636.00,651.00,517.00,502.00,517.00,502.00,2,Upper,117,34,636.00,1,16,41
2026-09-09T04:54:40+00:00,369,636.00,636.00,651.00,517.00,507.00,517.00,507.00,2,Upper,117,34,636.00,1,16,41
2026-09-09T04:58:41+00:00,369,636.00,636.00,651.00,517.00,507.00,517.00,507.00,2,Upper,117,34,636.00,1,16,41
2026-09-09T05:02:42+00:00,369,636.00,636.00,651.00,517.00,507.00,517.00,507.00,2,Upper,117,34,636.00,1,16,41
2026-09-09T05:06:44+00:00,366,636.00,636.00,651.00,517.00,507.00,517.00,507.00,2,Upper,117,34,636.00,1,16,41
2026-09-09T05:10:45+00:00,366,636.00,636.00,684.00,517.00,498.00,517.00,498.00,2,Upper,117,34,636.00,1,16,41
2026-09-09T05:14:46+00:00,365,636.00,636.00,684.00,517.00,498.00,517.00,498.00,2,Upper,117,34,636.00,1,16,41
2026-09-09T05:18:48+00:00,365,636.00,636.00,651.00,517.00,501.00,517.00,501.00,2,Upper,117,34,636.00,1,16,41
2026-09-09T05:22:50+00:00,365,636.00,636.00,651.00,517.00,507.00,517.00,507.00,2,Upper,117,34,636.00,1,16,41
2026-09-09T05:26:52+00:00,364,636.00,636.00,684.00,517.00,501.00,517.00,501.00,2,Upper,117,34,636.00,1,16,41
2026-09-09T05:30:53+00:00,366,636.00,636.00,651.00,517.00,501.00,517.00,501.00,2,Upper,117,34,636.00,1,16,41
2026-09-09T05:34:54+00:00,366,636.00,636.00,651.00,517.00,509.00,517.00,509.00,2,Upper,117,34,636.00,1,16,41
2026-09-09T05:38:56+00:00,368,636.00,636.00,651.00,517.00,509.00,517.00,509.00,2,Upper,117,34,636.00,1,16,41
2026-09-09T05:42:57+00:00,366,636.00,636.00,651.00,517.00,507.00,517.00,507.00,2,Upper,117,34,636.00,1,16,41
2026-09-09T05:46:58+00:00,365,636.00,636.00,651.00,517.00,507.00,517.00,507.00,2,Upper,117,34,636.00,1,16,41
2026-09-09T05:50:59+00:00,365,636.00,636.00,651.00,517.00,507.00,517.00,507.00,2,Upper,117,34,636.00,1,16,41
2026-09-09T05:55:02+00:00,367,636.00,640.00,651.00,517.00,510.00,517.00,510.00,2,Upper,122,26,636.00,1,16,41
2026-09-09T05:59:03+00:00,366,636.00,640.00,651.00,517.00,510.00,517.00,510.00,2,Upper,122,26,636.00,1,16,41
2026-09-09T06:03:05+00:00,367,636.00,636.00,651.00,517.00,507.00,517.00,507.00,2,Upper,117,34,636.00,1,16,41
2026-09-09T06:07:06+00:00,363,636.00,636.00,651.00,517.00,507.00,517.00,507.00,2,Upper,117,34,636.00,1,16,41
2026-09-09T06:11:07+00:00,366,636.00,636.00,651.00,517.00,507.00,517.00,507.00,2,Upper,117,34,636.00,1,16,41
2026-09-09T06:15:09+00:00,366,636.00,636.00,651.00,517.00,507.00,517.00,507.00,2,Upper,117,34,636.00,1,16,41
2026-09-09T06:19:10+00:00,359,636.00,636.00,639.00,517.00,507.00,517.00,507.00,2,Upper,117,34,636.00,1,16,41
2026-09-09T06:23:11+00:00,357,636.00,636.00,639.00,517.00,507.00,517.00,507.00,2,Upper,117,34,636.00,1,16,41
2026-09-09T06:27:14+00:00,356,636.00,636.00,663.00,517.00,489.00,517.00,489.00,2,Upper,117,34,636.00,1,16,41
2026-09-09T06:31:15+00:00,356,636.00,636.00,639.00,517.00,489.00,517.00,489.00,2,Upper,117,34,636.00,1,16,41
2026-09-09T06:35:16+00:00,355,636.00,636.00,639.00,517.00,489.00,517.00,489.00,2,Upper,117,34,636.00,1,16,41
2026-09-09T06:39:17+00:00,357,636.00,636.00,663.00,517.00,492.00,517.00,492.00,2,Upper,117,34,636.00,1,16,41
2026-09-09T06:43:19+00:00,357,636.00,636.00,663.00,517.00,492.00,517.00,492.00,2,Upper,117,34,636.00,1,16,41
2026-09-09T06:47:20+00:00,356,636.00,636.00,663.00,517.00,492.00,517.00,492.00,2,Upper,117,34,636.00,1,16,41
2026-09-09T06:51:22+00:00,357,636.00,636.00,663.00,517.00,492.00,517.00,492.00,2,Upper,117,34,636.00,1,16,41
2026-09-09T06:55:23+00:00,356,636.00,636.00,663.00,517.00,492.00,517.00,492.00,2,Upper,117,34,636.00,1,16,41
2026-09-09T06:59:25+00:00,357,636.00,636.00,663.00,517.00,489.00,517.00,489.00,2,Upper,117,34,636.00,1,16,41
2026-09-09T07:03:27+00:00,355,636.00,636.00,663.00,517.00,489.00,517.00,489.00,2,Upper,117,34,636.00,1,16,41
2026-09-09T07:07:28+00:00,357,636.00,636.00,663.00,517.00,489.00,517.00,489.00,2,Upper,117,34,636.00,1,16,41
2026-09-09T07:11:41+00:00,355,636.00,636.00,663.00,517.00,489.00,517.00,489.00,2,Upper,117,34,636.00,1,16,41
2026-09-09T07:15:43+00:00,360,636.00,636.00,639.00,517.00,483.00,517.00,483.00,2,Upper,117,34,636.00,1,16,41
2026-09-09T07:19:44+00:00,358,636.00,636.00,639.00,517.00,483.00,517.00,483.00,2,Upper,117,34,636.00,1,16,41
2026-09-09T07:23:46+00:00,354,636.00,636.00,663.00,517.00,487.00,517.00,487.00,2,Upper,117,34,636.00,1,16,41
2026-09-09T07:27:47+00:00,354,636.00,636.00,663.00,517.00,487.00,517.00,487.00,2,Upper,117,34,636.00,1,16,41
2026-09-09T07:31:49+00:00,356,636.00,636.00,639.00,517.00,479.00,517.00,479.00,2,Upper,117,34,636.00,1,16,41
2026-09-09T07:35:50+00:00,359,636.00,636.00,639.00,517.00,482.00,517.00,482.00,2,Upper,117,34,636.00,1,16,41
2026-09-09T07:39:52+00:00,357,636.00,636.00,639.00,517.00,482.00,517.00,482.00,2,Upper,117,34,636.00,1,16,41
2026-09-09T07:43:55+00:00,356,636.00,636.00,639.00,517.00,479.00,517.00,479.00,2,Upper,117,34,636.00,1,16,41
2026-09-09T07:47:57+00:00,353,636.00,636.00,639.00,517.00,479.00,517.00,479.00,2,Upper,117,34,636.00,1,16,41
2026-09-09T07:51:58+00:00,355,636.00,636.00,639.00,517.00,479.00,517.00,479.00,2,Upper,117,34,636.00,1,16,41
2026-09-09T07:55:59+00:00,353,636.00,636.00,639.00,517.00,479.00,517.00,479.00,2,Upper,117,34,636.00,1,16,41
2026-09-09T08:00:01+00:00,355,636.00,636.00,639.00,517.00,479.00,517.00,479.00,2,Upper,117,34,636.00,1,16,41
2026-09-09T08:04:03+00:00,353,636.00,636.00,639.00,517.00,479.00,517.00,479.00,2,Upper,117,34,636.00,1,16,41
2026-09-09T08:08:04+00:00,353,636.00,636.00,639.00,517.00,479.00,517.00,479.00,2,Upper,117,34,636.00,1,16,41
2026-09-09T08:12:05+00:00,355,636.00,636.00,639.00,517.00,479.00,517.00,479.00,2,Upper,117,34,636.00,1,16,41
2026-09-09T08:16:09+00:00,355,636.00,636.00,639.00,517.00,479.00,517.00,479.00,2,Upper,117,34,636.00,1,16,41
2026-09-09T08:20:10+00:00,351,636.00,636.00,663.00,517.00,487.00,517.00,487.00,2,Upper,117,34,636.00,1,16,41
2026-09-09T08:24:12+00:00,353,636.00,636.00,663.00,517.00,487.00,517.00,487.00,2,Upper,117,34,636.00,1,16,41
2026-09-09T08:28:13+00:00,353,636.00,636.00,639.00,517.00,483.00,517.00,483.00,2,Upper,117,34,636.00,1,16,41
2026-09-09T08:32:14+00:00,355,636.00,636.00,639.00,517.00,483.00,517.00,483.00,2,Upper,117,34,636.00,1,16,41
2026-09-09T08:36:16+00:00,353,636.00,636.00,663.00,517.00,491.00,517.00,491.00,2,Upper,117,34,636.00,1,16,41
2026-09-09T08:40:17+00:00,352,636.00,636.00,663.00,517.00,491.00,517.00,491.00,2,Upper,117,34,636.00,1,16,41
2026-09-09T08:44:19+00:00,355,636.00,636.00,663.00,517.00,493.00,517.00,493.00,2,Upper,117,34,636.00,1,16,41
2026-09-09T08:48:22+00:00,353,636.00,636.00,663.00,517.00,493.00,517.00,493.00,2,Upper,117,34,636.00,1,16,41
2026-09-09T08:52:23+00:00,355,636.00,636.00,663.00,517.00,493.00,517.00,493.00,2,Upper,117,34,636.00,1,16,41
2026-09-09T08:56:25+00:00,355,636.00,636.00,639.00,517.00,487.00,517.00,487.00,2,Upper,117,34,636.00,1,16,41
2026-09-09T09:00:26+00:00,354,636.00,636.00,639.00,517.00,487.00,517.00,487.00,2,Upper,117,34,636.00,1,16,41
2026-09-09T09:04:28+00:00,353,636.00,636.00,639.00,517.00,482.00,517.00,482.00,2,Upper,117,34,636.00,1,16,41
2026-09-09T09:08:29+00:00,357,636.00,636.00,639.00,517.00,487.00,517.00,487.00,2,Upper,117,34,636.00,1,16,41
2026-09-09T09:12:31+00:00,356,636.00,636.00,639.00,517.00,487.00,517.00,487.00,2,Upper,117,34,636.00,1,16,41
2026-09-09T09:16:32+00:00,354,636.00,636.00,639.00,517.00,487.00,517.00,487.00,2,Upper,117,34,636.00,1,16,41
2026-09-09T09:20:35+00:00,355,636.00,636.00,663.00,517.00,487.00,517.00,487.00,2,Upper,117,34,636.00,1,16,41
2026-09-09T09:24:37+00:00,355,636.00,636.00,663.00,517.00,487.00,517.00,487.00,2,Upper,117,34,636.00,1,16,41
2026-09-09T09:28:38+00:00,353,636.00,636.00,663.00,517.00,487.00,517.00,487.00,2,Upper,117,34,636.00,1,16,41
2026-09-09T09:32:40+00:00,355,636.00,636.00,663.00,517.00,487.00,517.00,487.00,2,Upper,117,34,636.00,1,16,41
2026-09-09T09:36:41+00:00,354,636.00,636.00,639.00,517.00,487.00,517.00,487.00,2,Upper,117,34,636.00,1,16,41
2026-09-09T09:40:43+00:00,356,636.00,636.00,639.00,517.00,487.00,517.00,487.00,2,Upper,117,34,636.00,1,16,41
2026-09-09T09:44:44+00:00,354,636.00,636.00,639.00,517.00,487.00,517.00,487.00,2,Upper,117,34,636.00,1,16,41
2026-09-09T09:48:46+00:00,353,636.00,636.00,663.00,517.00,487.00,517.00,487.00,2,Upper,117,34,636.00,1,16,41
2026-09-09T09:52:49+00:00,355,636.00,636.00,663.00,517.00,487.00,517.00,487.00,2,Upper,117,34,636.00,1,16,41
2026-09-09T09:56:50+00:00,356,636.00,636.00,639.00,517.00,487.00,517.00,487.00,2,Upper,117,34,636.00,1,16,41
2026-09-09T10:00:52+00:00,354,636.00,636.00,639.00,517.00,487.00,517.00,487.00,2,Upper,117,34,636.00,1,16,41
2026-09-09T10:04:54+00:00,353,636.00,636.00,663.00,517.00,487.00,517.00,487.00,2,Upper,117,34,636.00,1,16,41
2026-09-09T10:08:55+00:00,354,636.00,636.00,663.00,517.00,491.00,517.00,491.00,2,Upper,117,34,636.00,1,16,41
2026-09-09T10:12:56+00:00,353,636.00,636.00,663.00,517.00,493.00,517.00,493.00,2,Upper,117,34,636.00,1,16,41
2026-09-09T10:16:58+00:00,356,636.00,636.00,663.00,517.00,493.00,517.00,493.00,2,Upper,117,34,636.00,1,16,41
2026-09-09T10:20:59+00:00,353,636.00,636.00,663.00,517.00,493.00,517.00,493.00,2,Upper,117,34,636.00,1,16,41
2026-09-09T10:25:03+00:00,356,636.00,636.00,663.00,517.00,493.00,517.00,493.00,2,Upper,117,34,636.00,1,16,41
2026-09-09T10:29:04+00:00,356,636.00,636.00,639.00,517.00,487.00,517.00,487.00,2,Upper,117,34,636.00,1,16,41
2026-09-09T10:33:06+00:00,353,636.00,636.00,639.00,517.00,487.00,517.00,487.00,2,Upper,117,34,636.00,1,16,41
2026-09-09T10:37:07+00:00,352,636.00,636.00,663.00,517.00,493.00,517.00,493.00,2,Upper,117,34,636.00,1,16,41
2026-09-09T10:41:08+00:00,355,636.00,636.00,663.00,517.00,493.00,517.00,493.00,2,Upper,117,34,636.00,1,16,41
2026-09-09T10:45:10+00:00,350,636.00,636.00,663.00,517.00,493.00,517.00,493.00,2,Upper,117,34,636.00,1,16,41
2026-09-09T10:49:11+00:00,356,636.00,636.00,663.00,517.00,493.00,517.00,493.00,2,Upper,117,34,636.00,1,16,41
2026-09-09T10:53:13+00:00,354,636.00,636.00,663.00,517.00,493.00,517.00,493.00,2,Upper,117,34,636.00,1,16,41
2026-09-09T10:57:16+00:00,355,636.00,636.00,662.00,517.00,495.00,517.00,495.00,2,Upper,117,34,636.00,1,16,41
2026-09-09T11:01:17+00:00,355,636.00,636.00,662.00,517.00,495.00,517.00,495.00,2,Upper,117,34,636.00,1,16,41
2026-09-09T11:05:19+00:00,351,636.00,636.00,663.00,517.00,493.00,517.00,493.00,2,Upper,117,34,636.00,1,16,41
2026-09-09T11:09:21+00:00,355,636.00,636.00,662.00,517.00,495.00,517.00,495.00,2,Upper,117,34,636.00,1,16,41
2026-09-09T11:13:22+00:00,358,636.00,636.00,663.00,517.00,493.00,517.00,493.00,2,Upper,117,34,636.00,1,16,41
2026-09-09T11:17:24+00:00,358,636.00,636.00,663.00,517.00,493.00,517.00,493.00,2,Upper,117,34,636.00,1,16,41
2026-09-09T11:21:25+00:00,357,636.00,636.00,663.00,517.00,492.00,517.00,492.00,2,Upper,117,34,636.00,1,16,41
2026-09-09T11:25:27+00:00,357,636.00,636.00,663.00,517.00,492.00,517.00,492.00,2,Upper,117,34,636.00,1,16,41
2026-09-09T11:29:30+00:00,356,636.00,636.00,663.00,517.00,491.00,517.00,491.00,2,Upper,117,34,636.00,1,16,41
2026-09-09T11:33:32+00:00,357,636.00,636.00,662.00,517.00,493.00,517.00,493.00,2,Upper,117,34,636.00,1,16,41
2026-09-09T11:37:33+00:00,357,636.00,636.00,662.00,517.00,493.00,517.00,493.00,2,Upper,117,34,636.00,1,16,41
2026-09-09T11:41:34+00:00,356,636.00,636.00,663.00,517.00,492.00,517.00,492.00,2,Upper,117,34,636.00,1,16,41
2026-09-09T11:45:36+00:00,356,636.00,636.00,663.00,517.00,492.00,517.00,492.00,2,Upper,117,34,636.00,1,16,41
2026-09-09T11:49:37+00:00,356,636.00,636.00,663.00,517.00,486.00,517.00,486.00,2,Upper,117,34,636.00,1,16,41
2026-09-09T11:53:39+00:00,357,636.00,636.00,639.00,517.00,486.00,517.00,486.00,2,Upper,117,34,636.00,1,16,41
2026-09-09T11:57:40+00:00,356,636.00,636.00,663.00,517.00,486.00,517.00,486.00,2,Upper,117,34,636.00,1,16,41
2026-09-09T12:01:43+00:00,357,636.00,636.00,639.00,517.00,486.00,517.00,486.00,2,Upper,117,34,636.00,1,16,41
2026-09-09T12:05:45+00:00,353,636.00,636.00,663.00,517.00,486.00,517.00,486.00,2,Upper,117,34,636.00,1,16,41
2026-09-09T12:09:46+00:00,358,636.00,636.00,642.00,517.00,495.00,517.00,495.00,2,Upper,117,34,636.00,1,16,41
2026-09-09T12:13:59+00:00,356,636.00,636.00,642.00,517.00,494.00,517.00,494.00,2,Upper,117,34,636.00,1,16,41
2026-09-09T12:18:01+00:00,356,636.00,636.00,642.00,517.00,494.00,517.00,494.00,2,Upper,117,34,636.00,1,16,41
2026-09-09T12:22:02+00:00,356,636.00,636.00,642.00,517.00,494.00,517.00,494.00,2,Upper,117,34,636.00,1,16,41
2026-09-09T12:26:03+00:00,356,636.00,636.00,642.00,517.00,494.00,517.00,494.00,2,Upper,117,34,636.00,1,16,41
2026-09-09T12:30:04+00:00,356,636.00,636.00,642.00,517.00,493.00,517.00,493.00,2,Upper,117,34,636.00,1,16,41
2026-09-09T12:34:06+00:00,355,636.00,636.00,642.00,517.00,493.00,517.00,493.00,2,Upper,117,34,636.00,1,16,41
2026-09-09T12:38:07+00:00,355,636.00,636.00,642.00,517.00,493.00,517.00,493.00,2,Upper,117,34,636.00,1,16,41
2026-09-09T12:42:09+00:00,355,636.00,636.00,642.00,517.00,493.00,517.00,493.00,2,Upper,117,34,636.00,1,16,41
2026-09-09T12:46:12+00:00,357,636.00,636.00,665.00,517.00,493.00,517.00,493.00,2,Upper,117,34,636.00,1,16,41
2026-09-09T12:50:13+00:00,364,636.00,636.00,665.00,517.00,493.00,517.00,493.00,2,Upper,117,34,636.00,1,16,41
2026-09-09T12:54:15+00:00,362,636.00,636.00,665.00,517.00,491.00,517.00,491.00,2,Upper,117,34,636.00,1,16,41
2026-09-09T12:58:16+00:00,360,636.00,636.00,665.00,517.00,491.00,517.00,491.00,2,Upper,117,34,636.00,1,16,41
2026-09-09T13:02:17+00:00,360,636.00,636.00,665.00,517.00,492.00,517.00,492.00,2,Upper,117,34,636.00,1,16,41
2026-09-09T13:06:19+00:00,362,636.00,636.00,665.00,517.00,492.00,517.00,492.00,2,Upper,117,34,636.00,1,16,41
2026-09-09T13:10:20+00:00,362,636.00,636.00,665.00,517.00,491.00,517.00,491.00,2,Upper,117,34,636.00,1,16,41
2026-09-09T13:14:21+00:00,360,636.00,636.00,665.00,517.00,492.00,517.00,492.00,2,Upper,117,34,636.00,1,16,41
2026-09-09T13:18:24+00:00,360,636.00,636.00,665.00,517.00,492.00,517.00,492.00,2,Upper,117,34,636.00,1,16,41
2026-09-09T13:22:25+00:00,362,636.00,636.00,665.00,517.00,491.00,517.00,491.00,2,Upper,117,34,636.00,1,16,41
2026-09-09T13:26:27+00:00,360,636.00,636.00,665.00,517.00,491.00,517.00,491.00,2,Upper,117,34,636.00,1,16,41
2026-09-09T13:30:28+00:00,362,636.00,636.00,665.00,517.00,492.00,517.00,492.00,2,Upper,117,34,636.00,1,16,41
2026-09-09T13:34:30+00:00,362,636.00,636.00,665.00,517.00,492.00,517.00,492.00,2,Upper,117,34,636.00,1,16,41
2026-09-09T13:38:31+00:00,362,636.00,636.00,665.00,517.00,491.00,517.00,491.00,2,Upper,117,34,636.00,1,16,41
2026-09-09T13:42:32+00:00,360,636.00,636.00,665.00,517.00,491.00,517.00,491.00,2,Upper,117,34,636.00,1,16,41
2026-09-09T13:46:34+00:00,362,636.00,636.00,665.00,517.00,491.00,517.00,491.00,2,Upper,117,34,636.00,1,16,41
2026-09-09T13:50:36+00:00,359,636.00,636.00,663.00,517.00,489.00,517.00,489.00,2,Upper,117,34,636.00,1,16,41
2026-09-09T13:54:38+00:00,360,636.00,636.00,663.00,517.00,489.00,517.00,489.00,2,Upper,117,34,636.00,1,16,41
2026-09-09T13:58:39+00:00,359,636.00,636.00,661.00,517.00,491.00,517.00,491.00,2,Upper,117,34,636.00,1,16,41
2026-09-09T14:02:40+00:00,360,636.00,636.00,661.00,517.00,491.00,517.00,491.00,2,Upper,117,34,636.00,1,16,41
2026-09-09T14:06:42+00:00,360,636.00,636.00,661.00,517.00,491.00,517.00,491.00,2,Upper,117,34,636.00,1,16,41
2026-09-09T14:10:43+00:00,358,636.00,636.00,661.00,517.00,491.00,517.00,491.00,2,Upper,117,34,636.00,1,16,41
2026-09-09T14:14:44+00:00,358,636.00,636.00,661.00,517.00,490.00,517.00,490.00,2,Upper,117,34,636.00,1,16,41
2026-09-09T14:18:46+00:00,358,636.00,636.00,661.00,517.00,491.00,517.00,491.00,2,Upper,117,34,636.00,1,16,41
2026-09-09T14:22:49+00:00,358,636.00,636.00,661.00,517.00,491.00,517.00,491.00,2,Upper,117,34,636.00,1,16,41
2026-09-09T14:26:50+00:00,359,636.00,636.00,661.00,517.00,491.00,517.00,491.00,2,Upper,117,34,636.00,1,16,41
2026-09-09T14:30:52+00:00,363,636.00,636.00,639.00,517.00,471.00,517.00,471.00,2,Upper,117,34,636.00,1,16,41
2026-09-09T14:34:53+00:00,362,636.00,636.00,639.00,517.00,471.00,517.00,471.00,2,Upper,117,34,636.00,1,16,41
2026-09-09T14:38:54+00:00,363,636.00,636.00,639.00,517.00,472.00,517.00,472.00,2,Upper,117,34,636.00,1,16,41
2026-09-09T14:42:55+00:00,362,636.00,636.00,639.00,517.00,472.00,517.00,472.00,2,Upper,117,34,636.00,1,16,41
2026-09-09T14:46:57+00:00,363,636.00,636.00,639.00,517.00,472.00,517.00,472.00,2,Upper,117,34,636.00,1,16,41
2026-09-09T14:50:58+00:00,362,636.00,636.00,639.00,517.00,472.00,517.00,472.00,2,Upper,117,34,636.00,1,16,41
2026-09-09T14:55:01+00:00,363,636.00,636.00,639.00,517.00,472.00,517.00,472.00,2,Upper,117,34,636.00,1,16,41
2026-09-09T14:59:02+00:00,364,636.00,636.00,660.00,517.00,502.00,517.00,502.00,2,Upper,117,34,636.00,1,16,41
2026-09-09T15:03:04+00:00,364,636.00,636.00,660.00,517.00,502.00,517.00,502.00,2,Upper,117,34,636.00,1,16,41
2026-09-09T15:07:05+00:00,364,636.00,636.00,661.00,517.00,501.00,517.00,501.00,2,Upper,117,34,636.00,1,16,41
2026-09-09T15:11:07+00:00,364,636.00,636.00,661.00,517.00,501.00,517.00,501.00,2,Upper,117,34,636.00,1,16,41
2026-09-09T15:15:08+00:00,361,636.00,636.00,636.00,517.00,505.00,517.00,505.00,2,Upper,117,34,636.00,1,16,41
2026-09-09T15:19:09+00:00,361,636.00,636.00,636.00,517.00,509.00,517.00,509.00,2,Upper,117,34,636.00,1,16,41
2026-09-09T15:23:10+00:00,364,636.00,636.00,636.00,517.00,509.00,517.00,509.00,2,Upper,117,34,636.00,1,16,41
2026-09-09T15:27:13+00:00,364,636.00,636.00,636.00,517.00,509.00,517.00,509.00,2,Upper,117,34,636.00,1,16,41
2026-09-09T15:31:15+00:00,363,636.00,636.00,636.00,517.00,509.00,517.00,509.00,2,Upper,117,34,636.00,1,16,41
2026-09-09T15:35:16+00:00,362,636.00,636.00,637.00,517.00,505.00,517.00,505.00,2,Upper,117,34,636.00,1,16,41
2026-09-09T15:39:17+00:00,361,636.00,636.00,637.00,517.00,505.00,517.00,505.00,2,Upper,117,34,636.00,1,16,41
2026-09-09T15:43:18+00:00,371,636.00,636.00,636.00,517.00,506.00,517.00,506.00,2,Upper,117,34,636.00,1,16,41
2026-09-09T15:47:20+00:00,368,636.00,635.00,635.00,517.00,508.00,517.00,508.00,2,Upper,117,34,635.00,2,35,41
2026-09-09T15:51:21+00:00,369,636.00,635.00,635.00,517.00,508.00,517.00,508.00,2,Upper,117,34,635.00,2,35,41
2026-09-09T15:55:22+00:00,367,636.00,636.00,636.00,517.00,508.00,517.00,508.00,2,Upper,117,34,636.00,1,16,41
2026-09-09T15:59:25+00:00,370,636.00,636.00,636.00,517.00,508.00,517.00,508.00,2,Upper,117,34,636.00,1,16,41
2026-09-09T16:03:27+00:00,369,636.00,635.00,635.00,517.00,508.00,517.00,508.00,2,Upper,117,34,635.00,2,35,41
2026-09-09T16:07:28+00:00,367,636.00,635.00,635.00,517.00,508.00,517.00,508.00,2,Upper,117,34,635.00,2,35,41
2026-09-09T16:11:30+00:00,367,636.00,635.00,635.00,517.00,508.00,517.00,508.00,2,Upper,117,34,635.00,2,35,41
2026-09-09T16:15:31+00:00,367,636.00,635.00,635.00,517.00,507.00,517.00,507.00,2,Upper,117,34,635.00,2,35,41
2026-09-09T16:19:33+00:00,367,636.00,635.00,635.00,517.00,507.00,517.00,507.00,2,Upper,117,34,635.00,2,35,41
2026-09-09T16:23:34+00:00,367,636.00,635.00,635.00,517.00,507.00,517.00,507.00,2,Upper,117,34,635.00,2,35,41
2026-09-09T16:27:35+00:00,369,636.00,635.00,635.00,517.00,507.00,517.00,507.00,2,Upper,117,34,635.00,2,35,41
2026-09-09T16:31:38+00:00,368,636.00,636.00,636.00,517.00,507.00,517.00,507.00,2,Upper,117,34,636.00,1,16,41
2026-09-09T16:35:40+00:00,369,636.00,636.00,636.00,517.00,507.00,517.00,507.00,2,Upper,117,34,636.00,1,16,41
2026-09-09T16:39:41+00:00,370,636.00,636.00,636.00,517.00,513.00,517.00,513.00,2,Upper,117,34,636.00,1,16,41
2026-09-09T16:43:43+00:00,369,636.00,636.00,636.00,517.00,513.00,517.00,513.00,2,Upper,117,34,636.00,1,16,41
2026-09-09T16:47:44+00:00,370,636.00,636.00,636.00,517.00,513.00,517.00,513.00,2,Upper,117,34,636.00,1,16,41
2026-09-09T16:51:45+00:00,366,636.00,633.00,633.00,517.00,512.00,517.00,512.00,2,Upper,117,34,633.00,2,35,41
2026-09-09T16:55:47+00:00,369,636.00,633.00,633.00,517.00,512.00,517.00,512.00,2,Upper,117,34,633.00,2,35,41
2026-09-09T16:59:48+00:00,369,636.00,635.00,635.00,517.00,510.00,517.00,510.00,2,Upper,117,34,635.00,2,35,41
2026-09-09T17:03:51+00:00,369,636.00,635.00,635.00,517.00,510.00,517.00,510.00,2,Upper,117,34,635.00,2,35,41
2026-09-09T17:07:52+00:00,370,636.00,633.00,633.00,517.00,512.00,517.00,512.00,2,Upper,117,34,633.00,2,35,41
2026-09-09T17:11:54+00:00,368,636.00,635.00,635.00,517.00,507.00,517.00,507.00,2,Upper,117,34,635.00,2,35,41
2026-09-09T17:16:06+00:00,370,636.00,635.00,635.00,517.00,507.00,517.00,507.00,2,Upper,117,34,635.00,2,35,41
2026-09-09T17:20:07+00:00,368,633.00,633.00,659.00,517.00,505.00,517.00,505.00,2,Upper,117,34,633.00,1,33,34
2026-09-09T17:24:09+00:00,368,633.00,633.00,659.00,517.00,505.00,517.00,505.00,2,Upper,117,34,633.00,1,33,34
2026-09-09T17:28:10+00:00,367,633.00,633.00,659.00,517.00,505.00,517.00,505.00,2,Upper,117,34,633.00,1,33,34
2026-09-09T17:32:11+00:00,367,633.00,633.00,659.00,517.00,505.00,517.00,505.00,2,Upper,117,34,633.00,1,33,34
2026-09-09T17:36:13+00:00,365,633.00,633.00,633.00,517.00,506.00,517.00,506.00,2,Upper,117,34,633.00,1,33,34
2026-09-09T17:40:14+00:00,365,633.00,633.00,679.00,517.00,506.00,517.00,506.00,2,Upper,117,34,633.00,1,33,34
2026-09-09T17:44:15+00:00,365,635.00,635.00,679.00,517.00,505.00,517.00,505.00,2,Upper,117,34,635.00,1,33,34
2026-09-09T17:48:18+00:00,367,633.00,633.00,633.00,517.00,521.00,517.00,517.00,1,Upper,121,34,633.00,1,33,34
2026-09-09T17:52:20+00:00,367,633.00,633.00,633.00,517.00,521.00,517.00,517.00,1,Upper,121,34,633.00,1,33,34
2026-09-09T17:56:21+00:00,367,633.00,633.00,633.00,517.00,521.00,517.00,517.00,1,Upper,121,34,633.00,1,33,34
2026-09-09T18:00:22+00:00,368,636.00,633.00,633.00,517.00,521.00,517.00,517.00,1,Upper,121,34,633.00,2,35,41
2026-09-09T18:04:24+00:00,365,636.00,633.00,633.00,517.00,521.00,517.00,517.00,1,Upper,121,34,633.00,2,35,41
2026-09-09T18:08:26+00:00,366,636.00,633.00,633.00,517.00,521.00,517.00,517.00,1,Upper,121,34,633.00,2,35,41
2026-09-09T18:12:27+00:00,366,636.00,633.00,633.00,517.00,521.00,517.00,517.00,1,Upper,121,34,633.00,2,35,41
2026-09-09T18:16:28+00:00,365,636.00,633.00,633.00,517.00,520.00,517.00,517.00,1,Upper,121,34,633.00,2,35,41
2026-09-09T18:20:31+00:00,366,636.00,633.00,633.00,517.00,520.00,517.00,517.00,1,Upper,121,34,633.00,2,35,41
2026-09-09T18:24:33+00:00,365,636.00,633.00,633.00,517.00,520.00,517.00,517.00,1,Upper,121,34,633.00,2,35,41
2026-09-09T18:28:34+00:00,366,636.00,633.00,633.00,517.00,520.00,517.00,517.00,1,Upper,121,34,633.00,2,35,41
2026-09-09T18:32:36+00:00,366,636.00,633.00,633.00,517.00,520.00,517.00,517.00,1,Upper,121,34,633.00,2,35,41
2026-09-09T18:36:37+00:00,367,636.00,633.00,633.00,517.00,516.00,517.00,516.00,2,Upper,117,34,633.00,2,35,41
2026-09-09T18:40:39+00:00,365,636.00,633.00,633.00,517.00,516.00,517.00,516.00,2,Upper,117,34,633.00,2,35,41
2026-09-09T18:44:40+00:00,366,636.00,633.00,633.00,517.00,516.00,517.00,516.00,2,Upper,117,34,633.00,2,35,41
2026-09-09T18:48:41+00:00,366,636.00,633.00,633.00,517.00,516.00,517.00,516.00,2,Upper,117,34,633.00,2,35,41
2026-09-09T18:52:44+00:00,365,636.00,633.00,633.00,517.00,516.00,517.00,516.00,2,Upper,117,34,633.00,2,35,41
2026-09-09T18:56:46+00:00,366,636.00,633.00,633.00,517.00,516.00,517.00,516.00,2,Upper,117,34,633.00,2,35,41
2026-09-09T19:00:47+00:00,365,636.00,633.00,633.00,517.00,516.00,517.00,516.00,2,Upper,117,34,633.00,2,35,41
2026-09-09T19:04:48+00:00,366,636.00,633.00,633.00,517.00,516.00,517.00,516.00,2,Upper,117,34,633.00,2,35,41
2026-09-09T19:08:50+00:00,366,636.00,633.00,633.00,517.00,516.00,517.00,516.00,2,Upper,117,34,633.00,2,35,41
2026-09-09T19:12:51+00:00,366,636.00,633.00,633.00,517.00,517.00,517.00,517.00,1,Upper,121,34,633.00,2,35,41
2026-09-09T19:16:53+00:00,366,636.00,633.00,633.00,517.00,513.00,517.00,513.00,2,Upper,117,34,633.00,2,35,41
2026-09-09T19:20:56+00:00,365,636.00,633.00,633.00,517.00,513.00,517.00,513.00,2,Upper,117,34,633.00,2,35,41
2026-09-09T19:24:59+00:00,367,636.00,633.00,633.00,517.00,517.00,517.00,517.00,1,Upper,121,34,633.00,2,35,41
2026-09-09T19:29:01+00:00,365,636.00,633.00,633.00,517.00,513.00,517.00,513.00,2,Upper,117,34,633.00,2,35,41
2026-09-09T19:33:02+00:00,366,636.00,633.00,633.00,517.00,513.00,517.00,513.00,2,Upper,117,34,633.00,2,35,41
2026-09-09T19:37:04+00:00,365,636.00,633.00,633.00,517.00,514.00,517.00,514.00,2,Upper,117,34,633.00,2,35,41
2026-09-09T19:41:05+00:00,366,636.00,633.00,633.00,517.00,514.00,517.00,514.00,2,Upper,117,34,633.00,2,35,41
2026-09-09T19:45:06+00:00,364,633.00,633.00,633.00,517.00,514.00,517.00,514.00,2,Upper,117,34,633.00,1,33,34
2026-09-09T19:49:08+00:00,364,633.00,633.00,633.00,517.00,514.00,517.00,514.00,2,Upper,117,34,633.00,1,33,34
2026-09-09T19:53:09+00:00,365,636.00,633.00,633.00,517.00,514.00,517.00,514.00,2,Upper,117,34,633.00,2,35,41
2026-09-09T19:57:12+00:00,364,636.00,633.00,633.00,517.00,514.00,517.00,514.00,2,Upper,117,34,633.00,2,35,41
2026-09-09T20:01:14+00:00,367,636.00,633.00,633.00,517.00,514.00,517.00,514.00,2,Upper,117,34,633.00,2,35,41
2026-09-09T20:05:17+00:00,364,636.00,635.00,635.00,517.00,512.00,517.00,512.00,2,Upper,117,34,635.00,2,35,41
2026-09-09T20:09:18+00:00,361,636.00,636.00,636.00,517.00,525.00,517.00,517.00,1,Upper,121,34,636.00,1,16,41
2026-09-09T20:13:21+00:00,361,636.00,636.00,636.00,517.00,525.00,517.00,517.00,1,Upper,121,34,636.00,1,16,41
2026-09-09T20:17:22+00:00,361,633.00,633.00,633.00,517.00,525.00,517.00,517.00,1,Upper,121,34,633.00,1,33,34
2026-09-09T20:21:23+00:00,346,630.00,630.00,679.00,517.00,525.00,517.00,517.00,1,Upper,121,34,630.00,1,33,34
2026-09-09T20:25:24+00:00,347,636.00,630.00,679.00,517.00,525.00,517.00,517.00,1,Upper,121,34,630.00,2,35,41
2026-09-09T20:29:27+00:00,349,636.00,630.00,679.00,517.00,525.00,517.00,517.00,1,Upper,121,34,630.00,2,35,41
2026-09-09T20:33:28+00:00,348,630.00,630.00,630.00,517.00,525.00,517.00,517.00,1,Upper,121,34,630.00,1,33,34
2026-09-09T20:37:29+00:00,350,636.00,632.00,632.00,517.00,525.00,517.00,517.00,1,Upper,121,34,632.00,2,35,41
2026-09-09T20:41:30+00:00,350,636.00,632.00,632.00,517.00,525.00,517.00,517.00,1,Upper,121,34,632.00,2,35,41
2026-09-09T20:45:31+00:00,349,636.00,632.00,632.00,517.00,525.00,517.00,517.00,1,Upper,121,34,632.00,2,35,41
2026-09-09T20:49:33+00:00,350,636.00,632.00,632.00,517.00,525.00,517.00,517.00,1,Upper,121,34,632.00,2,35,41
2026-09-09T20:53:34+00:00,347,636.00,632.00,632.00,517.00,525.00,517.00,517.00,1,Upper,121,34,632.00,2,35,41
2026-09-09T20:57:35+00:00,347,636.00,632.00,632.00,517.00,525.00,517.00,517.00,1,Upper,121,34,632.00,2,35,41
2026-09-09T21:01:38+00:00,347,636.00,632.00,632.00,517.00,525.00,517.00,517.00,1,Upper,121,34,632.00,2,35,41
2026-09-09T21:05:39+00:00,351,636.00,632.00,632.00,517.00,525.00,517.00,517.00,1,Upper,121,34,632.00,2,35,41
2026-09-09T21:09:41+00:00,350,636.00,632.00,632.00,517.00,525.00,517.00,517.00,1,Upper,121,34,632.00,2,35,41
2026-09-09T21:13:42+00:00,350,636.00,632.00,632.00,517.00,525.00,517.00,517.00,1,Upper,121,34,632.00,2,35,41
2026-09-09T21:17:43+00:00,351,636.00,632.00,632.00,517.00,525.00,517.00,517.00,1,Upper,121,34,632.00,2,35,41
2026-09-09T21:21:44+00:00,351,636.00,632.00,632.00,517.00,525.00,517.00,517.00,1,Upper,121,34,632.00,2,35,41
2026-09-09T21:25:45+00:00,351,636.00,632.00,632.00,517.00,525.00,517.00,517.00,1,Upper,121,34,632.00,2,35,41
2026-09-09T21:29:46+00:00,351,636.00,632.00,632.00,517.00,525.00,517.00,517.00,1,Upper,121,34,632.00,2,35,41
2026-09-09T21:33:50+00:00,351,636.00,632.00,632.00,517.00,525.00,517.00,517.00,1,Upper,121,34,632.00,2,35,41
2026-09-09T21:37:51+00:00,351,636.00,632.00,632.00,517.00,525.00,517.00,517.00,1,Upper,121,34,632.00,2,35,41
2026-09-09T21:41:52+00:00,350,636.00,632.00,632.00,517.00,525.00,517.00,517.00,1,Upper,121,34,632.00,2,35,41
2026-09-09T21:45:53+00:00,351,636.00,632.00,632.00,517.00,525.00,517.00,517.00,1,Upper,121,34,632.00,2,35,41
2026-09-09T21:49:54+00:00,350,636.00,632.00,632.00,517.00,525.00,517.00,517.00,1,Upper,121,34,632.00,2,35,41
2026-09-09T21:53:55+00:00,350,636.00,632.00,632.00,517.00,525.00,517.00,517.00,1,Upper,121,34,632.00,2,35,41
2026-09-09T21:57:56+00:00,348,632.00,632.00,632.00,517.00,525.00,517.00,517.00,1,Upper,121,34,632.00,1,33,34
2026-09-09T22:01:57+00:00,348,632.00,632.00,632.00,517.00,525.00,517.00,517.00,1,Upper,121,34,632.00,1,33,34
2026-09-09T22:06:00+00:00,348,632.00,632.00,632.00,517.00,525.00,517.00,517.00,1,Upper,121,34,632.00,1,33,34
2026-09-09T22:10:01+00:00,348,632.00,632.00,632.00,517.00,525.00,517.00,517.00,1,Upper,121,34,632.00,1,33,34
2026-09-09T22:14:02+00:00,348,632.00,632.00,632.00,517.00,525.00,517.00,517.00,1,Upper,121,34,632.00,1,33,34
2026-09-09T22:18:14+00:00,348,632.00,632.00,632.00,517.00,525.00,517.00,517.00,1,Upper,121,34,632.00,1,33,34
2026-09-09T22:22:15+00:00,348,632.00,632.00,632.00,517.00,525.00,517.00,517.00,1,Upper,121,34,632.00,1,33,34
2026-09-09T22:26:16+00:00,348,632.00,632.00,632.00,517.00,525.00,517.00,517.00,1,Upper,121,34,632.00,1,33,34
2026-09-09T22:30:17+00:00,348,632.00,632.00,632.00,517.00,525.00,517.00,517.00,1,Upper,121,34,632.00,1,33,34
2026-09-09T22:34:18+00:00,348,632.00,632.00,632.00,517.00,525.00,517.00,517.00,1,Upper,121,34,632.00,1,33,34
2026-09-09T22:38:19+00:00,348,633.00,633.00,633.00,517.00,525.00,517.00,517.00,1,Upper,121,34,633.00,1,33,34
2026-09-09T22:42:20+00:00,346,636.00,633.00,633.00,517.00,525.00,517.00,517.00,1,Upper,121,34,633.00,2,35,41
2026-09-09T22:46:21+00:00,346,636.00,633.00,633.00,517.00,525.00,517.00,517.00,1,Upper,121,34,633.00,2,35,41
2026-09-09T22:50:23+00:00,347,636.00,633.00,633.00,517.00,525.00,517.00,517.00,1,Upper,121,34,633.00,2,35,41
2026-09-09T22:54:24+00:00,346,636.00,633.00,633.00,517.00,525.00,517.00,517.00,1,Upper,121,34,633.00,2,35,41
2026-09-09T22:58:25+00:00,347,636.00,633.00,633.00,517.00,525.00,517.00,517.00,1,Upper,121,34,633.00,2,35,41
2026-09-09T23:02:26+00:00,352,636.00,633.00,633.00,517.00,525.00,517.00,517.00,1,Upper,121,34,633.00,2,35,41
2026-09-09T23:06:27+00:00,352,636.00,633.00,633.00,517.00,525.00,517.00,517.00,1,Upper,121,34,633.00,2,35,41
2026-09-09T23:10:28+00:00,347,636.00,633.00,633.00,517.00,525.00,517.00,517.00,1,Upper,121,34,633.00,2,35,41
2026-09-09T23:14:29+00:00,347,636.00,633.00,633.00,517.00,525.00,517.00,517.00,1,Upper,121,34,633.00,2,35,41
2026-09-09T23:18:30+00:00,348,636.00,633.00,633.00,517.00,525.00,517.00,517.00,1,Upper,121,34,633.00,2,35,41
2026-09-09T23:22:33+00:00,347,636.00,632.00,632.00,517.00,525.00,517.00,517.00,1,Upper,121,34,632.00,2,35,41
2026-09-09T23:26:34+00:00,348,636.00,632.00,632.00,517.00,525.00,517.00,517.00,1,Upper,121,34,632.00,2,35,41
2026-09-09T23:30:35+00:00,348,636.00,632.00,632.00,517.00,525.00,517.00,517.00,1,Upper,121,34,632.00,2,35,41
2026-09-09T23:34:36+00:00,349,636.00,632.00,632.00,517.00,525.00,517.00,517.00,1,Upper,121,34,632.00,2,35,41
2026-09-09T23:38:37+00:00,347,636.00,632.00,679.00,517.00,525.00,517.00,517.00,1,Upper,121,34,632.00,2,35,41
2026-09-09T23:42:38+00:00,348,636.00,632.00,679.00,517.00,525.00,517.00,517.00,1,Upper,121,34,632.00,2,35,41
2026-09-09T23:46:39+00:00,348,636.00,632.00,679.00,517.00,525.00,517.00,517.00,1,Upper,121,34,632.00,2,35,41
2026-09-09T23:50:40+00:00,351,636.00,632.00,679.00,517.00,525.00,517.00,517.00,1,Upper,121,34,632.00,2,35,41
2026-09-09T23:54:42+00:00,353,636.00,632.00,679.00,517.00,525.00,517.00,517.00,1,Upper,121,34,632.00,2,35,41
2026-09-09T23:58:44+00:00,352,636.00,632.00,679.00,517.00,525.00,517.00,517.00,1,Upper,121,34,632.00,2,35,41
2026-09-10T00:02:45+00:00,355,617.00,632.00,632.00,502.00,509.00,502.00,502.00,1,Upper,121,34,617.00,1,16,41
2026-09-10T00:06:46+00:00,355,617.00,632.00,632.00,502.00,509.00,502.00,502.00,1,Upper,121,34,617.00,1,16,41
2026-09-10T00:10:47+00:00,354,617.00,632.00,632.00,502.00,509.00,502.00,502.00,1,Upper,121,34,617.00,1,16,41
2026-09-10T00:14:48+00:00,356,617.00,632.00,632.00,502.00,509.00,502.00,502.00,1,Upper,121,34,617.00,1,16,41
2026-09-10T00:18:49+00:00,356,617.00,632.00,632.00,502.00,509.00,502.00,502.00,1,Upper,121,34,617.00,1,16,41
2026-09-10T00:22:50+00:00,355,617.00,632.00,632.00,502.00,509.00,502.00,502.00,1,Upper,121,34,617.00,1,16,41
2026-09-10T00:26:53+00:00,358,617.00,632.00,679.00,502.00,509.00,502.00,502.00,1,Upper,121,34,617.00,1,16,41
2026-09-10T00:30:54+00:00,358,617.00,632.00,679.00,502.00,509.00,502.00,502.00,1,Upper,121,34,617.00,1,16,41
2026-09-10T00:34:55+00:00,358,617.00,632.00,679.00,502.00,509.00,502.00,502.00,1,Upper,121,34,617.00,1,16,41
2026-09-10T00:38:56+00:00,356,617.00,632.00,679.00,502.00,509.00,502.00,502.00,1,Upper,121,34,617.00,1,16,41
2026-09-10T00:42:57+00:00,358,617.00,631.00,679.00,502.00,509.00,502.00,502.00,1,Upper,121,34,617.00,1,16,41
2026-09-10T00:46:58+00:00,355,617.00,631.00,679.00,502.00,509.00,502.00,502.00,1,Upper,121,34,617.00,1,16,41
2026-09-10T00:50:59+00:00,353,617.00,631.00,679.00,502.00,509.00,502.00,502.00,1,Upper,121,34,617.00,1,16,41
2026-09-10T00:55:00+00:00,353,617.00,631.00,679.00,502.00,509.00,502.00,502.00,1,Upper,121,34,617.00,1,16,41
2026-09-10T00:59:02+00:00,355,617.00,631.00,679.00,502.00,509.00,502.00,502.00,1,Upper,121,34,617.00,1,16,41
2026-09-10T01:03:04+00:00,355,617.00,632.00,679.00,502.00,509.00,502.00,502.00,1,Upper,121,34,617.00,1,16,41
2026-09-10T01:07:05+00:00,354,617.00,632.00,679.00,502.00,509.00,502.00,502.00,1,Upper,121,34,617.00,1,16,41
2026-09-10T01:11:06+00:00,354,617.00,632.00,679.00,502.00,509.00,502.00,502.00,1,Upper,121,34,617.00,1,16,41
2026-09-10T01:15:07+00:00,355,617.00,632.00,679.00,502.00,509.00,502.00,502.00,1,Upper,121,34,617.00,1,16,41
2026-09-10T01:19:08+00:00,352,617.00,632.00,679.00,502.00,509.00,502.00,502.00,1,Upper,121,34,617.00,1,16,41
2026-09-10T01:23:09+00:00,350,617.00,632.00,679.00,502.00,509.00,502.00,502.00,1,Upper,121,34,617.00,1,16,41
2026-09-10T01:27:10+00:00,353,617.00,632.00,679.00,502.00,509.00,502.00,502.00,1,Upper,121,34,617.00,1,16,41
2026-09-10T01:31:13+00:00,350,617.00,632.00,679.00,502.00,509.00,502.00,502.00,1,Upper,121,34,617.00,1,16,41
2026-09-10T01:35:14+00:00,354,617.00,632.00,679.00,502.00,509.00,502.00,502.00,1,Upper,121,34,617.00,1,16,41
2026-09-10T01:39:15+00:00,353,617.00,632.00,632.00,502.00,509.00,502.00,502.00,1,Upper,121,34,617.00,1,16,41
2026-09-10T01:43:16+00:00,357,617.00,632.00,632.00,502.00,509.00,502.00,502.00,1,Upper,121,34,617.00,1,16,41
2026-09-10T01:47:17+00:00,353,617.00,632.00,632.00,502.00,509.00,502.00,502.00,1,Upper,121,34,617.00,1,16,41
2026-09-10T01:51:18+00:00,356,617.00,632.00,632.00,502.00,509.00,502.00,502.00,1,Upper,121,34,617.00,1,16,41
2026-09-10T01:55:19+00:00,354,617.00,632.00,632.00,502.00,509.00,502.00,502.00,1,Upper,121,34,617.00,1,16,41
2026-09-10T01:59:20+00:00,356,617.00,632.00,632.00,502.00,509.00,502.00,502.00,1,Upper,121,34,617.00,1,16,41
2026-09-10T02:03:22+00:00,353,617.00,632.00,632.00,502.00,509.00,502.00,502.00,1,Upper,121,34,617.00,1,16,41
2026-09-10T02:07:23+00:00,353,617.00,632.00,632.00,502.00,509.00,502.00,502.00,1,Upper,121,34,617.00,1,16,41
2026-09-10T02:11:24+00:00,356,617.00,632.00,632.00,502.00,509.00,502.00,502.00,1,Upper,121,34,617.00,1,16,41
2026-09-10T02:15:26+00:00,353,617.00,632.00,632.00,502.00,509.00,502.00,502.00,1,Upper,121,34,617.00,1,16,41
2026-09-10T02:19:26+00:00,356,617.00,632.00,632.00,502.00,509.00,502.00,502.00,1,Upper,121,34,617.00,1,16,41
2026-09-10T02:23:27+00:00,356,617.00,632.00,632.00,502.00,509.00,502.00,502.00,1,Upper,121,34,617.00,1,16,41
2026-09-10T02:27:29+00:00,356,617.00,632.00,632.00,502.00,509.00,502.00,502.00,1,Upper,121,34,617.00,1,16,41
2026-09-10T02:31:30+00:00,356,617.00,632.00,632.00,502.00,509.00,502.00,502.00,1,Upper,121,34,617.00,1,16,41
2026-09-10T02:35:32+00:00,354,617.00,632.00,632.00,502.00,509.00,502.00,502.00,1,Upper,121,34,617.00,1,16,41
2026-09-10T02:39:33+00:00,357,617.00,632.00,632.00,502.00,509.00,502.00,502.00,1,Upper,121,34,617.00,1,16,41
2026-09-10T02:43:34+00:00,355,617.00,632.00,632.00,502.00,509.00,502.00,502.00,1,Upper,121,34,617.00,1,16,41
2026-09-10T02:47:35+00:00,359,617.00,632.00,632.00,502.00,509.00,502.00,502.00,1,Upper,121,34,617.00,1,16,41
2026-09-10T02:51:36+00:00,358,617.00,632.00,632.00,502.00,509.00,502.00,502.00,1,Upper,121,34,617.00,1,16,41
2026-09-10T02:55:37+00:00,358,617.00,632.00,632.00,502.00,509.00,502.00,502.00,1,Upper,121,34,617.00,1,16,41
2026-09-10T02:59:38+00:00,358,617.00,632.00,632.00,502.00,509.00,502.00,502.00,1,Upper,121,34,617.00,1,16,41
2026-09-10T03:03:39+00:00,355,617.00,632.00,632.00,502.00,509.00,502.00,502.00,1,Upper,121,34,617.00,1,16,41
2026-09-10T03:07:42+00:00,355,617.00,632.00,632.00,502.00,509.00,502.00,502.00,1,Upper,121,34,617.00,1,16,41
2026-09-10T03:11:43+00:00,355,617.00,631.00,631.00,502.00,509.00,502.00,502.00,1,Upper,121,34,617.00,1,16,41
2026-09-10T03:15:44+00:00,358,617.00,631.00,631.00,502.00,509.00,502.00,502.00,1,Upper,121,34,617.00,1,16,41
2026-09-10T03:19:55+00:00,355,617.00,631.00,631.00,502.00,509.00,502.00,502.00,1,Upper,121,34,617.00,1,16,41
2026-09-10T03:23:56+00:00,358,617.00,631.00,631.00,502.00,509.00,502.00,502.00,1,Upper,121,34,617.00,1,16,41
2026-09-10T03:27:58+00:00,358,617.00,631.00,631.00,502.00,509.00,502.00,502.00,1,Upper,121,34,617.00,1,16,41
2026-09-10T03:31:59+00:00,356,617.00,631.00,631.00,502.00,509.00,502.00,502.00,1,Upper,121,34,617.00,1,16,41
2026-09-10T03:36:00+00:00,358,617.00,631.00,631.00,502.00,509.00,502.00,502.00,1,Upper,121,34,617.00,1,16,41
2026-09-10T03:40:01+00:00,358,617.00,631.00,631.00,502.00,509.00,502.00,502.00,1,Upper,121,34,617.00,1,16,41
2026-09-10T03:44:03+00:00,356,617.00,631.00,631.00,502.00,509.00,502.00,502.00,1,Upper,121,34,617.00,1,16,41
2026-09-10T03:48:04+00:00,358,617.00,631.00,631.00,502.00,509.00,502.00,502.00,1,Upper,121,34,617.00,1,16,41
2026-09-10T03:52:07+00:00,356,617.00,631.00,631.00,502.00,509.00,502.00,502.00,1,Upper,121,34,617.00,1,16,41
2026-09-10T03:56:08+00:00,358,617.00,631.00,631.00,502.00,509.00,502.00,502.00,1,Upper,121,34,617.00,1,16,41
2026-09-10T04:00:10+00:00,358,617.00,631.00,631.00,502.00,509.00,502.00,502.00,1,Upper,121,34,617.00,1,16,41
2026-09-10T04:04:11+00:00,357,617.00,631.00,631.00,502.00,509.00,502.00,502.00,1,Upper,121,34,617.00,1,16,41
2026-09-10T04:08:12+00:00,358,617.00,631.00,631.00,502.00,509.00,502.00,502.00,1,Upper,121,34,617.00,1,16,41
2026-09-10T04:12:13+00:00,357,617.00,631.00,631.00,502.00,509.00,502.00,502.00,1,Upper,121,34,617.00,1,16,41
2026-09-10T04:16:15+00:00,357,617.00,631.00,631.00,502.00,509.00,502.00,502.00,1,Upper,121,34,617.00,1,16,41
2026-09-10T04:20:16+00:00,359,617.00,631.00,631.00,502.00,509.00,502.00,502.00,1,Upper,121,34,617.00,1,16,41
2026-09-10T04:24:19+00:00,357,617.00,631.00,631.00,502.00,509.00,502.00,502.00,1,Upper,121,34,617.00,1,16,41
2026-09-10T04:28:20+00:00,357,617.00,631.00,631.00,502.00,509.00,502.00,502.00,1,Upper,121,34,617.00,1,16,41
2026-09-10T04:32:22+00:00,359,617.00,631.00,631.00,502.00,509.00,502.00,502.00,1,Upper,121,34,617.00,1,16,41
2026-09-10T04:36:23+00:00,357,617.00,631.00,631.00,502.00,509.00,502.00,502.00,1,Upper,121,34,617.00,1,16,41
2026-09-10T04:40:24+00:00,357,617.00,631.00,631.00,502.00,509.00,502.00,502.00,1,Upper,121,34,617.00,1,16,41
2026-09-10T04:44:26+00:00,359,617.00,631.00,631.00,502.00,509.00,502.00,502.00,1,Upper,121,34,617.00,1,16,41
2026-09-10T04:48:27+00:00,357,617.00,631.00,631.00,502.00,509.00,502.00,502.00,1,Upper,121,34,617.00,1,16,41
2026-09-10T04:52:28+00:00,359,617.00,631.00,631.00,502.00,509.00,502.00,502.00,1,Upper,121,34,617.00,1,16,41
2026-09-10T04:56:31+00:00,357,617.00,631.00,631.00,502.00,509.00,502.00,502.00,1,Upper,121,34,617.00,1,16,41
2026-09-10T05:00:33+00:00,359,617.00,631.00,631.00,502.00,509.00,502.00,502.00,1,Upper,121,34,617.00,1,16,41
2026-09-10T05:04:34+00:00,359,617.00,631.00,631.00,502.00,509.00,502.00,502.00,1,Upper,121,34,617.00,1,16,41
2026-09-10T05:08:35+00:00,357,617.00,631.00,631.00,502.00,509.00,502.00,502.00,1,Upper,121,34,617.00,1,16,41
2026-09-10T05:12:36+00:00,359,617.00,631.00,631.00,502.00,509.00,502.00,502.00,1,Upper,121,34,617.00,1,16,41
2026-09-10T05:16:38+00:00,357,617.00,631.00,631.00,502.00,509.00,502.00,502.00,1,Upper,121,34,617.00,1,16,41
2026-09-10T05:20:39+00:00,357,617.00,631.00,679.00,502.00,509.00,502.00,502.00,1,Upper,121,34,617.00,1,16,41
2026-09-10T05:24:40+00:00,357,617.00,631.00,679.00,502.00,509.00,502.00,502.00,1,Upper,121,34,617.00,1,16,41
2026-09-10T05:28:43+00:00,356,617.00,631.00,679.00,502.00,509.00,502.00,502.00,1,Upper,121,34,617.00,1,16,41
2026-09-10T05:32:45+00:00,359,617.00,631.00,679.00,502.00,509.00,502.00,502.00,1,Upper,121,34,617.00,1,16,41
2026-09-10T05:36:46+00:00,356,617.00,631.00,679.00,502.00,509.00,502.00,502.00,1,Upper,121,34,617.00,1,16,41
2026-09-10T05:40:47+00:00,359,617.00,631.00,679.00,502.00,509.00,502.00,502.00,1,Upper,121,34,617.00,1,16,41
2026-09-10T05:44:49+00:00,356,617.00,631.00,679.00,502.00,509.00,502.00,502.00,1,Upper,121,34,617.00,1,16,41
2026-09-10T05:48:50+00:00,358,617.00,631.00,679.00,502.00,509.00,502.00,502.00,1,Upper,121,34,617.00,1,16,41
2026-09-10T05:52:51+00:00,356,617.00,631.00,679.00,502.00,509.00,502.00,502.00,1,Upper,121,34,617.00,1,16,41
2026-09-10T05:56:53+00:00,356,617.00,632.00,679.00,502.00,509.00,502.00,502.00,1,Upper,121,34,617.00,1,16,41
2026-09-10T06:00:55+00:00,356,617.00,632.00,679.00,502.00,509.00,502.00,502.00,1,Upper,121,34,617.00,1,16,41
2026-09-10T06:04:57+00:00,355,617.00,632.00,679.00,502.00,509.00,502.00,502.00,1,Upper,121,34,617.00,1,16,41
2026-09-10T06:08:58+00:00,355,617.00,632.00,679.00,502.00,509.00,502.00,502.00,1,Upper,121,34,617.00,1,16,41
2026-09-10T06:12:59+00:00,356,617.00,632.00,679.00,502.00,509.00,502.00,502.00,1,Upper,121,34,617.00,1,16,41
2026-09-10T06:17:01+00:00,357,617.00,632.00,679.00,502.00,509.00,502.00,502.00,1,Upper,121,34,617.00,1,16,41
2026-09-10T06:21:02+00:00,351,617.00,631.00,631.00,502.00,505.00,502.00,502.00,1,Upper,121,34,617.00,1,16,41
2026-09-10T06:25:03+00:00,352,617.00,631.00,631.00,502.00,505.00,502.00,502.00,1,Upper,121,34,617.00,1,16,41
2026-09-10T06:29:05+00:00,351,617.00,631.00,631.00,502.00,505.00,502.00,502.00,1,Upper,121,34,617.00,1,16,41
2026-09-10T06:33:08+00:00,352,617.00,631.00,631.00,502.00,505.00,502.00,502.00,1,Upper,121,34,617.00,1,16,41
2026-09-10T06:37:09+00:00,351,617.00,631.00,631.00,502.00,505.00,502.00,502.00,1,Upper,121,34,617.00,1,16,41
2026-09-10T06:41:10+00:00,352,617.00,631.00,631.00,502.00,505.00,502.00,502.00,1,Upper,121,34,617.00,1,16,41
2026-09-10T06:45:12+00:00,352,617.00,631.00,631.00,502.00,505.00,502.00,502.00,1,Upper,121,34,617.00,1,16,41
2026-09-10T06:49:13+00:00,353,617.00,631.00,631.00,502.00,505.00,502.00,502.00,1,Upper,121,34,617.00,1,16,41
2026-09-10T06:53:14+00:00,352,617.00,631.00,631.00,502.00,505.00,502.00,502.00,1,Upper,121,34,617.00,1,16,41
2026-09-10T06:57:16+00:00,353,617.00,631.00,631.00,502.00,505.00,502.00,502.00,1,Upper,121,34,617.00,1,16,41
2026-09-10T07:01:17+00:00,350,617.00,627.00,627.00,502.00,501.00,502.00,501.00,2,Upper,117,34,617.00,1,16,41
2026-09-10T07:05:20+00:00,351,617.00,627.00,627.00,502.00,501.00,502.00,501.00,2,Upper,117,34,617.00,1,16,41
2026-09-10T07:09:21+00:00,350,617.00,627.00,627.00,502.00,501.00,502.00,501.00,2,Upper,117,34,617.00,1,16,41
2026-09-10T07:13:22+00:00,349,617.00,627.00,668.00,502.00,501.00,502.00,501.00,2,Upper,117,34,617.00,1,16,41
2026-09-10T07:17:24+00:00,348,617.00,627.00,668.00,502.00,501.00,502.00,501.00,2,Upper,117,34,617.00,1,16,41
2026-09-10T07:21:25+00:00,349,617.00,627.00,668.00,502.00,501.00,502.00,501.00,2,Upper,117,34,617.00,1,16,41
2026-09-10T07:25:26+00:00,347,617.00,627.00,627.00,502.00,501.00,502.00,501.00,2,Upper,117,34,617.00,1,16,41
2026-09-10T07:29:28+00:00,348,617.00,627.00,627.00,502.00,501.00,502.00,501.00,2,Upper,117,34,617.00,1,16,41
2026-09-10T07:33:29+00:00,347,617.00,627.00,627.00,502.00,501.00,502.00,501.00,2,Upper,117,34,617.00,1,16,41
2026-09-10T07:37:32+00:00,347,617.00,627.00,627.00,502.00,501.00,502.00,501.00,2,Upper,117,34,617.00,1,16,41
2026-09-10T07:41:33+00:00,348,617.00,627.00,627.00,502.00,501.00,502.00,501.00,2,Upper,117,34,617.00,1,16,41
2026-09-10T07:45:34+00:00,347,617.00,627.00,627.00,502.00,501.00,502.00,501.00,2,Upper,117,34,617.00,1,16,41
2026-09-10T07:49:36+00:00,347,617.00,627.00,627.00,502.00,501.00,502.00,501.00,2,Upper,117,34,617.00,1,16,41
2026-09-10T07:53:37+00:00,347,617.00,627.00,627.00,502.00,501.00,502.00,501.00,2,Upper,117,34,617.00,1,16,41
2026-09-10T07:57:38+00:00,348,617.00,627.00,627.00,502.00,501.00,502.00,501.00,2,Upper,117,34,617.00,1,16,41
2026-09-10T08:01:40+00:00,347,617.00,627.00,627.00,502.00,501.00,502.00,501.00,2,Upper,117,34,617.00,1,16,41
2026-09-10T08:05:41+00:00,348,617.00,627.00,627.00,502.00,501.00,502.00,501.00,2,Upper,117,34,617.00,1,16,41
2026-09-10T08:09:44+00:00,348,617.00,627.00,627.00,502.00,501.00,502.00,501.00,2,Upper,117,34,617.00,1,16,41
2026-09-10T08:13:45+00:00,347,617.00,627.00,627.00,502.00,501.00,502.00,501.00,2,Upper,117,34,617.00,1,16,41
2026-09-10T08:17:46+00:00,347,617.00,627.00,627.00,502.00,501.00,502.00,501.00,2,Upper,117,34,617.00,1,16,41
2026-09-10T08:21:59+00:00,348,617.00,627.00,627.00,502.00,501.00,502.00,501.00,2,Upper,117,34,617.00,1,16,41
2026-09-10T08:26:00+00:00,348,617.00,627.00,627.00,502.00,501.00,502.00,501.00,2,Upper,117,34,617.00,1,16,41
2026-09-10T08:30:01+00:00,347,617.00,627.00,627.00,502.00,501.00,502.00,501.00,2,Upper,117,34,617.00,1,16,41
2026-09-10T08:34:03+00:00,347,617.00,627.00,627.00,502.00,501.00,502.00,501.00,2,Upper,117,34,617.00,1,16,41
2026-09-10T08:38:05+00:00,347,617.00,627.00,627.00,502.00,501.00,502.00,501.00,2,Upper,117,34,617.00,1,16,41
2026-09-10T08:42:06+00:00,347,617.00,627.00,627.00,502.00,501.00,502.00,501.00,2,Upper,117,34,617.00,1,16,41
2026-09-10T08:46:07+00:00,348,617.00,627.00,668.00,502.00,501.00,502.00,501.00,2,Upper,117,34,617.00,1,16,41
2026-09-10T08:50:09+00:00,348,617.00,627.00,668.00,502.00,501.00,502.00,501.00,2,Upper,117,34,617.00,1,16,41
2026-09-10T08:54:12+00:00,347,617.00,627.00,668.00,502.00,501.00,502.00,501.00,2,Upper,117,34,617.00,1,16,41
2026-09-10T08:58:13+00:00,348,617.00,627.00,668.00,502.00,501.00,502.00,501.00,2,Upper,117,34,617.00,1,16,41
2026-09-10T09:02:14+00:00,348,617.00,627.00,668.00,502.00,501.00,502.00,501.00,2,Upper,117,34,617.00,1,16,41
2026-09-10T09:06:16+00:00,347,617.00,627.00,668.00,502.00,501.00,502.00,501.00,2,Upper,117,34,617.00,1,16,41
2026-09-10T09:10:17+00:00,348,617.00,627.00,668.00,502.00,501.00,502.00,501.00,2,Upper,117,34,617.00,1,16,41
2026-09-10T09:14:18+00:00,348,617.00,627.00,627.00,502.00,501.00,502.00,501.00,2,Upper,117,34,617.00,1,16,41
2026-09-10T09:18:19+00:00,348,617.00,627.00,627.00,502.00,501.00,502.00,501.00,2,Upper,117,34,617.00,1,16,41
2026-09-10T09:22:21+00:00,348,617.00,627.00,627.00,502.00,501.00,502.00,501.00,2,Upper,117,34,617.00,1,16,41
2026-09-10T09:26:23+00:00,350,617.00,627.00,627.00,502.00,501.00,502.00,501.00,2,Upper,117,34,617.00,1,16,41
2026-09-10T09:30:25+00:00,349,617.00,627.00,627.00,502.00,501.00,502.00,501.00,2,Upper,117,34,617.00,1,16,41
2026-09-10T09:34:26+00:00,350,617.00,627.00,627.00,502.00,501.00,502.00,501.00,2,Upper,117,34,617.00,1,16,41
2026-09-10T09:38:28+00:00,345,617.00,627.00,627.00,502.00,501.00,502.00,501.00,2,Upper,117,34,617.00,1,16,41
2026-09-10T09:42:29+00:00,350,617.00,627.00,668.00,502.00,501.00,502.00,501.00,2,Upper,117,34,617.00,1,16,41
2026-09-10T09:46:30+00:00,348,617.00,627.00,668.00,502.00,501.00,502.00,501.00,2,Upper,117,34,617.00,1,16,41
2026-09-10T09:50:32+00:00,348,617.00,627.00,668.00,502.00,501.00,502.00,501.00,2,Upper,117,34,617.00,1,16,41
2026-09-10T09:54:33+00:00,348,617.00,627.00,668.00,502.00,501.00,502.00,501.00,2,Upper,117,34,617.00,1,16,41
2026-09-10T09:58:36+00:00,349,617.00,627.00,627.00,502.00,501.00,502.00,501.00,2,Upper,117,34,617.00,1,16,41
2026-09-10T10:02:37+00:00,349,617.00,627.00,627.00,502.00,501.00,502.00,501.00,2,Upper,117,34,617.00,1,16,41
2026-09-10T10:06:38+00:00,349,617.00,627.00,627.00,502.00,501.00,502.00,501.00,2,Upper,117,34,617.00,1,16,41
2026-09-10T10:10:40+00:00,349,617.00,627.00,668.00,502.00,501.00,502.00,501.00,2,Upper,117,34,617.00,1,16,41
2026-09-10T10:14:41+00:00,349,617.00,627.00,668.00,502.00,501.00,502.00,501.00,2,Upper,117,34,617.00,1,16,41
2026-09-10T10:18:42+00:00,349,617.00,627.00,668.00,502.00,501.00,502.00,501.00,2,Upper,117,34,617.00,1,16,41
2026-09-10T10:22:44+00:00,349,617.00,627.00,668.00,502.00,501.00,502.00,501.00,2,Upper,117,34,617.00,1,16,41
2026-09-10T10:26:45+00:00,349,617.00,627.00,668.00,502.00,501.00,502.00,501.00,2,Upper,117,34,617.00,1,16,41
2026-09-10T10:30:48+00:00,349,617.00,627.00,668.00,502.00,501.00,502.00,501.00,2,Upper,117,34,617.00,1,16,41
2026-09-10T10:34:50+00:00,349,617.00,627.00,668.00,502.00,501.00,502.00,501.00,2,Upper,117,34,617.00,1,16,41
2026-09-10T10:38:51+00:00,349,617.00,627.00,668.00,502.00,501.00,502.00,501.00,2,Upper,117,34,617.00,1,16,41
2026-09-10T10:42:52+00:00,349,617.00,627.00,668.00,502.00,501.00,502.00,501.00,2,Upper,117,34,617.00,1,16,41
2026-09-10T10:46:53+00:00,349,617.00,627.00,668.00,502.00,501.00,502.00,501.00,2,Upper,117,34,617.00,1,16,41
2026-09-10T10:50:55+00:00,349,617.00,627.00,668.00,502.00,501.00,502.00,501.00,2,Upper,117,34,617.00,1,16,41
2026-09-10T10:54:56+00:00,349,617.00,627.00,668.00,502.00,501.00,502.00,501.00,2,Upper,117,34,617.00,1,16,41
2026-09-10T10:58:57+00:00,348,617.00,627.00,668.00,502.00,501.00,502.00,501.00,2,Upper,117,34,617.00,1,16,41
2026-09-10T11:03:00+00:00,349,617.00,627.00,668.00,502.00,501.00,502.00,501.00,2,Upper,117,34,617.00,1,16,41
2026-09-10T11:07:01+00:00,348,617.00,627.00,668.00,502.00,501.00,502.00,501.00,2,Upper,117,34,617.00,1,16,41
2026-09-10T11:11:03+00:00,349,617.00,627.00,668.00,502.00,501.00,502.00,501.00,2,Upper,117,34,617.00,1,16,41
2026-09-10T11:15:04+00:00,348,617.00,627.00,668.00,502.00,501.00,502.00,501.00,2,Upper,117,34,617.00,1,16,41
2026-09-10T11:19:05+00:00,349,617.00,625.00,668.00,502.00,501.00,502.00,501.00,2,Upper,117,34,617.00,1,16,41
2026-09-10T11:23:07+00:00,349,617.00,625.00,668.00,502.00,501.00,502.00,501.00,2,Upper,117,34,617.00,1,16,41
2026-09-10T11:27:08+00:00,349,617.00,625.00,668.00,502.00,501.00,502.00,501.00,2,Upper,117,34,617.00,1,16,41
2026-09-10T11:31:09+00:00,347,617.00,625.00,625.00,502.00,501.00,502.00,501.00,2,Upper,117,34,617.00,1,16,41
2026-09-10T11:35:12+00:00,346,617.00,625.00,625.00,502.00,501.00,502.00,501.00,2,Upper,117,34,617.00,1,16,41
2026-09-10T11:39:14+00:00,347,617.00,625.00,625.00,502.00,501.00,502.00,501.00,2,Upper,117,34,617.00,1,16,41
2026-09-10T11:43:15+00:00,349,617.00,625.00,668.00,502.00,501.00,502.00,501.00,2,Upper,117,34,617.00,1,16,41
2026-09-10T11:47:16+00:00,349,617.00,625.00,668.00,502.00,501.00,502.00,501.00,2,Upper,117,34,617.00,1,16,41
2026-09-10T11:51:17+00:00,349,617.00,625.00,668.00,502.00,501.00,502.00,501.00,2,Upper,117,34,617.00,1,16,41
2026-09-10T11:55:19+00:00,348,617.00,625.00,625.00,502.00,501.00,502.00,501.00,2,Upper,117,34,617.00,1,16,41
2026-09-10T11:59:20+00:00,349,617.00,625.00,625.00,502.00,501.00,502.00,501.00,2,Upper,117,34,617.00,1,16,41
2026-09-10T12:03:21+00:00,348,617.00,625.00,625.00,502.00,501.00,502.00,501.00,2,Upper,117,34,617.00,1,16,41
2026-09-10T12:07:24+00:00,354,617.00,625.00,625.00,502.00,501.00,502.00,501.00,2,Upper,117,34,617.00,1,16,41
2026-09-10T12:11:25+00:00,352,617.00,625.00,625.00,502.00,501.00,502.00,501.00,2,Upper,117,34,617.00,1,16,41
2026-09-10T12:15:27+00:00,353,617.00,625.00,625.00,502.00,501.00,502.00,501.00,2,Upper,117,34,617.00,1,16,41
2026-09-10T12:19:28+00:00,351,617.00,625.00,625.00,502.00,501.00,502.00,501.00,2,Upper,117,34,617.00,1,16,41
2026-09-10T12:23:29+00:00,352,617.00,625.00,668.00,502.00,501.00,502.00,501.00,2,Upper,117,34,617.00,1,16,41
2026-09-10T12:27:31+00:00,351,617.00,625.00,625.00,502.00,501.00,502.00,501.00,2,Upper,117,34,617.00,1,16,41
2026-09-10T12:31:32+00:00,352,617.00,625.00,668.00,502.00,501.00,502.00,501.00,2,Upper,117,34,617.00,1,16,41
2026-09-10T12:35:33+00:00,354,616.00,616.00,616.00,502.00,506.00,502.00,502.00,1,Upper,121,34,616.00,1,33,34
2026-09-10T12:39:36+00:00,354,616.00,616.00,616.00,502.00,506.00,502.00,502.00,1,Upper,121,34,616.00,1,33,34
2026-09-10T12:43:37+00:00,354,616.00,616.00,616.00,502.00,506.00,502.00,502.00,1,Upper,121,34,616.00,1,33,34
2026-09-10T12:47:39+00:00,355,617.00,616.00,616.00,502.00,506.00,502.00,502.00,1,Upper,121,34,616.00,2,35,41
2026-09-10T12:51:40+00:00,355,617.00,616.00,616.00,502.00,506.00,502.00,502.00,1,Upper,121,34,616.00,2,35,41
2026-09-10T12:55:41+00:00,349,617.00,616.00,616.00,502.00,506.00,502.00,502.00,1,Upper,121,34,616.00,2,35,41
2026-09-10T12:59:43+00:00,355,617.00,616.00,616.00,502.00,506.00,502.00,502.00,1,Upper,121,34,616.00,2,35,41
2026-09-10T13:03:44+00:00,355,617.00,615.00,615.00,502.00,507.00,502.00,502.00,1,Upper,121,34,615.00,2,35,41
2026-09-10T13:07:45+00:00,355,617.00,615.00,615.00,502.00,507.00,502.00,502.00,1,Upper,121,34,615.00,2,35,41
2026-09-10T13:11:48+00:00,355,617.00,615.00,615.00,502.00,507.00,502.00,502.00,1,Upper,121,34,615.00,2,35,41
2026-09-10T13:15:50+00:00,355,617.00,615.00,615.00,502.00,507.00,502.00,502.00,1,Upper,121,34,615.00,2,35,41
2026-09-10T13:19:51+00:00,355,617.00,615.00,615.00,502.00,507.00,502.00,502.00,1,Upper,121,34,615.00,2,35,41
2026-09-10T13:24:03+00:00,353,617.00,628.00,668.00,502.00,499.00,502.00,499.00,2,Upper,117,34,617.00,1,16,41
2026-09-10T13:28:04+00:00,351,617.00,628.00,668.00,502.00,499.00,502.00,499.00,2,Upper,117,34,617.00,1,16,41
2026-09-10T13:32:05+00:00,353,617.00,615.00,615.00,502.00,507.00,502.00,502.00,1,Upper,121,34,615.00,2,35,41
2026-09-10T13:36:06+00:00,354,617.00,615.00,615.00,502.00,507.00,502.00,502.00,1,Upper,121,34,615.00,2,35,41
2026-09-10T13:40:07+00:00,354,617.00,615.00,615.00,502.00,507.00,502.00,502.00,1,Upper,121,34,615.00,2,35,41
2026-09-10T13:44:09+00:00,353,617.00,615.00,658.00,502.00,507.00,502.00,502.00,1,Upper,121,34,615.00,2,35,41
2026-09-10T13:48:10+00:00,353,617.00,615.00,658.00,502.00,507.00,502.00,502.00,1,Upper,121,34,615.00,2,35,41
2026-09-10T13:52:11+00:00,354,617.00,615.00,615.00,502.00,507.00,502.00,502.00,1,Upper,121,34,615.00,2,35,41
2026-09-10T13:56:13+00:00,354,617.00,615.00,615.00,502.00,507.00,502.00,502.00,1,Upper,121,34,615.00,2,35,41
2026-09-10T14:00:14+00:00,353,617.00,627.00,667.00,502.00,500.00,502.00,500.00,2,Upper,117,34,617.00,1,16,41
2026-09-10T14:04:16+00:00,353,617.00,627.00,667.00,502.00,500.00,502.00,500.00,2,Upper,117,34,617.00,1,16,41
2026-09-10T14:08:17+00:00,349,617.00,627.00,627.00,502.00,500.00,502.00,500.00,2,Upper,117,34,617.00,1,16,41
2026-09-10T14:12:18+00:00,348,617.00,627.00,667.00,502.00,500.00,502.00,500.00,2,Upper,117,34,617.00,1,16,41
2026-09-10T14:16:19+00:00,349,617.00,630.00,630.00,502.00,498.00,502.00,498.00,2,Upper,117,34,617.00,1,16,41
2026-09-10T14:20:20+00:00,349,617.00,630.00,630.00,502.00,498.00,502.00,498.00,2,Upper,117,34,617.00,1,16,41
2026-09-10T14:24:21+00:00,348,617.00,630.00,630.00,502.00,498.00,502.00,498.00,2,Upper,117,34,617.00,1,16,41
2026-09-10T14:28:23+00:00,349,617.00,630.00,630.00,502.00,498.00,502.00,498.00,2,Upper,117,34,617.00,1,16,41
2026-09-10T14:32:24+00:00,349,617.00,630.00,630.00,502.00,498.00,502.00,498.00,2,Upper,117,34,617.00,1,16,41
2026-09-10T14:36:25+00:00,348,617.00,630.00,630.00,502.00,498.00,502.00,498.00,2,Upper,117,34,617.00,1,16,41
2026-09-10T14:40:26+00:00,349,617.00,630.00,630.00,502.00,498.00,502.00,498.00,2,Upper,117,34,617.00,1,16,41
2026-09-10T14:44:27+00:00,348,617.00,630.00,630.00,502.00,498.00,502.00,498.00,2,Upper,117,34,617.00,1,16,41
2026-09-10T14:48:28+00:00,349,617.00,630.00,630.00,502.00,498.00,502.00,498.00,2,Upper,117,34,617.00,1,16,41
2026-09-10T14:52:30+00:00,349,617.00,630.00,630.00,502.00,498.00,502.00,498.00,2,Upper,117,34,617.00,1,16,41
2026-09-10T14:56:31+00:00,349,617.00,630.00,630.00,502.00,498.00,502.00,498.00,2,Upper,117,34,617.00,1,16,41
2026-09-10T15:00:33+00:00,348,617.00,630.00,630.00,502.00,498.00,502.00,498.00,2,Upper,117,34,617.00,1,16,41
2026-09-10T15:04:34+00:00,348,617.00,630.00,630.00,502.00,498.00,502.00,498.00,2,Upper,117,34,617.00,1,16,41
2026-09-10T15:08:35+00:00,349,617.00,630.00,630.00,502.00,498.00,502.00,498.00,2,Upper,117,34,617.00,1,16,41
2026-09-10T15:12:36+00:00,348,617.00,630.00,630.00,502.00,498.00,502.00,498.00,2,Upper,117,34,617.00,1,16,41
2026-09-10T15:16:37+00:00,348,617.00,630.00,630.00,502.00,498.00,502.00,498.00,2,Upper,117,34,617.00,1,16,41
2026-09-10T15:20:39+00:00,349,617.00,630.00,630.00,502.00,498.00,502.00,498.00,2,Upper,117,34,617.00,1,16,41
2026-09-10T15:24:40+00:00,349,617.00,630.00,630.00,502.00,498.00,502.00,498.00,2,Upper,117,34,617.00,1,16,41
2026-09-10T15:28:41+00:00,350,617.00,630.00,630.00,502.00,498.00,502.00,498.00,2,Upper,117,34,617.00,1,16,41
2026-09-10T15:32:43+00:00,350,617.00,630.00,630.00,502.00,498.00,502.00,498.00,2,Upper,117,34,617.00,1,16,41
2026-09-10T15:36:44+00:00,350,617.00,630.00,630.00,502.00,498.00,502.00,498.00,2,Upper,117,34,617.00,1,16,41
2026-09-10T15:40:45+00:00,349,617.00,630.00,630.00,502.00,498.00,502.00,498.00,2,Upper,117,34,617.00,1,16,41
2026-09-10T15:44:47+00:00,350,617.00,630.00,630.00,502.00,498.00,502.00,498.00,2,Upper,117,34,617.00,1,16,41
2026-09-10T15:48:48+00:00,350,617.00,630.00,630.00,502.00,498.00,502.00,498.00,2,Upper,117,34,617.00,1,16,41
2026-09-10T15:52:49+00:00,350,617.00,630.00,630.00,502.00,498.00,502.00,498.00,2,Upper,117,34,617.00,1,16,41
2026-09-10T15:56:50+00:00,350,617.00,630.00,630.00,502.00,498.00,502.00,498.00,2,Upper,117,34,617.00,1,16,41
2026-09-10T16:00:51+00:00,350,617.00,630.00,630.00,502.00,498.00,502.00,498.00,2,Upper,117,34,617.00,1,16,41
2026-09-10T16:04:54+00:00,350,617.00,630.00,630.00,502.00,498.00,502.00,498.00,2,Upper,117,34,617.00,1,16,41
2026-09-10T16:08:55+00:00,350,617.00,630.00,630.00,502.00,498.00,502.00,498.00,2,Upper,117,34,617.00,1,16,41
2026-09-10T16:12:56+00:00,349,617.00,630.00,630.00,502.00,498.00,502.00,498.00,2,Upper,117,34,617.00,1,16,41
2026-09-10T16:16:57+00:00,351,617.00,630.00,630.00,502.00,498.00,502.00,498.00,2,Upper,117,34,617.00,1,16,41
2026-09-10T16:20:58+00:00,351,617.00,630.00,630.00,502.00,498.00,502.00,498.00,2,Upper,117,34,617.00,1,16,41
2026-09-10T16:25:00+00:00,352,617.00,630.00,630.00,502.00,498.00,502.00,498.00,2,Upper,117,34,617.00,1,16,41
2026-09-10T16:29:01+00:00,352,617.00,630.00,630.00,502.00,497.00,502.00,497.00,2,Upper,117,34,617.00,1,16,41
2026-09-10T16:33:02+00:00,351,617.00,630.00,630.00,502.00,497.00,502.00,497.00,2,Upper,117,34,617.00,1,16,41
2026-09-10T16:37:04+00:00,351,617.00,630.00,630.00,502.00,497.00,502.00,497.00,2,Upper,117,34,617.00,1,16,41
2026-09-10T16:41:05+00:00,351,617.00,630.00,630.00,502.00,497.00,502.00,497.00,2,Upper,117,34,617.00,1,16,41
2026-09-10T16:45:07+00:00,351,617.00,630.00,630.00,502.00,497.00,502.00,497.00,2,Upper,117,34,617.00,1,16,41
2026-09-10T16:49:08+00:00,351,617.00,630.00,630.00,502.00,497.00,502.00,497.00,2,Upper,117,34,617.00,1,16,41
2026-09-10T16:53:09+00:00,348,617.00,630.00,630.00,502.00,497.00,502.00,497.00,2,Upper,117,34,617.00,1,16,41
2026-09-10T16:57:10+00:00,348,617.00,630.00,630.00,502.00,497.00,502.00,497.00,2,Upper,117,34,617.00,1,16,41
2026-09-10T17:01:11+00:00,353,617.00,630.00,630.00,502.00,497.00,502.00,497.00,2,Upper,117,34,617.00,1,16,41
2026-09-10T17:05:13+00:00,353,617.00,630.00,630.00,502.00,497.00,502.00,497.00,2,Upper,117,34,617.00,1,16,41
2026-09-10T17:09:15+00:00,353,617.00,630.00,630.00,502.00,497.00,502.00,497.00,2,Upper,117,34,617.00,1,16,41
2026-09-10T17:13:16+00:00,349,617.00,630.00,630.00,502.00,497.00,502.00,497.00,2,Upper,117,34,617.00,1,16,41
2026-09-10T17:17:17+00:00,347,617.00,630.00,630.00,502.00,497.00,502.00,497.00,2,Upper,117,34,617.00,1,16,41
2026-09-10T17:21:18+00:00,347,617.00,630.00,630.00,502.00,497.00,502.00,497.00,2,Upper,117,34,617.00,1,16,41
2026-09-10T17:25:20+00:00,347,617.00,630.00,630.00,513.00,502.00,513.00,502.00,2,Upper,121,34,617.00,1,16,41
2026-09-10T17:29:21+00:00,350,617.00,630.00,630.00,513.00,448.00,513.00,448.00,2,Upper,121,27,617.00,1,16,41
2026-09-10T17:33:22+00:00,348,617.00,630.00,630.00,513.00,448.00,513.00,448.00,2,Upper,121,27,617.00,1,16,41
2026-09-10T17:37:23+00:00,349,617.00,630.00,630.00,513.00,502.00,513.00,502.00,2,Upper,121,34,617.00,1,16,41
2026-09-10T17:41:25+00:00,351,617.00,629.00,669.00,513.00,502.00,513.00,502.00,2,Upper,121,34,617.00,1,16,41
2026-09-10T17:45:26+00:00,351,617.00,629.00,669.00,513.00,502.00,513.00,502.00,2,Upper,121,34,617.00,1,16,41
2026-09-10T17:49:27+00:00,351,617.00,630.00,630.00,513.00,502.00,513.00,502.00,2,Upper,121,34,617.00,1,16,41
2026-09-10T17:53:29+00:00,349,617.00,629.00,629.00,513.00,502.00,513.00,502.00,2,Upper,121,34,617.00,1,16,41
2026-09-10T17:57:30+00:00,351,617.00,629.00,629.00,513.00,502.00,513.00,502.00,2,Upper,121,34,617.00,1,16,41
2026-09-10T18:01:31+00:00,351,617.00,630.00,630.00,513.00,502.00,513.00,502.00,2,Upper,121,34,617.00,1,16,41
2026-09-10T18:05:32+00:00,349,617.00,630.00,630.00,513.00,502.00,513.00,502.00,2,Upper,121,34,617.00,1,16,41
2026-09-10T18:09:34+00:00,349,617.00,630.00,630.00,513.00,502.00,513.00,502.00,2,Upper,121,34,617.00,1,16,41
2026-09-10T18:13:36+00:00,351,617.00,630.00,630.00,513.00,502.00,513.00,502.00,2,Upper,121,34,617.00,1,16,41
2026-09-10T18:17:37+00:00,349,617.00,629.00,629.00,513.00,502.00,513.00,502.00,2,Upper,121,34,617.00,1,16,41
2026-09-10T18:21:38+00:00,350,617.00,629.00,629.00,513.00,502.00,513.00,502.00,2,Upper,121,34,617.00,1,16,41
2026-09-10T18:25:50+00:00,350,617.00,629.00,629.00,513.00,502.00,513.00,502.00,2,Upper,121,34,617.00,1,16,41
2026-09-10T18:29:51+00:00,351,617.00,630.00,630.00,513.00,502.00,513.00,502.00,2,Upper,121,34,617.00,1,16,41
2026-09-10T18:33:52+00:00,353,617.00,630.00,630.00,513.00,502.00,513.00,502.00,2,Upper,121,34,617.00,1,16,41
2026-09-10T18:37:54+00:00,353,617.00,630.00,630.00,513.00,502.00,513.00,502.00,2,Upper,121,34,617.00,1,16,41
2026-09-10T18:41:55+00:00,354,617.00,630.00,630.00,513.00,502.00,513.00,502.00,2,Upper,121,34,617.00,1,16,41
2026-09-10T18:45:56+00:00,353,617.00,630.00,630.00,513.00,502.00,513.00,502.00,2,Upper,121,34,617.00,1,16,41
2026-09-10T18:49:58+00:00,354,617.00,630.00,630.00,513.00,502.00,513.00,502.00,2,Upper,121,34,617.00,1,16,41
2026-09-10T18:53:59+00:00,354,617.00,630.00,630.00,513.00,502.00,513.00,502.00,2,Upper,121,34,617.00,1,16,41
2026-09-10T18:58:02+00:00,351,617.00,630.00,630.00,513.00,502.00,513.00,502.00,2,Upper,121,34,617.00,1,16,41
2026-09-10T19:02:03+00:00,350,617.00,630.00,630.00,513.00,502.00,513.00,502.00,2,Upper,121,34,617.00,1,16,41
2026-09-10T19:06:04+00:00,351,617.00,614.00,614.00,509.00,502.00,509.00,502.00,2,Upper,121,34,614.00,2,35,41
2026-09-10T19:10:06+00:00,352,617.00,614.00,614.00,509.00,502.00,509.00,502.00,2,Upper,121,34,614.00,2,35,41
2026-09-10T19:14:07+00:00,354,617.00,614.00,614.00,509.00,502.00,509.00,502.00,2,Upper,121,34,614.00,2,35,41
2026-09-10T19:18:09+00:00,355,617.00,614.00,614.00,509.00,502.00,509.00,502.00,2,Upper,121,34,614.00,2,35,41
2026-09-10T19:22:10+00:00,355,617.00,614.00,614.00,509.00,502.00,509.00,502.00,2,Upper,121,34,614.00,2,35,41
2026-09-10T19:26:11+00:00,354,617.00,614.00,614.00,509.00,502.00,509.00,502.00,2,Upper,121,34,614.00,2,32,42
2026-09-10T19:30:14+00:00,351,617.00,614.00,614.00,509.00,502.00,509.00,502.00,2,Upper,121,34,614.00,2,32,42
2026-09-10T19:34:15+00:00,351,617.00,614.00,614.00,509.00,502.00,509.00,502.00,2,Upper,121,34,614.00,2,32,42
2026-09-10T19:38:17+00:00,351,617.00,614.00,614.00,509.00,502.00,509.00,502.00,2,Upper,121,34,614.00,2,32,42
2026-09-10T19:42:18+00:00,350,617.00,614.00,614.00,509.00,502.00,509.00,502.00,2,Upper,121,34,614.00,2,32,42
2026-09-10T19:46:20+00:00,350,617.00,614.00,614.00,509.00,502.00,509.00,502.00,2,Upper,121,34,614.00,2,32,42
2026-09-10T19:50:21+00:00,351,617.00,614.00,614.00,509.00,502.00,509.00,502.00,2,Upper,121,34,614.00,2,32,42
2026-09-10T19:54:23+00:00,351,617.00,614.00,614.00,509.00,502.00,509.00,502.00,2,Upper,121,34,614.00,2,32,42
2026-09-10T19:58:24+00:00,351,617.00,614.00,614.00,509.00,502.00,509.00,502.00,2,Upper,121,34,614.00,2,32,42
2026-09-10T20:02:27+00:00,351,617.00,614.00,614.00,509.00,502.00,509.00,502.00,2,Upper,121,34,614.00,2,32,42
2026-09-10T20:06:28+00:00,351,617.00,614.00,614.00,509.00,502.00,509.00,502.00,2,Upper,121,34,614.00,2,32,42
2026-09-10T20:10:30+00:00,351,617.00,614.00,614.00,509.00,502.00,509.00,502.00,2,Upper,121,34,614.00,2,32,42
2026-09-10T20:14:31+00:00,351,617.00,614.00,614.00,509.00,502.00,509.00,502.00,2,Upper,121,34,614.00,2,32,42
2026-09-10T20:18:32+00:00,349,617.00,614.00,614.00,509.00,502.00,509.00,502.00,2,Upper,121,34,614.00,2,32,42
2026-09-10T20:22:34+00:00,349,617.00,614.00,614.00,509.00,502.00,509.00,502.00,2,Upper,121,34,614.00,2,32,42
2026-09-10T20:26:35+00:00,349,617.00,614.00,614.00,509.00,502.00,509.00,502.00,2,Upper,121,34,614.00,2,32,42
2026-09-10T20:30:37+00:00,349,617.00,614.00,614.00,509.00,502.00,509.00,502.00,2,Upper,121,34,614.00,2,32,42
2026-09-10T20:34:39+00:00,349,617.00,614.00,614.00,509.00,502.00,509.00,502.00,2,Upper,121,34,614.00,2,32,42
2026-09-10T20:38:40+00:00,351,617.00,614.00,614.00,509.00,502.00,509.00,502.00,2,Upper,121,34,614.00,2,32,42
2026-09-10T20:42:41+00:00,351,617.00,614.00,614.00,509.00,502.00,509.00,502.00,2,Upper,121,34,614.00,2,32,42
2026-09-10T20:46:42+00:00,351,617.00,614.00,614.00,509.00,502.00,509.00,502.00,2,Upper,121,34,614.00,2,32,42
2026-09-10T20:50:43+00:00,351,617.00,614.00,614.00,509.00,502.00,509.00,502.00,2,Upper,121,34,614.00,2,32,42
2026-09-10T20:54:43+00:00,351,617.00,614.00,614.00,509.00,502.00,509.00,502.00,2,Upper,121,34,614.00,2,32,42
2026-09-10T20:58:44+00:00,351,617.00,614.00,614.00,509.00,502.00,509.00,502.00,2,Upper,121,34,614.00,2,32,42
2026-09-10T21:02:46+00:00,351,617.00,614.00,614.00,509.00,502.00,509.00,502.00,2,Upper,121,34,614.00,2,32,42
2026-09-10T21:06:48+00:00,351,617.00,614.00,614.00,509.00,502.00,509.00,502.00,2,Upper,121,34,614.00,2,32,42
2026-09-10T21:10:50+00:00,351,617.00,614.00,614.00,509.00,502.00,509.00,502.00,2,Upper,121,34,614.00,2,32,42
2026-09-10T21:14:51+00:00,352,617.00,614.00,614.00,509.00,502.00,509.00,502.00,2,Upper,121,34,614.00,2,32,42
2026-09-10T21:18:52+00:00,350,617.00,614.00,614.00,509.00,502.00,509.00,502.00,2,Upper,121,34,614.00,2,32,42
2026-09-10T21:22:53+00:00,350,617.00,614.00,614.00,509.00,502.00,509.00,502.00,2,Upper,121,34,614.00,2,32,42
2026-09-10T21:26:55+00:00,351,617.00,614.00,614.00,509.00,502.00,509.00,502.00,2,Upper,121,34,614.00,2,32,42
2026-09-10T21:30:56+00:00,351,617.00,614.00,614.00,509.00,502.00,509.00,502.00,2,Upper,121,34,614.00,2,32,42
2026-09-10T21:34:56+00:00,351,617.00,614.00,614.00,509.00,502.00,509.00,502.00,2,Upper,121,34,614.00,2,32,42
2026-09-10T21:38:59+00:00,351,617.00,614.00,614.00,509.00,502.00,509.00,502.00,2,Upper,121,34,614.00,2,32,42
2026-09-10T21:43:01+00:00,351,617.00,614.00,614.00,509.00,502.00,509.00,502.00,2,Upper,121,34,614.00,2,32,42
2026-09-10T21:47:02+00:00,355,617.00,614.00,614.00,509.00,502.00,509.00,502.00,2,Upper,121,34,614.00,2,32,42
2026-09-10T21:51:03+00:00,354,617.00,614.00,614.00,509.00,502.00,509.00,502.00,2,Upper,121,34,614.00,2,32,42
2026-09-10T21:55:05+00:00,354,617.00,614.00,614.00,509.00,502.00,509.00,502.00,2,Upper,121,34,614.00,2,32,42
2026-09-10T21:59:06+00:00,354,617.00,614.00,614.00,509.00,502.00,509.00,502.00,2,Upper,121,34,614.00,2,32,42
2026-09-10T22:03:07+00:00,356,617.00,614.00,614.00,509.00,502.00,509.00,502.00,2,Upper,121,34,614.00,2,32,42
2026-09-10T22:07:09+00:00,356,617.00,614.00,614.00,509.00,502.00,509.00,502.00,2,Upper,121,34,614.00,2,32,42
2026-09-10T22:11:11+00:00,352,617.00,614.00,614.00,509.00,502.00,509.00,502.00,2,Upper,121,34,614.00,2,32,42
2026-09-10T22:15:13+00:00,352,617.00,614.00,614.00,509.00,502.00,509.00,502.00,2,Upper,121,34,614.00,2,32,42
2026-09-10T22:19:14+00:00,350,617.00,614.00,614.00,509.00,502.00,509.00,502.00,2,Upper,121,34,614.00,2,32,42
2026-09-10T22:23:15+00:00,350,617.00,614.00,614.00,509.00,502.00,509.00,502.00,2,Upper,121,34,614.00,2,32,42
2026-09-10T22:27:17+00:00,349,617.00,614.00,614.00,509.00,502.00,509.00,502.00,2,Upper,121,34,614.00,2,32,42
2026-09-10T22:31:18+00:00,349,617.00,614.00,614.00,509.00,502.00,509.00,502.00,2,Upper,121,34,614.00,2,32,42
2026-09-10T22:35:19+00:00,349,617.00,614.00,614.00,509.00,502.00,509.00,502.00,2,Upper,121,34,614.00,2,32,42
2026-09-10T22:39:21+00:00,348,617.00,614.00,614.00,509.00,502.00,509.00,502.00,2,Upper,121,34,614.00,2,32,42
2026-09-10T22:43:23+00:00,352,617.00,614.00,614.00,509.00,502.00,509.00,502.00,2,Upper,121,34,614.00,2,32,42
2026-09-10T22:47:25+00:00,352,617.00,614.00,614.00,509.00,502.00,509.00,502.00,2,Upper,121,34,614.00,2,32,42
2026-09-10T22:51:26+00:00,352,617.00,614.00,614.00,509.00,502.00,509.00,502.00,2,Upper,121,34,614.00,2,32,42
2026-09-10T22:55:28+00:00,352,617.00,614.00,614.00,509.00,502.00,509.00,502.00,2,Upper,121,34,614.00,2,32,42
2026-09-10T22:59:29+00:00,352,617.00,614.00,614.00,509.00,502.00,509.00,502.00,2,Upper,121,34,614.00,2,32,42
2026-09-10T23:03:30+00:00,352,617.00,614.00,614.00,509.00,502.00,509.00,502.00,2,Upper,121,34,614.00,2,32,42
2026-09-10T23:07:31+00:00,352,617.00,614.00,614.00,509.00,502.00,509.00,502.00,2,Upper,121,34,614.00,2,32,42
2026-09-10T23:11:32+00:00,352,617.00,614.00,614.00,509.00,502.00,509.00,502.00,2,Upper,121,34,614.00,2,32,42
2026-09-10T23:15:35+00:00,352,617.00,614.00,614.00,509.00,502.00,509.00,502.00,2,Upper,121,34,614.00,2,32,42
2026-09-10T23:19:36+00:00,351,617.00,614.00,614.00,509.00,502.00,509.00,502.00,2,Upper,121,34,614.00,2,32,42
2026-09-10T23:23:37+00:00,352,617.00,614.00,614.00,509.00,502.00,509.00,502.00,2,Upper,121,34,614.00,2,32,42
2026-09-10T23:27:50+00:00,352,617.00,614.00,614.00,509.00,502.00,509.00,502.00,2,Upper,121,34,614.00,2,32,42
2026-09-10T23:31:51+00:00,352,617.00,614.00,614.00,509.00,502.00,509.00,502.00,2,Upper,121,34,614.00,2,32,42
2026-09-10T23:35:53+00:00,348,617.00,614.00,614.00,509.00,502.00,509.00,502.00,2,Upper,121,34,614.00,2,32,42
2026-09-10T23:39:54+00:00,349,617.00,614.00,614.00,509.00,502.00,509.00,502.00,2,Upper,121,34,614.00,2,32,42
2026-09-10T23:43:55+00:00,349,617.00,614.00,614.00,509.00,502.00,509.00,502.00,2,Upper,121,34,614.00,2,32,42
2026-09-10T23:47:57+00:00,349,617.00,614.00,614.00,509.00,502.00,509.00,502.00,2,Upper,121,34,614.00,2,32,42
2026-09-10T23:51:58+00:00,349,617.00,614.00,614.00,509.00,502.00,509.00,502.00,2,Upper,121,34,614.00,2,32,42
2026-09-10T23:56:00+00:00,350,617.00,614.00,614.00,509.00,502.00,509.00,502.00,2,Upper,121,34,614.00,2,32,42
2026-09-11T00:00:03+00:00,355,617.00,624.00,624.00,509.00,502.00,509.00,502.00,2,Upper,121,34,617.00,1,16,41
2026-09-11T00:04:11+00:00,355,617.00,624.00,624.00,509.00,502.00,509.00,502.00,2,Upper,121,34,617.00,1,16,41
2026-09-11T00:08:12+00:00,356,617.00,624.00,624.00,509.00,502.00,509.00,502.00,2,Upper,121,34,617.00,1,16,41
2026-09-11T00:12:14+00:00,356,617.00,624.00,624.00,509.00,502.00,509.00,502.00,2,Upper,121,34,617.00,1,16,41
2026-09-11T00:16:15+00:00,356,617.00,624.00,624.00,509.00,502.00,509.00,502.00,2,Upper,121,34,617.00,1,16,41
2026-09-11T00:20:17+00:00,356,617.00,624.00,624.00,509.00,502.00,509.00,502.00,2,Upper,121,34,617.00,1,16,41
2026-09-11T00:24:18+00:00,356,617.00,624.00,624.00,509.00,502.00,509.00,502.00,2,Upper,121,34,617.00,1,16,41
2026-09-11T00:28:19+00:00,356,617.00,624.00,624.00,509.00,502.00,509.00,502.00,2,Upper,121,34,617.00,1,16,41
2026-09-11T00:32:22+00:00,356,617.00,624.00,624.00,509.00,502.00,509.00,502.00,2,Upper,121,34,617.00,1,16,41
2026-09-11T00:36:24+00:00,356,617.00,624.00,624.00,509.00,502.00,509.00,502.00,2,Upper,121,34,617.00,1,16,41
2026-09-11T00:40:25+00:00,358,617.00,624.00,624.00,509.00,502.00,509.00,502.00,2,Upper,121,34,617.00,1,16,41
2026-09-11T00:44:27+00:00,358,617.00,624.00,624.00,509.00,502.00,509.00,502.00,2,Upper,121,34,617.00,1,16,41
2026-09-11T00:48:28+00:00,358,617.00,624.00,624.00,509.00,502.00,509.00,502.00,2,Upper,121,34,617.00,1,16,41
2026-09-11T00:52:29+00:00,358,617.00,624.00,624.00,509.00,502.00,509.00,502.00,2,Upper,121,34,617.00,1,16,41
2026-09-11T00:56:31+00:00,358,617.00,624.00,624.00,509.00,502.00,509.00,502.00,2,Upper,121,34,617.00,1,16,41
2026-09-11T01:00:32+00:00,355,617.00,615.00,624.00,509.00,502.00,509.00,502.00,2,Upper,121,34,615.00,2,33,39
2026-09-11T01:04:35+00:00,356,617.00,615.00,624.00,509.00,502.00,509.00,502.00,2,Upper,121,34,615.00,2,33,39
2026-09-11T01:08:37+00:00,354,617.00,615.00,624.00,509.00,502.00,509.00,502.00,2,Upper,121,34,615.00,2,33,39
2026-09-11T01:12:38+00:00,358,617.00,624.00,624.00,509.00,502.00,509.00,502.00,2,Upper,121,34,617.00,1,16,41
2026-09-11T01:16:39+00:00,358,617.00,624.00,624.00,509.00,502.00,509.00,502.00,2,Upper,121,34,617.00,1,16,41
2026-09-11T01:20:41+00:00,358,617.00,624.00,624.00,509.00,502.00,509.00,502.00,2,Upper,121,34,617.00,1,16,41
2026-09-11T01:24:43+00:00,358,617.00,624.00,624.00,509.00,502.00,509.00,502.00,2,Upper,121,34,617.00,1,16,41
2026-09-11T01:28:44+00:00,358,617.00,624.00,624.00,509.00,502.00,509.00,502.00,2,Upper,121,34,617.00,1,16,41
2026-09-11T01:32:45+00:00,357,617.00,624.00,624.00,509.00,502.00,509.00,502.00,2,Upper,121,34,617.00,1,16,41
2026-09-11T01:36:48+00:00,357,617.00,624.00,624.00,509.00,502.00,509.00,502.00,2,Upper,121,34,617.00,1,16,41
2026-09-11T01:40:50+00:00,355,617.00,624.00,624.00,509.00,502.00,509.00,502.00,2,Upper,121,34,617.00,1,16,41
2026-09-11T01:44:51+00:00,352,617.00,612.00,612.00,509.00,502.00,509.00,502.00,2,Upper,121,34,612.00,2,32,42
2026-09-11T01:48:53+00:00,352,617.00,612.00,612.00,509.00,502.00,509.00,502.00,2,Upper,121,34,612.00,2,32,42
2026-09-11T01:52:54+00:00,350,617.00,612.00,612.00,509.00,502.00,509.00,502.00,2,Upper,121,34,612.00,2,32,42
2026-09-11T01:56:56+00:00,350,617.00,612.00,612.00,509.00,502.00,509.00,502.00,2,Upper,121,34,612.00,2,32,42
2026-09-11T02:00:57+00:00,350,617.00,612.00,612.00,509.00,502.00,509.00,502.00,2,Upper,121,34,612.00,2,32,42
2026-09-11T02:04:59+00:00,353,617.00,612.00,612.00,513.00,502.00,513.00,502.00,2,Upper,121,34,612.00,2,32,42
2026-09-11T02:09:02+00:00,354,617.00,612.00,612.00,513.00,502.00,513.00,502.00,2,Upper,121,34,612.00,2,32,42
2026-09-11T02:13:03+00:00,351,617.00,613.00,613.00,513.00,502.00,513.00,502.00,2,Upper,121,34,613.00,2,32,42
2026-09-11T02:17:04+00:00,351,617.00,613.00,613.00,513.00,502.00,513.00,502.00,2,Upper,121,34,613.00,2,32,42
2026-09-11T02:21:06+00:00,351,617.00,613.00,613.00,513.00,502.00,513.00,502.00,2,Upper,121,34,613.00,2,32,42
2026-09-11T02:25:07+00:00,351,617.00,613.00,613.00,513.00,502.00,513.00,502.00,2,Upper,121,34,613.00,2,32,42
2026-09-11T02:29:09+00:00,351,617.00,613.00,613.00,513.00,502.00,513.00,502.00,2,Upper,121,34,613.00,2,32,42
2026-09-11T02:33:10+00:00,352,617.00,615.00,617.00,513.00,502.00,513.00,502.00,2,Upper,121,34,615.00,2,33,39
2026-09-11T02:37:11+00:00,353,617.00,615.00,617.00,513.00,502.00,513.00,502.00,2,Upper,121,34,615.00,2,33,39
2026-09-11T02:41:14+00:00,353,617.00,615.00,617.00,513.00,502.00,513.00,502.00,2,Upper,121,34,615.00,2,33,39
2026-09-11T02:45:16+00:00,352,617.00,615.00,660.00,513.00,502.00,513.00,502.00,2,Upper,121,34,615.00,2,33,39
2026-09-11T02:49:17+00:00,351,617.00,615.00,617.00,513.00,502.00,513.00,502.00,2,Upper,121,34,615.00,2,33,39
2026-09-11T02:53:19+00:00,351,617.00,615.00,617.00,513.00,502.00,513.00,502.00,2,Upper,121,34,615.00,2,33,39
2026-09-11T02:57:19+00:00,351,617.00,615.00,617.00,513.00,502.00,513.00,502.00,2,Upper,121,34,615.00,2,33,39
2026-09-11T03:01:20+00:00,351,617.00,615.00,617.00,513.00,502.00,513.00,502.00,2,Upper,121,34,615.00,2,33,39
2026-09-11T03:05:21+00:00,351,617.00,615.00,617.00,513.00,502.00,513.00,502.00,2,Upper,121,34,615.00,2,33,39
2026-09-11T03:09:22+00:00,351,617.00,615.00,617.00,513.00,502.00,513.00,502.00,2,Upper,121,34,615.00,2,33,39
2026-09-11T03:13:25+00:00,350,617.00,615.00,617.00,513.00,502.00,513.00,502.00,2,Upper,121,34,615.00,2,33,39
2026-09-11T03:17:27+00:00,350,617.00,615.00,617.00,513.00,502.00,513.00,502.00,2,Upper,121,34,615.00,2,33,39
2026-09-11T03:21:28+00:00,352,617.00,615.00,617.00,513.00,502.00,513.00,502.00,2,Upper,121,34,615.00,2,33,39
2026-09-11T03:25:30+00:00,352,617.00,615.00,617.00,513.00,502.00,513.00,502.00,2,Upper,121,34,615.00,2,33,39
2026-09-11T03:29:31+00:00,352,617.00,615.00,617.00,513.00,502.00,513.00,502.00,2,Upper,121,34,615.00,2,33,39
2026-09-11T03:33:32+00:00,352,617.00,615.00,617.00,513.00,502.00,513.00,502.00,2,Upper,121,34,615.00,2,33,39
2026-09-11T03:37:34+00:00,352,617.00,615.00,617.00,513.00,502.00,513.00,502.00,2,Upper,121,34,615.00,2,33,39
2026-09-11T03:41:35+00:00,352,617.00,615.00,616.00,513.00,502.00,513.00,502.00,2,Upper,121,34,615.00,2,33,39
2026-09-11T03:45:38+00:00,352,617.00,615.00,616.00,513.00,502.00,513.00,502.00,2,Upper,121,34,615.00,2,33,39
2026-09-11T03:49:40+00:00,352,617.00,615.00,616.00,513.00,502.00,513.00,502.00,2,Upper,121,34,615.00,2,33,39
2026-09-11T03:53:41+00:00,352,617.00,615.00,616.00,513.00,502.00,513.00,502.00,2,Upper,121,34,615.00,2,33,39
2026-09-11T03:57:43+00:00,352,617.00,615.00,616.00,513.00,502.00,513.00,502.00,2,Upper,121,34,615.00,2,33,39
2026-09-11T04:01:44+00:00,352,617.00,615.00,616.00,513.00,502.00,513.00,502.00,2,Upper,121,34,615.00,2,33,39
2026-09-11T04:05:46+00:00,351,617.00,615.00,659.00,513.00,502.00,513.00,502.00,2,Upper,121,34,615.00,2,33,39
2026-09-11T04:09:47+00:00,350,617.00,615.00,619.00,513.00,502.00,513.00,502.00,2,Upper,121,34,615.00,2,33,39
2026-09-11T04:13:49+00:00,352,617.00,615.00,619.00,513.00,502.00,513.00,502.00,2,Upper,121,34,615.00,2,33,39
2026-09-11T04:17:52+00:00,347,617.00,619.00,619.00,513.00,502.00,513.00,502.00,2,Upper,121,34,617.00,1,16,41
2026-09-11T04:21:53+00:00,347,617.00,619.00,619.00,513.00,502.00,513.00,502.00,2,Upper,121,34,617.00,1,16,41
2026-09-11T04:25:55+00:00,347,617.00,619.00,619.00,513.00,502.00,513.00,502.00,2,Upper,121,34,617.00,1,16,41
2026-09-11T04:30:08+00:00,352,617.00,615.00,619.00,513.00,502.00,513.00,502.00,2,Upper,121,34,615.00,2,33,39
2026-09-11T04:34:10+00:00,352,617.00,615.00,619.00,513.00,502.00,513.00,502.00,2,Upper,121,34,615.00,2,33,39
2026-09-11T04:38:11+00:00,352,617.00,615.00,619.00,513.00,502.00,513.00,502.00,2,Upper,121,34,615.00,2,33,39
2026-09-11T04:42:13+00:00,350,617.00,615.00,619.00,513.00,502.00,513.00,502.00,2,Upper,121,34,615.00,2,33,39
2026-09-11T04:46:14+00:00,350,617.00,615.00,619.00,513.00,502.00,513.00,502.00,2,Upper,121,34,615.00,2,33,39
2026-09-11T04:50:15+00:00,350,617.00,615.00,619.00,513.00,502.00,513.00,502.00,2,Upper,121,34,615.00,2,33,39
2026-09-11T04:54:17+00:00,350,617.00,615.00,619.00,513.00,502.00,513.00,502.00,2,Upper,121,34,615.00,2,33,39
2026-09-11T04:58:18+00:00,350,617.00,615.00,619.00,513.00,502.00,513.00,502.00,2,Upper,121,34,615.00,2,33,39
2026-09-11T05:02:21+00:00,350,617.00,615.00,619.00,521.00,502.00,521.00,502.00,2,Upper,121,34,615.00,2,33,39
2026-09-11T05:06:23+00:00,350,617.00,615.00,659.00,521.00,502.00,521.00,502.00,2,Upper,121,34,615.00,2,33,39
2026-09-11T05:10:24+00:00,350,617.00,615.00,659.00,513.00,502.00,513.00,502.00,2,Upper,121,34,615.00,2,33,39
2026-09-11T05:14:25+00:00,350,617.00,615.00,659.00,513.00,502.00,513.00,502.00,2,Upper,121,34,615.00,2,33,39
2026-09-11T05:18:27+00:00,350,617.00,615.00,659.00,513.00,502.00,513.00,502.00,2,Upper,121,34,615.00,2,33,39
2026-09-11T05:22:28+00:00,350,617.00,615.00,659.00,513.00,502.00,513.00,502.00,2,Upper,121,34,615.00,2,33,39
2026-09-11T05:26:29+00:00,350,617.00,615.00,659.00,513.00,502.00,513.00,502.00,2,Upper,121,34,615.00,2,33,39
2026-09-11T05:30:31+00:00,354,617.00,615.00,659.00,513.00,502.00,513.00,502.00,2,Upper,121,34,615.00,2,33,39
2026-09-11T05:34:34+00:00,354,617.00,615.00,659.00,513.00,502.00,513.00,502.00,2,Upper,121,34,615.00,2,33,39
2026-09-11T05:38:36+00:00,354,617.00,615.00,659.00,513.00,502.00,513.00,502.00,2,Upper,121,34,615.00,2,33,39
2026-09-11T05:42:37+00:00,354,617.00,615.00,659.00,513.00,502.00,513.00,502.00,2,Upper,121,34,615.00,2,33,39
2026-09-11T05:46:39+00:00,352,617.00,615.00,659.00,513.00,502.00,513.00,502.00,2,Upper,121,34,615.00,2,33,39
2026-09-11T05:50:40+00:00,352,617.00,615.00,659.00,513.00,502.00,513.00,502.00,2,Upper,121,34,615.00,2,33,39
2026-09-11T05:54:42+00:00,353,617.00,615.00,659.00,513.00,502.00,513.00,502.00,2,Upper,121,34,615.00,2,33,39
2026-09-11T05:58:43+00:00,355,617.00,615.00,659.00,513.00,502.00,513.00,502.00,2,Upper,121,34,615.00,2,33,39
2026-09-11T06:02:45+00:00,353,617.00,615.00,659.00,513.00,502.00,513.00,502.00,2,Upper,121,34,615.00,2,33,39
2026-09-11T06:06:48+00:00,355,617.00,615.00,659.00,513.00,502.00,513.00,502.00,2,Upper,121,34,615.00,2,33,39
2026-09-11T06:10:50+00:00,355,617.00,615.00,659.00,513.00,502.00,513.00,502.00,2,Upper,121,34,615.00,2,33,39
2026-09-11T06:14:51+00:00,355,617.00,615.00,659.00,513.00,502.00,513.00,502.00,2,Upper,121,34,615.00,2,33,39
2026-09-11T06:18:52+00:00,350,617.00,615.00,619.00,513.00,502.00,513.00,502.00,2,Upper,121,34,615.00,2,33,39
2026-09-11T06:22:54+00:00,350,617.00,615.00,619.00,513.00,502.00,513.00,502.00,2,Upper,121,34,615.00,2,33,39
2026-09-11T06:26:55+00:00,352,617.00,615.00,619.00,513.00,502.00,513.00,502.00,2,Upper,121,34,615.00,2,33,39
2026-09-11T06:30:57+00:00,350,617.00,615.00,619.00,513.00,502.00,513.00,502.00,2,Upper,121,34,615.00,2,33,39
2026-09-11T06:34:58+00:00,352,617.00,615.00,619.00,513.00,502.00,513.00,502.00,2,Upper,121,34,615.00,2,33,39
2026-09-11T06:39:01+00:00,352,617.00,615.00,619.00,513.00,502.00,513.00,502.00,2,Upper,121,34,615.00,2,33,39
2026-09-11T06:43:03+00:00,352,617.00,615.00,619.00,513.00,502.00,513.00,502.00,2,Upper,121,34,615.00,2,33,39
2026-09-11T06:47:04+00:00,352,617.00,615.00,619.00,513.00,502.00,513.00,502.00,2,Upper,121,34,615.00,2,33,39
2026-09-11T06:51:05+00:00,352,617.00,615.00,619.00,513.00,502.00,513.00,502.00,2,Upper,121,34,615.00,2,33,39
2026-09-11T06:55:06+00:00,352,617.00,615.00,619.00,513.00,502.00,513.00,502.00,2,Upper,121,34,615.00,2,33,39
2026-09-11T06:59:07+00:00,352,617.00,615.00,619.00,513.00,502.00,513.00,502.00,2,Upper,121,34,615.00,2,33,39
2026-09-11T07:03:09+00:00,352,617.00,615.00,619.00,513.00,502.00,513.00,502.00,2,Upper,121,34,615.00,2,33,39
2026-09-11T07:07:10+00:00,352,617.00,615.00,619.00,513.00,502.00,513.00,502.00,2,Upper,121,34,615.00,2,33,39
2026-09-11T07:11:13+00:00,352,617.00,615.00,619.00,513.00,502.00,513.00,502.00,2,Upper,121,34,615.00,2,33,39
2026-09-11T07:15:15+00:00,351,617.00,615.00,619.00,513.00,502.00,513.00,502.00,2,Upper,121,34,615.00,2,33,39
2026-09-11T07:19:16+00:00,351,617.00,615.00,619.00,513.00,502.00,513.00,502.00,2,Upper,121,34,615.00,2,33,39
2026-09-11T07:23:17+00:00,351,617.00,615.00,619.00,513.00,502.00,513.00,502.00,2,Upper,121,34,615.00,2,33,39
2026-09-11T07:27:19+00:00,351,617.00,615.00,619.00,513.00,502.00,513.00,502.00,2,Upper,121,34,615.00,2,33,39
2026-09-11T07:31:20+00:00,351,617.00,615.00,619.00,513.00,502.00,513.00,502.00,2,Upper,121,34,615.00,2,33,39
2026-09-11T07:35:22+00:00,351,617.00,615.00,619.00,513.00,502.00,513.00,502.00,2,Upper,121,34,615.00,2,33,39
2026-09-11T07:39:23+00:00,351,617.00,615.00,619.00,513.00,502.00,513.00,502.00,2,Upper,121,34,615.00,2,33,39
2026-09-11T07:43:26+00:00,351,617.00,615.00,619.00,513.00,502.00,513.00,502.00,2,Upper,121,34,615.00,2,33,39
2026-09-11T07:47:28+00:00,351,617.00,615.00,619.00,513.00,502.00,513.00,502.00,2,Upper,121,34,615.00,2,33,39
2026-09-11T07:51:29+00:00,351,617.00,615.00,619.00,513.00,502.00,513.00,502.00,2,Upper,121,34,615.00,2,33,39
2026-09-11T07:55:30+00:00,351,617.00,615.00,619.00,513.00,502.00,513.00,502.00,2,Upper,121,34,615.00,2,33,39
2026-09-11T07:59:30+00:00,351,617.00,615.00,619.00,513.00,502.00,513.00,502.00,2,Upper,121,34,615.00,2,33,39
2026-09-11T08:03:31+00:00,351,617.00,615.00,619.00,513.00,502.00,513.00,502.00,2,Upper,121,34,615.00,2,33,39
2026-09-11T08:07:32+00:00,351,617.00,615.00,619.00,513.00,502.00,513.00,502.00,2,Upper,121,34,615.00,2,33,39
2026-09-11T08:11:32+00:00,351,617.00,615.00,619.00,513.00,502.00,513.00,502.00,2,Upper,121,34,615.00,2,33,39
2026-09-11T08:15:35+00:00,351,617.00,615.00,619.00,513.00,502.00,513.00,502.00,2,Upper,121,34,615.00,2,33,39
2026-09-11T08:19:36+00:00,351,617.00,615.00,619.00,513.00,502.00,513.00,502.00,2,Upper,121,34,615.00,2,33,39
2026-09-11T08:23:36+00:00,351,617.00,615.00,619.00,513.00,502.00,513.00,502.00,2,Upper,121,34,615.00,2,33,39
2026-09-11T08:27:38+00:00,351,617.00,615.00,619.00,513.00,502.00,513.00,502.00,2,Upper,121,34,615.00,2,33,39
2026-09-11T08:31:38+00:00,351,617.00,615.00,619.00,513.00,502.00,513.00,502.00,2,Upper,121,34,615.00,2,33,39
2026-09-11T08:35:38+00:00,351,617.00,615.00,619.00,513.00,502.00,513.00,502.00,2,Upper,121,34,615.00,2,33,39
2026-09-11T08:39:40+00:00,351,617.00,615.00,619.00,513.00,502.00,513.00,502.00,2,Upper,121,34,615.00,2,33,39
2026-09-11T08:43:40+00:00,351,617.00,615.00,619.00,513.00,502.00,513.00,502.00,2,Upper,121,34,615.00,2,33,39
2026-09-11T08:47:42+00:00,351,617.00,615.00,619.00,513.00,502.00,513.00,502.00,2,Upper,121,34,615.00,2,33,39
2026-09-11T08:51:44+00:00,351,617.00,615.00,619.00,513.00,502.00,513.00,502.00,2,Upper,121,34,615.00,2,33,39
2026-09-11T08:55:44+00:00,351,617.00,615.00,619.00,513.00,502.00,513.00,502.00,2,Upper,121,34,615.00,2,33,39
2026-09-11T08:59:46+00:00,351,617.00,615.00,619.00,513.00,502.00,513.00,502.00,2,Upper,121,34,615.00,2,33,39
2026-09-11T09:03:47+00:00,351,617.00,615.00,619.00,513.00,502.00,513.00,502.00,2,Upper,121,34,615.00,2,33,39
2026-09-11T09:07:49+00:00,351,617.00,615.00,619.00,513.00,502.00,513.00,502.00,2,Upper,121,34,615.00,2,33,39
2026-09-11T09:11:50+00:00,351,617.00,615.00,619.00,513.00,502.00,513.00,502.00,2,Upper,121,34,615.00,2,33,39
2026-09-11T09:15:52+00:00,351,617.00,615.00,619.00,513.00,502.00,513.00,502.00,2,Upper,121,34,615.00,2,33,39
2026-09-11T09:19:55+00:00,351,617.00,615.00,619.00,513.00,502.00,513.00,502.00,2,Upper,121,34,615.00,2,33,39
2026-09-11T09:23:56+00:00,351,617.00,615.00,619.00,513.00,502.00,513.00,502.00,2,Upper,121,34,615.00,2,33,39
2026-09-11T09:27:57+00:00,351,617.00,615.00,619.00,513.00,502.00,513.00,502.00,2,Upper,121,34,615.00,2,33,39
2026-09-11T09:32:10+00:00,347,617.00,615.00,619.00,513.00,502.00,513.00,502.00,2,Upper,121,34,615.00,2,33,39
2026-09-11T09:36:12+00:00,349,617.00,615.00,619.00,513.00,502.00,513.00,502.00,2,Upper,121,34,615.00,2,33,39
2026-09-11T09:40:13+00:00,347,617.00,615.00,619.00,513.00,502.00,513.00,502.00,2,Upper,121,34,615.00,2,33,39
2026-09-11T09:44:14+00:00,350,617.00,615.00,619.00,513.00,502.00,513.00,502.00,2,Upper,121,34,615.00,2,33,39
2026-09-11T09:48:16+00:00,350,617.00,615.00,619.00,513.00,502.00,513.00,502.00,2,Upper,121,34,615.00,2,33,39
2026-09-11T09:52:18+00:00,351,617.00,615.00,619.00,513.00,502.00,513.00,502.00,2,Upper,121,34,615.00,2,33,39
2026-09-11T09:56:19+00:00,347,617.00,615.00,661.00,513.00,502.00,513.00,502.00,2,Upper,121,34,615.00,2,33,39
2026-09-11T10:00:20+00:00,352,617.00,615.00,619.00,513.00,502.00,513.00,502.00,2,Upper,121,34,615.00,2,33,39
2026-09-11T10:04:23+00:00,348,617.00,615.00,661.00,513.00,502.00,513.00,502.00,2,Upper,121,34,615.00,2,33,39
2026-09-11T10:08:25+00:00,352,617.00,615.00,617.00,513.00,502.00,513.00,502.00,2,Upper,121,34,615.00,2,33,39
2026-09-11T10:12:26+00:00,352,617.00,615.00,619.00,513.00,502.00,513.00,502.00,2,Upper,121,34,615.00,2,33,39
2026-09-11T10:16:28+00:00,352,617.00,615.00,619.00,513.00,502.00,513.00,502.00,2,Upper,121,34,615.00,2,33,39
2026-09-11T10:20:29+00:00,351,617.00,615.00,617.00,513.00,502.00,513.00,502.00,2,Upper,121,34,615.00,2,33,39
2026-09-11T10:24:31+00:00,351,617.00,615.00,617.00,513.00,502.00,513.00,502.00,2,Upper,121,34,615.00,2,33,39
2026-09-11T10:28:32+00:00,351,617.00,615.00,617.00,513.00,502.00,513.00,502.00,2,Upper,121,34,615.00,2,33,39
2026-09-11T10:32:33+00:00,351,617.00,615.00,617.00,513.00,502.00,513.00,502.00,2,Upper,121,34,615.00,2,33,39
2026-09-11T10:36:36+00:00,351,617.00,615.00,617.00,513.00,502.00,513.00,502.00,2,Upper,121,34,615.00,2,33,39
2026-09-11T10:40:38+00:00,351,617.00,615.00,617.00,513.00,502.00,513.00,502.00,2,Upper,121,34,615.00,2,33,39
2026-09-11T10:44:38+00:00,351,617.00,615.00,617.00,513.00,502.00,513.00,502.00,2,Upper,121,34,615.00,2,33,39
2026-09-11T10:48:39+00:00,351,617.00,615.00,617.00,513.00,502.00,513.00,502.00,2,Upper,121,34,615.00,2,33,39
2026-09-11T10:52:40+00:00,351,617.00,615.00,617.00,513.00,502.00,513.00,502.00,2,Upper,121,34,615.00,2,33,39
2026-09-11T10:56:42+00:00,351,617.00,615.00,617.00,513.00,502.00,513.00,502.00,2,Upper,121,34,615.00,2,33,39
2026-09-11T11:00:43+00:00,351,617.00,615.00,617.00,513.00,502.00,513.00,502.00,2,Upper,121,34,615.00,2,33,39
2026-09-11T11:04:44+00:00,351,617.00,615.00,617.00,513.00,502.00,513.00,502.00,2,Upper,121,34,615.00,2,33,39
2026-09-11T11:08:47+00:00,351,617.00,615.00,617.00,513.00,502.00,513.00,502.00,2,Upper,121,34,615.00,2,33,39
2026-09-11T11:12:47+00:00,351,617.00,615.00,617.00,513.00,502.00,513.00,502.00,2,Upper,121,34,615.00,2,33,39
2026-09-11T11:16:49+00:00,351,617.00,615.00,617.00,513.00,502.00,513.00,502.00,2,Upper,121,34,615.00,2,33,39
2026-09-11T11:20:50+00:00,351,617.00,615.00,617.00,513.00,502.00,513.00,502.00,2,Upper,121,34,615.00,2,33,39
2026-09-11T11:24:52+00:00,351,617.00,615.00,617.00,513.00,502.00,513.00,502.00,2,Upper,121,34,615.00,2,33,39
2026-09-11T11:28:53+00:00,351,617.00,615.00,617.00,513.00,502.00,513.00,502.00,2,Upper,121,34,615.00,2,33,39
2026-09-11T11:32:55+00:00,351,617.00,615.00,617.00,513.00,502.00,513.00,502.00,2,Upper,121,34,615.00,2,33,39
2026-09-11T11:36:55+00:00,351,617.00,615.00,617.00,513.00,502.00,513.00,502.00,2,Upper,121,34,615.00,2,33,39
2026-09-11T11:40:58+00:00,351,617.00,615.00,617.00,513.00,502.00,513.00,502.00,2,Upper,121,34,615.00,2,33,39
2026-09-11T11:44:59+00:00,351,617.00,615.00,617.00,513.00,502.00,513.00,502.00,2,Upper,121,34,615.00,2,33,39
2026-09-11T11:49:00+00:00,351,617.00,615.00,617.00,513.00,502.00,513.00,502.00,2,Upper,121,34,615.00,2,33,39
2026-09-11T11:53:01+00:00,351,617.00,615.00,617.00,513.00,502.00,513.00,502.00,2,Upper,121,34,615.00,2,33,39
2026-09-11T11:57:02+00:00,351,617.00,615.00,617.00,513.00,502.00,513.00,502.00,2,Upper,121,34,615.00,2,33,39
2026-09-11T12:01:02+00:00,351,617.00,615.00,617.00,513.00,502.00,513.00,502.00,2,Upper,121,34,615.00,2,33,39
2026-09-11T12:05:04+00:00,350,617.00,615.00,617.00,513.00,502.00,513.00,502.00,2,Upper,121,34,615.00,2,33,39
2026-09-11T12:09:05+00:00,344,617.00,615.00,617.00,513.00,502.00,513.00,502.00,2,Upper,121,34,615.00,2,33,39
2026-09-11T12:13:08+00:00,344,617.00,615.00,617.00,513.00,502.00,513.00,502.00,2,Upper,121,34,615.00,2,33,39
2026-09-11T12:17:10+00:00,344,617.00,615.00,617.00,513.00,502.00,513.00,502.00,2,Upper,121,34,615.00,2,33,39
2026-09-11T12:21:11+00:00,349,617.00,615.00,617.00,513.00,502.00,513.00,502.00,2,Upper,121,34,615.00,2,33,39
2026-09-11T12:25:12+00:00,345,617.00,584.00,605.00,513.00,502.00,513.00,502.00,2,Upper,121,34,584.00,2,33,39
2026-09-11T12:29:14+00:00,347,617.00,584.00,605.00,513.00,502.00,513.00,502.00,2,Upper,121,34,584.00,2,33,39
2026-09-11T12:33:15+00:00,349,617.00,584.00,605.00,513.00,502.00,513.00,502.00,2,Upper,121,34,584.00,2,33,39
2026-09-11T12:37:16+00:00,349,617.00,584.00,605.00,513.00,502.00,513.00,502.00,2,Upper,121,34,584.00,2,33,39
2026-09-11T12:41:18+00:00,349,617.00,584.00,605.00,513.00,502.00,513.00,502.00,2,Upper,121,34,584.00,2,33,39
2026-09-11T12:45:21+00:00,349,617.00,584.00,605.00,513.00,502.00,513.00,502.00,2,Upper,121,34,584.00,2,33,39
2026-09-11T12:49:22+00:00,349,617.00,584.00,605.00,513.00,502.00,513.00,502.00,2,Upper,121,34,584.00,2,33,39
2026-09-11T12:53:24+00:00,349,617.00,584.00,605.00,513.00,502.00,513.00,502.00,2,Upper,121,34,584.00,2,33,39
2026-09-11T12:57:24+00:00,347,617.00,584.00,605.00,513.00,502.00,513.00,502.00,2,Upper,121,34,584.00,2,33,39
2026-09-11T13:01:25+00:00,347,617.00,584.00,605.00,513.00,502.00,513.00,502.00,2,Upper,121,34,584.00,2,33,39
2026-09-11T13:05:26+00:00,347,617.00,584.00,605.00,513.00,502.00,513.00,502.00,2,Upper,121,34,584.00,2,33,39
2026-09-11T13:09:27+00:00,347,617.00,584.00,605.00,513.00,502.00,513.00,502.00,2,Upper,121,34,584.00,2,33,39
2026-09-11T13:13:29+00:00,349,617.00,584.00,605.00,513.00,502.00,513.00,502.00,2,Upper,121,34,584.00,2,33,39
2026-09-11T13:17:32+00:00,350,617.00,584.00,605.00,513.00,502.00,513.00,502.00,2,Upper,121,34,584.00,2,33,39
2026-09-11T13:21:33+00:00,349,617.00,584.00,605.00,513.00,502.00,513.00,502.00,2,Upper,121,34,584.00,2,33,39
2026-09-11T13:25:35+00:00,351,617.00,584.00,605.00,513.00,502.00,513.00,502.00,2,Upper,121,34,584.00,2,33,39
2026-09-11T13:29:36+00:00,355,617.00,584.00,605.00,513.00,502.00,513.00,502.00,2,Upper,121,34,584.00,2,33,39
2026-09-11T13:33:37+00:00,353,617.00,584.00,605.00,513.00,502.00,513.00,502.00,2,Upper,121,34,584.00,2,33,39
2026-09-11T13:37:39+00:00,353,617.00,584.00,605.00,513.00,502.00,513.00,502.00,2,Upper,121,34,584.00,2,33,39
2026-09-11T13:41:40+00:00,353,617.00,584.00,605.00,513.00,502.00,513.00,502.00,2,Upper,121,34,584.00,2,33,39
2026-09-11T13:45:42+00:00,353,617.00,584.00,605.00,513.00,502.00,513.00,502.00,2,Upper,121,34,584.00,2,33,39
2026-09-11T13:49:45+00:00,353,617.00,584.00,605.00,513.00,502.00,513.00,502.00,2,Upper,121,34,584.00,2,33,39
2026-09-11T13:53:47+00:00,351,617.00,584.00,605.00,513.00,502.00,513.00,502.00,2,Upper,121,34,584.00,2,33,39
2026-09-11T13:57:48+00:00,354,617.00,584.00,605.00,513.00,502.00,513.00,502.00,2,Upper,121,34,584.00,2,33,39
2026-09-11T14:01:49+00:00,357,617.00,584.00,605.00,513.00,502.00,513.00,502.00,2,Upper,121,34,584.00,2,33,39
2026-09-11T14:05:51+00:00,359,617.00,584.00,605.00,513.00,502.00,513.00,502.00,2,Upper,121,34,584.00,2,33,39
2026-09-11T14:09:52+00:00,358,617.00,584.00,605.00,513.00,502.00,513.00,502.00,2,Upper,121,34,584.00,2,33,39
2026-09-11T14:13:54+00:00,358,617.00,584.00,605.00,513.00,502.00,513.00,502.00,2,Upper,121,34,584.00,2,33,39
2026-09-11T14:17:55+00:00,359,617.00,584.00,605.00,513.00,502.00,513.00,502.00,2,Upper,121,34,584.00,2,33,39
2026-09-11T14:21:58+00:00,358,617.00,584.00,605.00,513.00,502.00,513.00,502.00,2,Upper,121,34,584.00,2,33,39
2026-09-11T14:26:00+00:00,357,617.00,584.00,605.00,513.00,502.00,513.00,502.00,2,Upper,121,34,584.00,2,33,39
2026-09-11T14:30:01+00:00,357,617.00,584.00,605.00,513.00,502.00,513.00,502.00,2,Upper,121,34,584.00,2,33,39
2026-09-11T14:34:17+00:00,358,617.00,584.00,605.00,513.00,502.00,513.00,502.00,2,Upper,121,34,584.00,2,33,39
2026-09-11T14:38:18+00:00,355,605.00,584.00,605.00,513.00,502.00,513.00,502.00,2,Upper,121,34,584.00,2,33,39
2026-09-11T14:42:19+00:00,357,605.00,584.00,605.00,513.00,502.00,513.00,502.00,2,Upper,121,34,584.00,2,33,39
2026-09-11T14:46:21+00:00,356,605.00,584.00,605.00,513.00,502.00,513.00,502.00,2,Upper,121,34,584.00,2,33,39
2026-09-11T14:50:23+00:00,356,605.00,584.00,605.00,513.00,502.00,513.00,502.00,2,Upper,121,34,584.00,2,33,39
2026-09-11T14:54:24+00:00,357,605.00,584.00,605.00,513.00,502.00,513.00,502.00,2,Upper,121,34,584.00,2,33,39
2026-09-11T14:58:25+00:00,357,605.00,584.00,605.00,513.00,502.00,513.00,502.00,2,Upper,121,34,584.00,2,33,39
2026-09-11T15:02:26+00:00,356,605.00,584.00,605.00,513.00,502.00,513.00,502.00,2,Upper,121,34,584.00,2,33,39
2026-09-11T15:06:29+00:00,357,617.00,612.00,661.00,513.00,502.00,513.00,502.00,2,Upper,121,34,612.00,2,32,42
2026-09-11T15:10:30+00:00,357,617.00,612.00,661.00,513.00,502.00,513.00,502.00,2,Upper,121,34,612.00,2,32,42
2026-09-11T15:14:32+00:00,360,617.00,612.00,661.00,513.00,502.00,513.00,502.00,2,Upper,121,34,612.00,2,32,42
2026-09-11T15:18:33+00:00,361,617.00,612.00,661.00,513.00,502.00,513.00,502.00,2,Upper,121,34,612.00,2,32,42
2026-09-11T15:22:34+00:00,360,617.00,612.00,661.00,513.00,502.00,513.00,502.00,2,Upper,121,34,612.00,2,32,42
2026-09-11T15:26:36+00:00,360,617.00,612.00,661.00,513.00,502.00,513.00,502.00,2,Upper,121,34,612.00,2,32,42
2026-09-11T15:30:37+00:00,359,617.00,612.00,661.00,513.00,502.00,513.00,502.00,2,Upper,121,34,612.00,2,32,42
2026-09-11T15:34:38+00:00,353,617.00,612.00,661.00,513.00,502.00,513.00,502.00,2,Upper,121,34,612.00,2,32,42
2026-09-11T15:38:41+00:00,358,617.00,612.00,661.00,513.00,502.00,513.00,502.00,2,Upper,121,34,612.00,2,32,42
2026-09-11T15:42:42+00:00,358,617.00,612.00,661.00,513.00,502.00,513.00,502.00,2,Upper,121,34,612.00,2,32,42
2026-09-11T15:46:44+00:00,358,617.00,612.00,661.00,513.00,502.00,513.00,502.00,2,Upper,121,34,612.00,2,32,42
2026-09-11T15:50:45+00:00,358,617.00,612.00,661.00,513.00,502.00,513.00,502.00,2,Upper,121,34,612.00,2,32,42
2026-09-11T15:54:46+00:00,360,617.00,612.00,661.00,513.00,502.00,513.00,502.00,2,Upper,121,34,612.00,2,32,42
2026-09-11T15:58:47+00:00,356,617.00,612.00,661.00,513.00,502.00,513.00,502.00,2,Upper,121,34,612.00,2,32,42
2026-09-11T16:02:49+00:00,356,617.00,612.00,661.00,513.00,502.00,513.00,502.00,2,Upper,121,34,612.00,2,32,42
2026-09-11T16:06:50+00:00,358,617.00,612.00,661.00,513.00,502.00,513.00,502.00,2,Upper,121,34,612.00,2,32,42
2026-09-11T16:10:53+00:00,358,617.00,612.00,661.00,513.00,502.00,513.00,502.00,2,Upper,121,34,612.00,2,32,42
2026-09-11T16:14:54+00:00,358,617.00,612.00,661.00,513.00,502.00,513.00,502.00,2,Upper,121,34,612.00,2,32,42
2026-09-11T16:18:55+00:00,354,617.00,612.00,661.00,513.00,502.00,513.00,502.00,2,Upper,121,34,612.00,2,32,42
2026-09-11T16:22:57+00:00,352,617.00,612.00,661.00,513.00,502.00,513.00,502.00,2,Upper,121,34,612.00,2,32,42
2026-09-11T16:26:58+00:00,353,617.00,612.00,661.00,513.00,502.00,513.00,502.00,2,Upper,121,34,612.00,2,32,42
2026-09-11T16:30:59+00:00,353,617.00,612.00,661.00,513.00,502.00,513.00,502.00,2,Upper,121,34,612.00,2,32,42
2026-09-11T16:35:01+00:00,352,617.00,612.00,661.00,513.00,502.00,513.00,502.00,2,Upper,121,34,612.00,2,32,42
2026-09-11T16:39:02+00:00,354,617.00,612.00,661.00,513.00,502.00,513.00,502.00,2,Upper,121,34,612.00,2,32,42
2026-09-11T16:43:05+00:00,354,617.00,612.00,661.00,513.00,502.00,513.00,502.00,2,Upper,121,34,612.00,2,32,42
2026-09-11T16:47:06+00:00,354,617.00,612.00,661.00,513.00,502.00,513.00,502.00,2,Upper,121,34,612.00,2,32,42
2026-09-11T16:51:08+00:00,354,617.00,612.00,661.00,513.00,502.00,513.00,502.00,2,Upper,121,34,612.00,2,32,42
2026-09-11T16:55:09+00:00,354,617.00,612.00,661.00,513.00,502.00,513.00,502.00,2,Upper,121,34,612.00,2,32,42
2026-09-11T16:59:10+00:00,354,617.00,612.00,661.00,513.00,502.00,513.00,502.00,2,Upper,121,34,612.00,2,32,42
2026-09-11T17:03:11+00:00,354,617.00,612.00,661.00,513.00,502.00,513.00,502.00,2,Upper,121,34,612.00,2,32,42
2026-09-11T17:07:13+00:00,353,617.00,612.00,661.00,521.00,502.00,521.00,502.00,2,Upper,121,34,612.00,2,32,42
2026-09-11T17:11:14+00:00,354,617.00,612.00,661.00,521.00,502.00,521.00,502.00,2,Upper,121,34,612.00,2,32,42
2026-09-11T17:15:17+00:00,355,617.00,584.00,661.00,521.00,502.00,521.00,502.00,2,Upper,121,34,584.00,2,33,39
2026-09-11T17:19:19+00:00,355,617.00,584.00,661.00,521.00,502.00,521.00,502.00,2,Upper,121,34,584.00,2,33,39
2026-09-11T17:23:20+00:00,360,617.00,612.00,661.00,521.00,502.00,521.00,502.00,2,Upper,121,34,612.00,2,32,42
2026-09-11T17:27:21+00:00,360,617.00,612.00,661.00,521.00,502.00,521.00,502.00,2,Upper,121,34,612.00,2,32,42
2026-09-11T17:31:22+00:00,360,617.00,612.00,661.00,521.00,502.00,521.00,502.00,2,Upper,121,34,612.00,2,32,42
2026-09-11T17:35:24+00:00,353,617.00,606.00,660.00,521.00,502.00,521.00,502.00,2,Upper,121,34,606.00,2,32,42
2026-09-11T17:39:25+00:00,354,617.00,606.00,660.00,521.00,502.00,521.00,502.00,2,Upper,121,34,606.00,2,32,42
2026-09-11T17:43:26+00:00,354,617.00,606.00,660.00,521.00,502.00,521.00,502.00,2,Upper,121,34,606.00,2,32,42
2026-09-11T17:47:29+00:00,354,617.00,606.00,660.00,521.00,502.00,521.00,502.00,2,Upper,121,34,606.00,2,32,42
2026-09-11T17:51:30+00:00,353,617.00,606.00,660.00,521.00,502.00,521.00,502.00,2,Upper,121,34,606.00,2,32,42
2026-09-11T17:55:32+00:00,354,617.00,606.00,660.00,521.00,502.00,521.00,502.00,2,Upper,121,34,606.00,2,32,42
2026-09-11T17:59:33+00:00,354,617.00,606.00,660.00,521.00,502.00,521.00,502.00,2,Upper,121,34,606.00,2,32,42
2026-09-11T18:03:34+00:00,353,617.00,584.00,660.00,521.00,502.00,521.00,502.00,2,Upper,121,34,584.00,2,33,39
2026-09-11T18:07:35+00:00,354,617.00,606.00,660.00,521.00,502.00,521.00,502.00,2,Upper,121,34,606.00,2,32,42
2026-09-11T18:11:37+00:00,354,617.00,606.00,660.00,521.00,502.00,521.00,502.00,2,Upper,121,34,606.00,2,32,42
2026-09-11T18:15:38+00:00,357,617.00,584.00,660.00,521.00,502.00,521.00,502.00,2,Upper,121,34,584.00,2,33,39
2026-09-11T18:19:41+00:00,351,617.00,584.00,661.00,521.00,502.00,521.00,502.00,2,Upper,121,34,584.00,2,33,39
2026-09-11T18:23:42+00:00,351,617.00,584.00,661.00,521.00,502.00,521.00,502.00,2,Upper,121,34,584.00,2,33,39
2026-09-11T18:27:44+00:00,351,617.00,584.00,661.00,521.00,502.00,521.00,502.00,2,Upper,121,34,584.00,2,33,39
2026-09-11T18:31:45+00:00,351,617.00,584.00,661.00,521.00,502.00,521.00,502.00,2,Upper,121,34,584.00,2,33,39
2026-09-11T18:35:46+00:00,351,617.00,584.00,661.00,521.00,502.00,521.00,502.00,2,Upper,121,34,584.00,2,33,39
2026-09-11T18:39:48+00:00,351,617.00,584.00,661.00,521.00,502.00,521.00,502.00,2,Upper,121,34,584.00,2,33,39
2026-09-11T18:43:49+00:00,351,617.00,584.00,661.00,521.00,502.00,521.00,502.00,2,Upper,121,34,584.00,2,33,39
2026-09-11T18:47:50+00:00,355,617.00,584.00,661.00,521.00,502.00,521.00,502.00,2,Upper,121,34,584.00,2,33,39
2026-09-11T18:51:53+00:00,355,617.00,584.00,661.00,521.00,502.00,521.00,502.00,2,Upper,121,34,584.00,2,33,39
2026-09-11T18:55:55+00:00,358,617.00,584.00,661.00,521.00,502.00,521.00,502.00,2,Upper,121,34,584.00,2,33,39
2026-09-11T18:59:56+00:00,352,617.00,584.00,660.00,521.00,502.00,521.00,502.00,2,Upper,121,34,584.00,2,33,39
2026-09-11T19:03:58+00:00,351,617.00,584.00,660.00,521.00,502.00,521.00,502.00,2,Upper,121,34,584.00,2,33,39
2026-09-11T19:07:59+00:00,351,617.00,584.00,660.00,521.00,502.00,521.00,502.00,2,Upper,121,34,584.00,2,33,39
2026-09-11T19:12:00+00:00,351,617.00,584.00,660.00,521.00,502.00,521.00,502.00,2,Upper,121,34,584.00,2,33,39
2026-09-11T19:16:01+00:00,352,617.00,584.00,654.00,521.00,502.00,521.00,502.00,2,Upper,121,34,584.00,2,33,39
2026-09-11T19:20:02+00:00,352,617.00,584.00,660.00,521.00,502.00,521.00,502.00,2,Upper,121,34,584.00,2,33,39
2026-09-11T19:24:05+00:00,351,617.00,584.00,660.00,521.00,502.00,521.00,502.00,2,Upper,121,34,584.00,2,33,39
2026-09-11T19:28:06+00:00,352,617.00,584.00,660.00,521.00,502.00,521.00,502.00,2,Upper,121,34,584.00,2,33,39
2026-09-11T19:32:08+00:00,352,617.00,584.00,660.00,521.00,502.00,521.00,502.00,2,Upper,121,34,584.00,2,33,39
2026-09-11T19:36:20+00:00,352,617.00,584.00,660.00,521.00,502.00,521.00,502.00,2,Upper,121,34,584.00,2,33,39
2026-09-11T19:40:21+00:00,352,617.00,584.00,660.00,521.00,502.00,521.00,502.00,2,Upper,121,34,584.00,2,33,39
2026-09-11T19:44:22+00:00,352,617.00,584.00,660.00,521.00,502.00,521.00,502.00,2,Upper,121,34,584.00,2,33,39
2026-09-11T19:48:24+00:00,351,617.00,584.00,660.00,521.00,502.00,521.00,502.00,2,Upper,121,34,584.00,2,33,39
2026-09-11T19:52:25+00:00,355,617.00,584.00,660.00,521.00,502.00,521.00,502.00,2,Upper,121,34,584.00,2,33,39
2026-09-11T19:56:26+00:00,357,617.00,584.00,660.00,521.00,502.00,521.00,502.00,2,Upper,121,34,584.00,2,33,39
2026-09-11T20:00:27+00:00,357,617.00,584.00,659.00,521.00,502.00,521.00,502.00,2,Upper,121,34,584.00,2,33,39
2026-09-11T20:04:28+00:00,357,617.00,584.00,659.00,521.00,502.00,521.00,502.00,2,Upper,121,34,584.00,2,33,39
2026-09-11T20:08:32+00:00,357,617.00,584.00,659.00,521.00,502.00,521.00,502.00,2,Upper,121,34,584.00,2,33,39
2026-09-11T20:12:33+00:00,357,617.00,584.00,659.00,521.00,502.00,521.00,502.00,2,Upper,121,34,584.00,2,33,39
2026-09-11T20:16:34+00:00,357,617.00,584.00,659.00,521.00,502.00,521.00,502.00,2,Upper,121,34,584.00,2,33,39
2026-09-11T20:20:36+00:00,355,617.00,584.00,659.00,521.00,502.00,521.00,502.00,2,Upper,121,34,584.00,2,33,39
2026-09-11T20:24:37+00:00,358,617.00,584.00,659.00,521.00,502.00,529.00,502.00,2,Upper,121,34,584.00,2,33,39
2026-09-11T20:28:38+00:00,358,617.00,584.00,659.00,521.00,498.00,529.00,498.00,2,Upper,139,19,584.00,2,33,39
2026-09-11T20:32:39+00:00,359,617.00,584.00,659.00,521.00,498.00,529.00,498.00,2,Upper,139,19,584.00,2,33,39
2026-09-11T20:36:40+00:00,359,617.00,584.00,659.00,521.00,498.00,529.00,498.00,2,Upper,139,19,584.00,2,33,39
2026-09-11T20:40:43+00:00,359,617.00,584.00,659.00,523.00,498.00,529.00,498.00,2,Upper,139,19,584.00,2,33,39
2026-09-11T20:44:45+00:00,362,617.00,605.00,660.00,523.00,498.00,529.00,498.00,2,Upper,139,19,605.00,2,32,42
2026-09-11T20:48:46+00:00,363,617.00,605.00,660.00,523.00,498.00,529.00,498.00,2,Upper,139,19,605.00,2,32,42
2026-09-11T20:52:47+00:00,359,617.00,584.00,660.00,523.00,498.00,529.00,498.00,2,Upper,139,19,584.00,2,33,39
2026-09-11T20:56:48+00:00,359,617.00,584.00,660.00,523.00,498.00,529.00,498.00,2,Upper,139,19,584.00,2,33,39
2026-09-11T21:00:49+00:00,359,617.00,584.00,660.00,523.00,498.00,529.00,498.00,2,Upper,139,19,584.00,2,33,39
2026-09-11T21:04:51+00:00,359,617.00,584.00,660.00,523.00,498.00,529.00,498.00,2,Upper,139,19,584.00,2,33,39
2026-09-11T21:08:52+00:00,359,617.00,584.00,660.00,523.00,498.00,529.00,498.00,2,Upper,139,19,584.00,2,33,39
2026-09-11T21:12:54+00:00,359,617.00,584.00,660.00,523.00,498.00,529.00,498.00,2,Upper,139,19,584.00,2,33,39
2026-09-11T21:16:55+00:00,360,617.00,605.00,660.00,523.00,498.00,529.00,498.00,2,Upper,139,19,605.00,2,32,42
2026-09-11T21:20:56+00:00,361,617.00,605.00,660.00,523.00,498.00,529.00,498.00,2,Upper,139,19,605.00,2,32,42
2026-09-11T21:24:57+00:00,361,617.00,605.00,660.00,523.00,498.00,529.00,498.00,2,Upper,139,19,605.00,2,32,42
2026-09-11T21:28:58+00:00,362,617.00,605.00,660.00,523.00,498.00,529.00,498.00,2,Upper,139,19,605.00,2,32,42
2026-09-11T21:33:00+00:00,361,617.00,605.00,660.00,523.00,498.00,529.00,498.00,2,Upper,139,19,605.00,2,32,42
2026-09-11T21:37:01+00:00,361,617.00,605.00,660.00,523.00,498.00,529.00,498.00,2,Upper,139,19,605.00,2,32,42
2026-09-11T21:41:02+00:00,361,617.00,605.00,660.00,523.00,498.00,529.00,498.00,2,Upper,139,19,605.00,2,32,42
2026-09-11T21:45:04+00:00,361,617.00,605.00,660.00,523.00,498.00,529.00,498.00,2,Upper,139,19,605.00,2,32,42
2026-09-11T21:49:05+00:00,363,617.00,605.00,660.00,523.00,498.00,529.00,498.00,2,Upper,139,19,605.00,2,32,42
2026-09-11T21:53:07+00:00,361,617.00,584.00,660.00,525.00,498.00,529.00,498.00,2,Upper,139,19,584.00,2,33,39
2026-09-11T21:57:08+00:00,359,617.00,584.00,660.00,525.00,498.00,529.00,498.00,2,Upper,139,19,584.00,2,33,39
2026-09-11T22:01:09+00:00,359,617.00,584.00,660.00,525.00,498.00,529.00,498.00,2,Upper,139,19,584.00,2,33,39
2026-09-11T22:05:10+00:00,356,617.00,584.00,660.00,525.00,498.00,529.00,498.00,2,Upper,139,19,584.00,2,33,39
2026-09-11T22:09:12+00:00,357,617.00,606.00,660.00,525.00,498.00,529.00,498.00,2,Upper,139,19,606.00,2,32,42
2026-09-11T22:13:13+00:00,358,617.00,606.00,660.00,525.00,498.00,529.00,498.00,2,Upper,139,19,606.00,2,32,42
2026-09-11T22:17:16+00:00,357,617.00,606.00,660.00,525.00,498.00,529.00,498.00,2,Upper,139,19,606.00,2,32,42
2026-09-11T22:21:17+00:00,360,617.00,606.00,660.00,525.00,498.00,529.00,498.00,2,Upper,139,19,606.00,2,32,42
2026-09-11T22:25:18+00:00,360,617.00,606.00,660.00,525.00,498.00,529.00,498.00,2,Upper,139,19,606.00,2,32,42
2026-09-11T22:29:19+00:00,362,617.00,606.00,660.00,525.00,498.00,529.00,498.00,2,Upper,139,19,606.00,2,32,42
2026-09-11T22:33:21+00:00,362,617.00,606.00,660.00,525.00,498.00,529.00,498.00,2,Upper,139,19,606.00,2,32,42
2026-09-11T22:37:22+00:00,362,617.00,606.00,660.00,525.00,498.00,529.00,498.00,2,Upper,139,19,606.00,2,32,42
2026-09-11T22:41:23+00:00,362,617.00,606.00,660.00,525.00,498.00,529.00,498.00,2,Upper,139,19,606.00,2,32,42
2026-09-11T22:45:24+00:00,362,617.00,606.00,660.00,525.00,498.00,529.00,498.00,2,Upper,139,19,606.00,2,32,42
2026-09-11T22:49:27+00:00,361,617.00,607.00,660.00,525.00,498.00,529.00,498.00,2,Upper,139,19,607.00,2,32,42
2026-09-11T22:53:28+00:00,360,617.00,584.00,661.00,525.00,498.00,529.00,498.00,2,Upper,139,19,584.00,2,33,39
2026-09-11T22:57:29+00:00,365,617.00,612.00,661.00,525.00,498.00,529.00,498.00,2,Upper,139,19,612.00,2,32,42
2026-09-11T23:01:30+00:00,320,617.00,584.00,660.00,525.00,498.00,529.00,498.00,2,Upper,139,19,584.00,2,33,39
2026-09-11T23:05:31+00:00,320,617.00,584.00,660.00,525.00,498.00,529.00,498.00,2,Upper,139,19,584.00,2,33,39
2026-09-11T23:09:32+00:00,320,617.00,584.00,660.00,525.00,498.00,529.00,498.00,2,Upper,139,19,584.00,2,33,39
2026-09-11T23:13:33+00:00,322,617.00,584.00,660.00,525.00,498.00,529.00,498.00,2,Upper,139,19,584.00,2,33,39
2026-09-11T23:17:35+00:00,321,617.00,584.00,660.00,525.00,498.00,529.00,498.00,2,Upper,139,19,584.00,2,33,39
2026-09-11T23:21:37+00:00,323,617.00,584.00,660.00,525.00,498.00,529.00,498.00,2,Upper,139,19,584.00,2,33,39
2026-09-11T23:25:38+00:00,366,617.00,605.00,660.00,525.00,498.00,529.00,498.00,2,Upper,139,19,605.00,2,32,42
2026-09-11T23:29:40+00:00,366,617.00,605.00,660.00,525.00,498.00,529.00,498.00,2,Upper,139,19,605.00,2,32,42
2026-09-11T23:33:41+00:00,359,623.00,605.00,660.00,525.00,498.00,529.00,498.00,2,Upper,139,19,605.00,2,32,42
2026-09-11T23:37:42+00:00,360,617.00,605.00,660.00,525.00,498.00,529.00,498.00,2,Upper,139,19,605.00,2,32,42
2026-09-11T23:41:43+00:00,360,617.00,605.00,660.00,525.00,498.00,529.00,498.00,2,Upper,139,19,605.00,2,32,42
2026-09-11T23:45:44+00:00,364,617.00,604.00,660.00,525.00,498.00,529.00,498.00,2,Upper,139,19,604.00,2,32,42
2026-09-11T23:49:46+00:00,361,617.00,604.00,660.00,525.00,498.00,529.00,498.00,2,Upper,139,19,604.00,2,32,42
2026-09-11T23:53:48+00:00,358,617.00,605.00,660.00,525.00,498.00,529.00,498.00,2,Upper,139,19,605.00,2,32,42
2026-09-11T23:57:49+00:00,365,617.00,605.00,660.00,525.00,498.00,529.00,498.00,2,Upper,139,19,605.00,2,32,42
2026-09-12T00:01:50+00:00,364,617.00,605.00,660.00,525.00,498.00,529.00,498.00,2,Upper,139,19,605.00,2,32,42
2026-09-12T00:05:51+00:00,363,617.00,605.00,660.00,525.00,498.00,529.00,498.00,2,Upper,139,19,605.00,2,32,42
2026-09-12T00:09:52+00:00,360,617.00,609.00,660.00,525.00,498.00,529.00,498.00,2,Upper,139,19,609.00,2,32,42
2026-09-12T00:13:54+00:00,362,617.00,609.00,660.00,525.00,498.00,529.00,498.00,2,Upper,139,19,609.00,2,32,42
2026-09-12T00:17:55+00:00,356,617.00,584.00,660.00,525.00,498.00,529.00,498.00,2,Upper,139,19,584.00,2,33,39
2026-09-12T00:21:56+00:00,356,617.00,584.00,660.00,525.00,498.00,529.00,498.00,2,Upper,139,19,584.00,2,33,39
2026-09-12T00:25:58+00:00,355,617.00,614.00,660.00,525.00,498.00,529.00,498.00,2,Upper,139,19,614.00,2,32,42
2026-09-12T00:30:00+00:00,357,617.00,614.00,660.00,525.00,498.00,529.00,498.00,2,Upper,139,19,614.00,2,32,42
2026-09-12T00:34:01+00:00,357,617.00,614.00,660.00,525.00,498.00,529.00,498.00,2,Upper,139,19,614.00,2,32,42
2026-09-12T00:38:12+00:00,354,617.00,614.00,660.00,525.00,498.00,529.00,498.00,2,Upper,139,19,614.00,2,32,42
2026-09-12T00:42:13+00:00,351,617.00,584.00,660.00,525.00,498.00,529.00,498.00,2,Upper,139,19,584.00,2,33,39
2026-09-12T00:46:14+00:00,351,617.00,584.00,660.00,525.00,498.00,529.00,498.00,2,Upper,139,19,584.00,2,33,39
2026-09-12T00:50:15+00:00,355,617.00,614.00,660.00,525.00,498.00,529.00,498.00,2,Upper,139,19,614.00,2,32,42
2026-09-12T00:54:17+00:00,358,617.00,584.00,661.00,525.00,498.00,529.00,498.00,2,Upper,139,19,584.00,2,33,39
2026-09-12T00:58:18+00:00,358,617.00,584.00,661.00,525.00,498.00,529.00,498.00,2,Upper,139,19,584.00,2,33,39
2026-09-12T01:02:19+00:00,358,617.00,584.00,661.00,525.00,498.00,529.00,498.00,2,Upper,139,19,584.00,2,33,39
2026-09-12T01:06:21+00:00,358,617.00,584.00,661.00,525.00,498.00,529.00,498.00,2,Upper,139,19,584.00,2,33,39
2026-09-12T01:10:23+00:00,360,617.00,584.00,661.00,525.00,498.00,529.00,498.00,2,Upper,139,19,584.00,2,33,39
2026-09-12T01:14:25+00:00,360,617.00,584.00,661.00,525.00,498.00,529.00,498.00,2,Upper,139,19,584.00,2,33,39
2026-09-12T01:18:26+00:00,359,617.00,584.00,661.00,525.00,498.00,525.00,498.00,2,Upper,139,19,584.00,2,33,39
2026-09-12T01:22:28+00:00,359,617.00,584.00,661.00,525.00,498.00,525.00,498.00,2,Upper,139,19,584.00,2,33,39
2026-09-12T01:26:29+00:00,359,617.00,584.00,661.00,525.00,498.00,529.00,498.00,2,Upper,139,19,584.00,2,33,39
2026-09-12T01:30:31+00:00,361,617.00,584.00,661.00,525.00,498.00,529.00,498.00,2,Upper,139,19,584.00,2,33,39
2026-09-12T01:34:32+00:00,360,617.00,584.00,661.00,525.00,498.00,529.00,498.00,2,Upper,139,19,584.00,2,33,39
2026-09-12T01:38:33+00:00,359,617.00,584.00,661.00,525.00,498.00,529.00,498.00,2,Upper,139,19,584.00,2,33,39
2026-09-12T01:42:36+00:00,361,617.00,584.00,661.00,525.00,498.00,529.00,498.00,2,Upper,139,19,584.00,2,33,39
2026-09-12T01:46:38+00:00,361,617.00,584.00,661.00,525.00,498.00,529.00,498.00,2,Upper,139,19,584.00,2,33,39
2026-09-12T01:50:39+00:00,360,617.00,584.00,661.00,525.00,498.00,529.00,498.00,2,Upper,139,19,584.00,2,33,39
2026-09-12T01:54:40+00:00,361,617.00,584.00,661.00,525.00,498.00,529.00,498.00,2,Upper,139,19,584.00,2,33,39
2026-09-12T01:58:42+00:00,363,617.00,584.00,661.00,525.00,498.00,529.00,498.00,2,Upper,139,19,584.00,2,33,39
2026-09-12T02:02:43+00:00,361,617.00,584.00,660.00,525.00,498.00,529.00,498.00,2,Upper,139,19,584.00,2,33,39
2026-09-12T02:06:44+00:00,361,617.00,584.00,660.00,525.00,498.00,529.00,498.00,2,Upper,139,19,584.00,2,33,39
2026-09-12T02:10:46+00:00,361,617.00,584.00,660.00,525.00,498.00,529.00,498.00,2,Upper,139,19,584.00,2,33,39
2026-09-12T02:14:48+00:00,360,617.00,584.00,661.00,525.00,498.00,529.00,498.00,2,Upper,139,19,584.00,2,33,39
2026-09-12T02:18:50+00:00,360,617.00,584.00,661.00,525.00,498.00,529.00,498.00,2,Upper,139,19,584.00,2,33,39
2026-09-12T02:22:51+00:00,361,617.00,584.00,661.00,525.00,498.00,529.00,498.00,2,Upper,139,19,584.00,2,33,39
2026-09-12T02:26:53+00:00,361,617.00,584.00,661.00,525.00,498.00,529.00,498.00,2,Upper,139,19,584.00,2,33,39
2026-09-12T02:30:54+00:00,359,617.00,584.00,661.00,525.00,498.00,529.00,498.00,2,Upper,139,19,584.00,2,33,39
2026-09-12T02:34:55+00:00,359,617.00,584.00,661.00,525.00,498.00,529.00,498.00,2,Upper,139,19,584.00,2,33,39
2026-09-12T02:38:57+00:00,359,617.00,584.00,661.00,525.00,498.00,529.00,498.00,2,Upper,139,19,584.00,2,33,39
2026-09-12T02:42:58+00:00,360,617.00,584.00,661.00,525.00,498.00,528.00,498.00,2,Upper,139,19,584.00,2,33,39
2026-09-12T02:47:00+00:00,360,617.00,584.00,661.00,525.00,498.00,528.00,498.00,2,Upper,139,19,584.00,2,33,39
2026-09-12T02:51:02+00:00,360,617.00,584.00,661.00,525.00,498.00,529.00,498.00,2,Upper,139,19,584.00,2,33,39
2026-09-12T02:55:03+00:00,362,617.00,584.00,661.00,525.00,498.00,528.00,498.00,2,Upper,139,19,584.00,2,33,39
2026-09-12T02:59:05+00:00,363,617.00,584.00,661.00,525.00,502.00,526.00,502.00,2,Upper,121,34,584.00,2,33,39
2026-09-12T03:03:06+00:00,363,617.00,584.00,661.00,525.00,502.00,526.00,502.00,2,Upper,121,34,584.00,2,33,39
2026-09-12T03:07:07+00:00,362,617.00,584.00,661.00,525.00,502.00,528.00,502.00,2,Upper,121,34,584.00,2,33,39
2026-09-12T03:11:08+00:00,363,617.00,584.00,661.00,525.00,502.00,526.00,502.00,2,Upper,121,34,584.00,2,33,39
2026-09-12T03:15:10+00:00,363,617.00,584.00,661.00,525.00,502.00,526.00,502.00,2,Upper,121,34,584.00,2,33,39
2026-09-12T03:19:12+00:00,363,617.00,584.00,661.00,525.00,502.00,526.00,502.00,2,Upper,121,34,584.00,2,33,39
2026-09-12T03:23:14+00:00,360,617.00,584.00,661.00,525.00,502.00,526.00,502.00,2,Upper,121,34,584.00,2,33,39
2026-09-12T03:27:15+00:00,359,617.00,584.00,661.00,523.00,502.00,523.00,502.00,2,Upper,121,34,584.00,2,33,39
2026-09-12T03:31:16+00:00,359,617.00,584.00,661.00,525.00,502.00,529.00,502.00,2,Upper,121,34,584.00,2,33,39
2026-09-12T03:35:18+00:00,360,617.00,584.00,661.00,525.00,502.00,529.00,502.00,2,Upper,121,34,584.00,2,33,39
2026-09-12T03:39:19+00:00,360,617.00,584.00,661.00,525.00,502.00,528.00,502.00,2,Upper,121,34,584.00,2,33,39
2026-09-12T03:43:21+00:00,360,617.00,584.00,661.00,525.00,502.00,528.00,502.00,2,Upper,121,34,584.00,2,33,39
2026-09-12T03:47:22+00:00,360,617.00,584.00,661.00,525.00,502.00,528.00,502.00,2,Upper,121,34,584.00,2,33,39
2026-09-12T03:51:25+00:00,360,617.00,584.00,661.00,525.00,502.00,528.00,502.00,2,Upper,121,34,584.00,2,33,39
2026-09-12T03:55:26+00:00,360,617.00,584.00,661.00,525.00,502.00,528.00,502.00,2,Upper,121,34,584.00,2,33,39
2026-09-12T03:59:28+00:00,364,617.00,584.00,661.00,525.00,502.00,528.00,502.00,2,Upper,121,34,584.00,2,33,39
2026-09-12T04:03:29+00:00,364,617.00,584.00,661.00,525.00,502.00,528.00,502.00,2,Upper,121,34,584.00,2,33,39
2026-09-12T04:07:30+00:00,364,617.00,584.00,661.00,525.00,502.00,528.00,502.00,2,Upper,121,34,584.00,2,33,39
2026-09-12T04:11:32+00:00,364,617.00,584.00,661.00,525.00,502.00,528.00,502.00,2,Upper,121,34,584.00,2,33,39
2026-09-12T04:15:33+00:00,364,617.00,584.00,661.00,525.00,502.00,528.00,502.00,2,Upper,121,34,584.00,2,33,39
2026-09-12T04:19:34+00:00,364,617.00,584.00,661.00,525.00,502.00,528.00,502.00,2,Upper,121,34,584.00,2,33,39
2026-09-12T04:23:37+00:00,364,617.00,584.00,661.00,525.00,502.00,528.00,502.00,2,Upper,121,34,584.00,2,33,39
2026-09-12T04:27:38+00:00,358,617.00,584.00,660.00,524.00,502.00,524.00,502.00,2,Upper,121,34,584.00,2,33,39
2026-09-12T04:31:40+00:00,359,617.00,584.00,660.00,524.00,502.00,524.00,502.00,2,Upper,121,34,584.00,2,33,39
2026-09-12T04:35:41+00:00,357,617.00,584.00,660.00,524.00,502.00,524.00,502.00,2,Upper,121,34,584.00,2,33,39
2026-09-12T04:39:42+00:00,359,617.00,584.00,660.00,524.00,502.00,524.00,502.00,2,Upper,121,34,584.00,2,33,39
2026-09-12T04:43:44+00:00,357,617.00,584.00,660.00,524.00,502.00,524.00,502.00,2,Upper,121,34,584.00,2,33,39
2026-09-12T04:47:45+00:00,359,617.00,584.00,660.00,524.00,502.00,524.00,502.00,2,Upper,121,34,584.00,2,33,39
2026-09-12T04:51:46+00:00,357,617.00,584.00,660.00,524.00,502.00,524.00,502.00,2,Upper,121,34,584.00,2,33,39
2026-09-12T04:55:49+00:00,357,617.00,584.00,660.00,524.00,502.00,524.00,502.00,2,Upper,121,34,584.00,2,33,39
2026-09-12T04:59:51+00:00,359,617.00,584.00,660.00,524.00,502.00,524.00,502.00,2,Upper,121,34,584.00,2,33,39
2026-09-12T05:03:52+00:00,357,617.00,584.00,660.00,524.00,502.00,524.00,502.00,2,Upper,121,34,584.00,2,33,39
2026-09-12T05:07:53+00:00,360,617.00,584.00,660.00,524.00,502.00,524.00,502.00,2,Upper,121,34,584.00,2,33,39
2026-09-12T05:11:56+00:00,360,617.00,584.00,660.00,524.00,502.00,524.00,502.00,2,Upper,121,34,584.00,2,33,39
2026-09-12T05:15:57+00:00,356,617.00,584.00,660.00,524.00,502.00,524.00,502.00,2,Upper,121,34,584.00,2,33,39
2026-09-12T05:19:58+00:00,357,617.00,584.00,660.00,524.00,502.00,524.00,502.00,2,Upper,121,34,584.00,2,33,39
2026-09-12T05:24:00+00:00,357,617.00,584.00,660.00,525.00,502.00,525.00,502.00,2,Upper,121,34,584.00,2,33,39
2026-09-12T05:28:02+00:00,357,617.00,584.00,660.00,525.00,502.00,525.00,502.00,2,Upper,121,34,584.00,2,33,39
2026-09-12T05:32:04+00:00,358,617.00,584.00,660.00,525.00,502.00,525.00,502.00,2,Upper,121,34,584.00,2,33,39
2026-09-12T05:36:05+00:00,357,617.00,584.00,660.00,525.00,502.00,525.00,502.00,2,Upper,121,34,584.00,2,33,39
2026-09-12T05:40:16+00:00,357,617.00,584.00,660.00,525.00,502.00,525.00,502.00,2,Upper,121,34,584.00,2,33,39
2026-09-12T05:44:17+00:00,357,617.00,584.00,660.00,525.00,502.00,525.00,502.00,2,Upper,121,34,584.00,2,33,39
2026-09-12T05:48:18+00:00,357,617.00,584.00,660.00,525.00,502.00,525.00,502.00,2,Upper,121,34,584.00,2,33,39
2026-09-12T05:52:19+00:00,357,617.00,584.00,660.00,525.00,502.00,525.00,502.00,2,Upper,121,34,584.00,2,33,39
2026-09-12T05:56:20+00:00,357,617.00,584.00,660.00,525.00,502.00,525.00,502.00,2,Upper,121,34,584.00,2,33,39
2026-09-12T06:00:21+00:00,359,617.00,584.00,660.00,525.00,502.00,525.00,502.00,2,Upper,121,34,584.00,2,33,39
2026-09-12T06:04:23+00:00,361,617.00,584.00,660.00,525.00,502.00,525.00,502.00,2,Upper,121,34,584.00,2,33,39
2026-09-12T06:08:24+00:00,357,617.00,584.00,660.00,525.00,502.00,525.00,502.00,2,Upper,121,34,584.00,2,33,39
2026-09-12T06:12:26+00:00,357,617.00,584.00,660.00,525.00,502.00,525.00,502.00,2,Upper,121,34,584.00,2,33,39
2026-09-12T06:16:28+00:00,356,617.00,584.00,660.00,525.00,502.00,525.00,502.00,2,Upper,121,34,584.00,2,33,39
2026-09-12T06:20:29+00:00,359,617.00,584.00,660.00,525.00,502.00,525.00,502.00,2,Upper,121,34,584.00,2,33,39
2026-09-12T06:24:30+00:00,361,617.00,584.00,680.00,525.00,502.00,529.00,502.00,2,Upper,121,34,584.00,2,33,39
2026-09-12T06:28:31+00:00,361,617.00,584.00,680.00,525.00,502.00,529.00,502.00,2,Upper,121,34,584.00,2,33,39
2026-09-12T06:32:32+00:00,361,617.00,584.00,680.00,525.00,502.00,529.00,502.00,2,Upper,121,34,584.00,2,33,39
2026-09-12T06:36:33+00:00,361,617.00,584.00,680.00,525.00,502.00,529.00,502.00,2,Upper,121,34,584.00,2,33,39
2026-09-12T06:40:34+00:00,361,617.00,584.00,680.00,525.00,502.00,529.00,502.00,2,Upper,121,34,584.00,2,33,39
2026-09-12T06:44:37+00:00,362,617.00,584.00,680.00,525.00,502.00,529.00,502.00,2,Upper,121,34,584.00,2,33,39
2026-09-12T06:48:38+00:00,362,617.00,584.00,680.00,525.00,502.00,529.00,502.00,2,Upper,121,34,584.00,2,33,39
2026-09-12T06:52:39+00:00,361,617.00,584.00,680.00,525.00,502.00,529.00,502.00,2,Upper,121,34,584.00,2,33,39
2026-09-12T06:56:41+00:00,361,617.00,584.00,680.00,525.00,502.00,529.00,502.00,2,Upper,121,34,584.00,2,33,39
2026-09-12T07:00:42+00:00,360,617.00,584.00,680.00,525.00,502.00,529.00,502.00,2,Upper,121,34,584.00,2,33,39
2026-09-12T07:04:43+00:00,362,617.00,584.00,680.00,525.00,502.00,529.00,502.00,2,Upper,121,34,584.00,2,33,39
2026-09-12T07:08:44+00:00,362,617.00,584.00,680.00,525.00,502.00,529.00,502.00,2,Upper,121,34,584.00,2,33,39
2026-09-12T07:12:45+00:00,361,617.00,584.00,680.00,525.00,502.00,529.00,502.00,2,Upper,121,34,584.00,2,33,39
2026-09-12T07:16:48+00:00,360,617.00,584.00,680.00,525.00,502.00,529.00,502.00,2,Upper,121,34,584.00,2,33,39
2026-09-12T07:20:49+00:00,361,617.00,584.00,680.00,525.00,502.00,529.00,502.00,2,Upper,121,34,584.00,2,33,39
2026-09-12T07:24:50+00:00,361,617.00,584.00,680.00,525.00,502.00,529.00,502.00,2,Upper,121,34,584.00,2,33,39
2026-09-12T07:28:51+00:00,361,617.00,584.00,680.00,525.00,502.00,529.00,502.00,2,Upper,121,34,584.00,2,33,39
2026-09-12T07:32:52+00:00,362,617.00,584.00,680.00,525.00,502.00,529.00,502.00,2,Upper,121,34,584.00,2,33,39
2026-09-12T07:36:53+00:00,362,617.00,584.00,680.00,525.00,502.00,529.00,502.00,2,Upper,121,34,584.00,2,33,39
2026-09-12T07:40:55+00:00,362,617.00,584.00,680.00,525.00,502.00,529.00,502.00,2,Upper,121,34,584.00,2,33,39
2026-09-12T07:44:56+00:00,364,617.00,584.00,680.00,525.00,502.00,529.00,502.00,2,Upper,121,34,584.00,2,33,39
2026-09-12T07:48:58+00:00,362,617.00,584.00,680.00,525.00,502.00,529.00,502.00,2,Upper,121,34,584.00,2,33,39
2026-09-12T07:52:59+00:00,362,617.00,584.00,680.00,525.00,502.00,529.00,502.00,2,Upper,121,34,584.00,2,33,39
2026-09-12T07:57:01+00:00,362,617.00,584.00,680.00,525.00,502.00,529.00,502.00,2,Upper,121,34,584.00,2,33,39
2026-09-12T08:01:02+00:00,362,617.00,584.00,680.00,525.00,502.00,529.00,502.00,2,Upper,121,34,584.00,2,33,39
2026-09-12T08:05:03+00:00,364,617.00,584.00,680.00,525.00,502.00,529.00,502.00,2,Upper,121,34,584.00,2,33,39
2026-09-12T08:09:04+00:00,363,617.00,584.00,680.00,525.00,502.00,529.00,502.00,2,Upper,121,34,584.00,2,33,39
2026-09-12T08:13:05+00:00,364,617.00,584.00,680.00,525.00,502.00,529.00,502.00,2,Upper,121,34,584.00,2,33,39
2026-09-12T08:17:07+00:00,363,617.00,584.00,680.00,525.00,502.00,529.00,502.00,2,Upper,121,34,584.00,2,33,39
2026-09-12T08:21:09+00:00,364,617.00,584.00,680.00,525.00,502.00,529.00,502.00,2,Upper,121,34,584.00,2,33,39
2026-09-12T08:25:10+00:00,364,617.00,584.00,680.00,525.00,502.00,529.00,502.00,2,Upper,121,34,584.00,2,33,39
2026-09-12T08:29:12+00:00,364,617.00,584.00,680.00,525.00,502.00,529.00,502.00,2,Upper,121,34,584.00,2,33,39
2026-09-12T08:33:13+00:00,363,617.00,584.00,680.00,525.00,502.00,529.00,502.00,2,Upper,121,34,584.00,2,33,39
2026-09-12T08:37:14+00:00,362,617.00,584.00,680.00,525.00,502.00,529.00,502.00,2,Upper,121,34,584.00,2,33,39
2026-09-12T08:41:15+00:00,363,617.00,584.00,680.00,525.00,502.00,529.00,502.00,2,Upper,121,34,584.00,2,33,39
2026-09-12T08:45:16+00:00,364,617.00,584.00,680.00,525.00,502.00,529.00,502.00,2,Upper,121,34,584.00,2,33,39
2026-09-12T08:49:18+00:00,363,617.00,584.00,680.00,525.00,502.00,529.00,502.00,2,Upper,121,34,584.00,2,33,39
2026-09-12T08:53:20+00:00,364,617.00,584.00,680.00,525.00,502.00,529.00,502.00,2,Upper,121,34,584.00,2,33,39
2026-09-12T08:57:21+00:00,363,617.00,584.00,680.00,525.00,502.00,529.00,502.00,2,Upper,121,34,584.00,2,33,39
2026-09-12T09:01:22+00:00,361,617.00,584.00,680.00,525.00,502.00,529.00,502.00,2,Upper,121,34,584.00,2,33,39
2026-09-12T09:05:23+00:00,364,617.00,584.00,680.00,525.00,502.00,529.00,502.00,2,Upper,121,34,584.00,2,33,39
2026-09-12T09:09:24+00:00,364,617.00,584.00,680.00,525.00,502.00,529.00,502.00,2,Upper,121,34,584.00,2,33,39
2026-09-12T09:13:26+00:00,363,617.00,584.00,680.00,525.00,502.00,529.00,502.00,2,Upper,121,34,584.00,2,33,39
2026-09-12T09:17:27+00:00,363,617.00,584.00,680.00,525.00,502.00,529.00,502.00,2,Upper,121,34,584.00,2,33,39
2026-09-12T09:21:28+00:00,364,617.00,584.00,680.00,525.00,502.00,529.00,502.00,2,Upper,121,34,584.00,2,33,39
2026-09-12T09:25:30+00:00,364,617.00,584.00,680.00,525.00,502.00,529.00,502.00,2,Upper,121,34,584.00,2,33,39
2026-09-12T09:29:31+00:00,363,617.00,584.00,680.00,525.00,502.00,529.00,502.00,2,Upper,121,34,584.00,2,33,39
2026-09-12T09:33:33+00:00,363,617.00,584.00,680.00,525.00,502.00,529.00,502.00,2,Upper,121,34,584.00,2,33,39
2026-09-12T09:37:34+00:00,363,617.00,584.00,680.00,525.00,502.00,529.00,502.00,2,Upper,121,34,584.00,2,33,39
2026-09-12T09:41:35+00:00,364,617.00,584.00,680.00,525.00,502.00,529.00,502.00,2,Upper,121,34,584.00,2,33,39
2026-09-12T09:45:36+00:00,364,617.00,584.00,680.00,525.00,502.00,529.00,502.00,2,Upper,121,34,584.00,2,33,39
2026-09-12T09:49:37+00:00,364,617.00,584.00,680.00,525.00,502.00,529.00,502.00,2,Upper,121,34,584.00,2,33,39
2026-09-12T09:53:38+00:00,363,617.00,584.00,680.00,525.00,502.00,529.00,502.00,2,Upper,121,34,584.00,2,33,39
2026-09-12T09:57:41+00:00,363,617.00,584.00,680.00,525.00,502.00,529.00,502.00,2,Upper,121,34,584.00,2,33,39
2026-09-12T10:01:42+00:00,364,617.00,584.00,680.00,525.00,502.00,529.00,502.00,2,Upper,121,34,584.00,2,33,39
2026-09-12T10:05:43+00:00,363,617.00,584.00,680.00,525.00,502.00,529.00,502.00,2,Upper,121,34,584.00,2,33,39
2026-09-12T10:09:44+00:00,363,617.00,584.00,680.00,525.00,502.00,529.00,502.00,2,Upper,121,34,584.00,2,33,39
2026-09-12T10:13:45+00:00,364,617.00,584.00,680.00,525.00,502.00,529.00,502.00,2,Upper,121,34,584.00,2,33,39
2026-09-12T10:17:46+00:00,363,617.00,584.00,680.00,525.00,502.00,529.00,502.00,2,Upper,121,34,584.00,2,33,39
2026-09-12T10:21:48+00:00,363,617.00,584.00,680.00,525.00,502.00,529.00,502.00,2,Upper,121,34,584.00,2,33,39
2026-09-12T10:25:49+00:00,362,617.00,584.00,680.00,525.00,502.00,529.00,502.00,2,Upper,121,34,584.00,2,33,39
2026-09-12T10:29:51+00:00,360,617.00,584.00,680.00,525.00,502.00,529.00,502.00,2,Upper,121,34,584.00,2,33,39
2026-09-12T10:33:52+00:00,365,617.00,584.00,680.00,525.00,502.00,529.00,502.00,2,Upper,121,34,584.00,2,33,39
2026-09-12T10:37:53+00:00,365,617.00,584.00,680.00,525.00,502.00,529.00,502.00,2,Upper,121,34,584.00,2,33,39
2026-09-12T10:42:05+00:00,365,617.00,636.00,680.00,525.00,502.00,529.00,502.00,2,Upper,121,34,617.00,1,16,40
2026-09-12T10:46:06+00:00,365,617.00,636.00,680.00,525.00,502.00,529.00,502.00,2,Upper,121,34,617.00,1,16,40
2026-09-12T10:50:07+00:00,365,617.00,636.00,680.00,525.00,502.00,529.00,502.00,2,Upper,121,34,617.00,1,16,40
2026-09-12T10:54:09+00:00,365,617.00,636.00,680.00,525.00,502.00,529.00,502.00,2,Upper,121,34,617.00,1,16,40
2026-09-12T10:58:10+00:00,365,617.00,636.00,680.00,525.00,502.00,529.00,502.00,2,Upper,121,34,617.00,1,16,40
2026-09-12T11:02:11+00:00,364,617.00,636.00,680.00,525.00,502.00,529.00,502.00,2,Upper,121,34,617.00,1,16,40
2026-09-12T11:06:12+00:00,364,617.00,636.00,680.00,525.00,502.00,529.00,502.00,2,Upper,121,34,617.00,1,16,40
2026-09-12T11:10:14+00:00,364,617.00,636.00,680.00,525.00,502.00,529.00,502.00,2,Upper,121,34,617.00,1,16,40
2026-09-12T11:14:17+00:00,364,617.00,636.00,680.00,525.00,502.00,529.00,502.00,2,Upper,121,34,617.00,1,16,40
2026-09-12T11:18:18+00:00,365,617.00,636.00,680.00,525.00,502.00,529.00,502.00,2,Upper,121,34,617.00,1,16,40
2026-09-12T11:22:20+00:00,365,617.00,584.00,680.00,525.00,502.00,529.00,502.00,2,Upper,121,34,584.00,2,33,39
2026-09-12T11:26:21+00:00,365,617.00,584.00,680.00,525.00,502.00,529.00,502.00,2,Upper,121,34,584.00,2,33,39
2026-09-12T11:30:22+00:00,363,617.00,636.00,680.00,525.00,502.00,529.00,502.00,2,Upper,121,34,617.00,1,16,40
2026-09-12T11:34:24+00:00,359,617.00,636.00,680.00,525.00,502.00,529.00,502.00,2,Upper,121,34,617.00,1,16,40
2026-09-12T11:38:25+00:00,360,617.00,636.00,680.00,525.00,502.00,529.00,502.00,2,Upper,121,34,617.00,1,16,40
2026-09-12T11:42:26+00:00,363,617.00,636.00,680.00,525.00,502.00,529.00,502.00,2,Upper,121,34,617.00,1,16,40
2026-09-12T11:46:29+00:00,358,617.00,636.00,680.00,525.00,502.00,529.00,502.00,2,Upper,121,34,617.00,1,16,40
2026-09-12T11:50:31+00:00,360,617.00,636.00,680.00,525.00,502.00,529.00,502.00,2,Upper,121,34,617.00,1,16,40
2026-09-12T11:54:32+00:00,360,617.00,636.00,680.00,525.00,502.00,529.00,502.00,2,Upper,121,34,617.00,1,16,40
2026-09-12T11:58:33+00:00,364,617.00,636.00,680.00,525.00,502.00,529.00,502.00,2,Upper,121,34,617.00,1,16,40
2026-09-12T12:02:35+00:00,363,617.00,636.00,680.00,525.00,502.00,529.00,502.00,2,Upper,121,34,617.00,1,16,40
2026-09-12T12:06:36+00:00,359,617.00,636.00,680.00,525.00,502.00,529.00,502.00,2,Upper,121,34,617.00,1,16,40
2026-09-12T12:10:37+00:00,364,617.00,636.00,680.00,525.00,502.00,529.00,502.00,2,Upper,121,34,617.00,1,16,40
2026-09-12T12:14:39+00:00,364,617.00,636.00,680.00,525.00,502.00,529.00,502.00,2,Upper,121,34,617.00,1,16,40
2026-09-12T12:18:41+00:00,359,617.00,636.00,680.00,525.00,502.00,529.00,502.00,2,Upper,121,34,617.00,1,16,40
2026-09-12T12:22:43+00:00,363,617.00,636.00,680.00,525.00,502.00,529.00,502.00,2,Upper,121,34,617.00,1,16,40
2026-09-12T12:26:44+00:00,359,617.00,584.00,680.00,525.00,502.00,529.00,502.00,2,Upper,121,34,584.00,2,33,39
2026-09-12T12:30:46+00:00,363,617.00,636.00,680.00,525.00,502.00,529.00,502.00,2,Upper,121,34,617.00,1,16,40
2026-09-12T12:34:47+00:00,360,617.00,584.00,680.00,525.00,502.00,529.00,502.00,2,Upper,121,34,584.00,2,33,39
2026-09-12T12:38:48+00:00,364,617.00,636.00,680.00,525.00,502.00,529.00,502.00,2,Upper,121,34,617.00,1,16,40
2026-09-12T12:42:50+00:00,364,617.00,636.00,680.00,525.00,502.00,529.00,502.00,2,Upper,121,34,617.00,1,16,40
2026-09-12T12:46:51+00:00,359,617.00,584.00,680.00,525.00,502.00,529.00,502.00,2,Upper,121,34,584.00,2,33,39
2026-09-12T12:50:54+00:00,363,617.00,636.00,680.00,525.00,502.00,529.00,502.00,2,Upper,121,34,617.00,1,16,40
2026-09-12T12:54:55+00:00,363,617.00,636.00,680.00,525.00,502.00,529.00,502.00,2,Upper,121,34,617.00,1,16,40
2026-09-12T12:58:57+00:00,358,617.00,636.00,680.00,525.00,502.00,529.00,502.00,2,Upper,121,34,617.00,1,16,40
2026-09-12T13:02:58+00:00,362,617.00,636.00,680.00,525.00,502.00,529.00,502.00,2,Upper,121,34,617.00,1,16,40
2026-09-12T13:06:59+00:00,363,617.00,636.00,680.00,525.00,502.00,529.00,502.00,2,Upper,121,34,617.00,1,16,40
2026-09-12T13:11:01+00:00,363,617.00,584.00,680.00,525.00,502.00,529.00,502.00,2,Upper,121,34,584.00,2,33,39
2026-09-12T13:15:02+00:00,363,617.00,584.00,680.00,525.00,502.00,529.00,502.00,2,Upper,121,34,584.00,2,33,39
2026-09-12T13:19:04+00:00,362,617.00,584.00,680.00,525.00,502.00,529.00,502.00,2,Upper,121,34,584.00,2,33,39
2026-09-12T13:23:06+00:00,363,617.00,636.00,680.00,525.00,502.00,529.00,502.00,2,Upper,121,34,617.00,1,16,40
2026-09-12T13:27:08+00:00,362,617.00,636.00,680.00,525.00,502.00,529.00,502.00,2,Upper,121,34,617.00,1,16,40
2026-09-12T13:31:09+00:00,360,617.00,636.00,680.00,525.00,502.00,529.00,502.00,2,Upper,121,34,617.00,1,16,40
2026-09-12T13:35:11+00:00,360,617.00,636.00,680.00,525.00,502.00,529.00,502.00,2,Upper,121,34,617.00,1,16,40
2026-09-12T13:39:12+00:00,359,617.00,584.00,680.00,525.00,502.00,529.00,502.00,2,Upper,121,34,584.00,2,33,39
2026-09-12T13:43:13+00:00,359,617.00,584.00,680.00,525.00,502.00,529.00,502.00,2,Upper,121,34,584.00,2,33,39
2026-09-12T13:47:15+00:00,359,617.00,584.00,680.00,525.00,502.00,529.00,502.00,2,Upper,121,34,584.00,2,33,39
2026-09-12T13:51:16+00:00,360,617.00,584.00,680.00,525.00,502.00,529.00,502.00,2,Upper,121,34,584.00,2,33,39
2026-09-12T13:55:19+00:00,359,617.00,584.00,680.00,525.00,502.00,529.00,502.00,2,Upper,121,34,584.00,2,33,39
2026-09-12T13:59:20+00:00,363,617.00,584.00,680.00,525.00,502.00,529.00,502.00,2,Upper,121,34,584.00,2,33,39
2026-09-12T14:03:22+00:00,366,617.00,584.00,680.00,525.00,502.00,529.00,502.00,2,Upper,121,34,584.00,2,33,39
2026-09-12T14:07:23+00:00,366,617.00,584.00,680.00,525.00,502.00,529.00,502.00,2,Upper,121,34,584.00,2,33,39
2026-09-12T14:11:24+00:00,366,617.00,584.00,680.00,525.00,502.00,529.00,502.00,2,Upper,121,34,584.00,2,33,39
2026-09-12T14:15:26+00:00,366,617.00,584.00,680.00,525.00,502.00,529.00,502.00,2,Upper,121,34,584.00,2,33,39
2026-09-12T14:19:27+00:00,365,617.00,584.00,680.00,525.00,502.00,529.00,502.00,2,Upper,121,34,584.00,2,33,39
2026-09-12T14:23:28+00:00,366,617.00,584.00,680.00,525.00,502.00,529.00,502.00,2,Upper,121,34,584.00,2,33,39
2026-09-12T14:27:31+00:00,365,617.00,584.00,680.00,525.00,502.00,529.00,502.00,2,Upper,121,34,584.00,2,33,39
2026-09-12T14:31:33+00:00,366,617.00,584.00,680.00,525.00,502.00,529.00,502.00,2,Upper,121,34,584.00,2,33,39
2026-09-12T14:35:34+00:00,365,617.00,584.00,680.00,525.00,502.00,529.00,502.00,2,Upper,121,34,584.00,2,33,39
2026-09-12T14:39:35+00:00,366,617.00,584.00,680.00,525.00,502.00,529.00,502.00,2,Upper,121,34,584.00,2,33,39
2026-09-12T14:43:37+00:00,366,617.00,584.00,680.00,525.00,502.00,529.00,502.00,2,Upper,121,34,584.00,2,33,39
2026-09-12T14:47:38+00:00,367,617.00,584.00,680.00,525.00,502.00,529.00,502.00,2,Upper,121,34,584.00,2,33,39
2026-09-12T14:51:39+00:00,365,617.00,584.00,680.00,525.00,502.00,529.00,502.00,2,Upper,121,34,584.00,2,33,39
2026-09-12T14:55:40+00:00,365,617.00,584.00,680.00,525.00,502.00,529.00,502.00,2,Upper,121,34,584.00,2,33,39
2026-09-12T14:59:43+00:00,364,617.00,584.00,680.00,525.00,502.00,529.00,502.00,2,Upper,121,34,584.00,2,33,39
2026-09-12T15:03:45+00:00,365,617.00,584.00,680.00,525.00,502.00,529.00,502.00,2,Upper,121,34,584.00,2,33,39
2026-09-12T15:07:46+00:00,364,617.00,584.00,680.00,525.00,502.00,529.00,502.00,2,Upper,121,34,584.00,2,33,39
2026-09-12T15:11:47+00:00,365,617.00,584.00,680.00,525.00,502.00,529.00,502.00,2,Upper,121,34,584.00,2,33,39
2026-09-12T15:15:49+00:00,364,617.00,584.00,680.00,525.00,502.00,529.00,502.00,2,Upper,121,34,584.00,2,33,39
2026-09-12T15:19:50+00:00,364,617.00,584.00,680.00,525.00,502.00,529.00,502.00,2,Upper,121,34,584.00,2,33,39
2026-09-12T15:23:51+00:00,364,617.00,584.00,680.00,525.00,502.00,529.00,502.00,2,Upper,121,34,584.00,2,33,39
2026-09-12T15:27:53+00:00,364,617.00,584.00,680.00,525.00,502.00,529.00,502.00,2,Upper,121,34,584.00,2,33,39
2026-09-12T15:31:55+00:00,365,617.00,584.00,680.00,525.00,502.00,529.00,502.00,2,Upper,121,34,584.00,2,33,39
2026-09-12T15:35:57+00:00,368,617.00,584.00,680.00,525.00,502.00,529.00,502.00,2,Upper,121,34,584.00,2,33,39
2026-09-12T15:39:58+00:00,367,617.00,584.00,680.00,525.00,502.00,529.00,502.00,2,Upper,121,34,584.00,2,33,39
2026-09-12T15:44:09+00:00,366,617.00,584.00,680.00,525.00,502.00,529.00,502.00,2,Upper,121,34,584.00,2,33,39
2026-09-12T15:48:11+00:00,365,617.00,584.00,680.00,525.00,502.00,529.00,502.00,2,Upper,121,34,584.00,2,33,39
2026-09-12T15:52:12+00:00,365,617.00,584.00,680.00,525.00,502.00,529.00,502.00,2,Upper,121,34,584.00,2,33,39
2026-09-12T15:56:13+00:00,365,617.00,584.00,680.00,526.00,502.00,529.00,502.00,2,Upper,122,34,584.00,2,33,39
2026-09-12T16:00:15+00:00,365,617.00,584.00,680.00,526.00,502.00,529.00,502.00,2,Upper,122,34,584.00,2,33,39
2026-09-12T16:04:16+00:00,367,617.00,584.00,680.00,526.00,502.00,529.00,502.00,2,Upper,122,34,584.00,2,33,39
2026-09-12T16:08:17+00:00,367,617.00,584.00,680.00,526.00,502.00,529.00,502.00,2,Upper,122,34,584.00,2,33,39
2026-09-12T16:12:19+00:00,368,617.00,584.00,680.00,526.00,502.00,529.00,502.00,2,Upper,122,34,584.00,2,33,39
2026-09-12T16:16:21+00:00,366,617.00,636.00,680.00,526.00,502.00,529.00,502.00,2,Upper,122,34,617.00,1,16,40
2026-09-12T16:20:22+00:00,366,617.00,636.00,680.00,526.00,502.00,529.00,502.00,2,Upper,122,34,617.00,1,16,40
2026-09-12T16:24:24+00:00,367,617.00,636.00,680.00,526.00,502.00,529.00,502.00,2,Upper,122,34,617.00,1,16,40
2026-09-12T16:28:25+00:00,367,617.00,636.00,680.00,526.00,502.00,529.00,502.00,2,Upper,122,34,617.00,1,16,40
2026-09-12T16:32:26+00:00,367,617.00,636.00,680.00,526.00,502.00,529.00,502.00,2,Upper,122,34,617.00,1,16,40
2026-09-12T16:36:28+00:00,368,617.00,636.00,680.00,526.00,502.00,529.00,502.00,2,Upper,122,34,617.00,1,16,40
2026-09-12T16:40:29+00:00,367,617.00,636.00,680.00,526.00,502.00,529.00,502.00,2,Upper,122,34,617.00,1,16,40
2026-09-12T16:44:30+00:00,367,617.00,636.00,680.00,525.00,502.00,525.00,502.00,2,Upper,122,34,617.00,1,16,40
2026-09-12T16:48:33+00:00,368,617.00,636.00,680.00,525.00,502.00,525.00,502.00,2,Upper,122,34,617.00,1,16,40
2026-09-12T16:52:35+00:00,364,617.00,584.00,680.00,525.00,502.00,525.00,502.00,2,Upper,122,34,584.00,2,33,39
2026-09-12T16:56:36+00:00,369,617.00,584.00,680.00,525.00,502.00,525.00,502.00,2,Upper,122,34,584.00,2,33,39
2026-09-12T17:00:37+00:00,369,617.00,584.00,680.00,525.00,502.00,525.00,502.00,2,Upper,122,34,584.00,2,33,39
2026-09-12T17:04:39+00:00,369,617.00,584.00,680.00,525.00,502.00,525.00,502.00,2,Upper,122,34,584.00,2,33,39
2026-09-12T17:08:40+00:00,368,617.00,584.00,680.00,525.00,502.00,525.00,502.00,2,Upper,122,34,584.00,2,33,39
2026-09-12T17:12:41+00:00,367,617.00,584.00,680.00,525.00,502.00,525.00,502.00,2,Upper,122,34,584.00,2,33,39
2026-09-12T17:16:43+00:00,367,617.00,584.00,680.00,525.00,502.00,525.00,502.00,2,Upper,122,34,584.00,2,33,39
2026-09-12T17:20:45+00:00,365,617.00,584.00,680.00,525.00,502.00,525.00,502.00,2,Upper,122,34,584.00,2,33,39
2026-09-12T17:24:47+00:00,365,617.00,584.00,680.00,525.00,502.00,525.00,502.00,2,Upper,122,34,584.00,2,33,39
2026-09-12T17:28:48+00:00,365,617.00,584.00,680.00,525.00,502.00,525.00,502.00,2,Upper,122,34,584.00,2,33,39
2026-09-12T17:32:49+00:00,368,617.00,584.00,680.00,525.00,502.00,525.00,502.00,2,Upper,122,34,584.00,2,33,39
2026-09-12T17:36:51+00:00,370,617.00,584.00,680.00,525.00,502.00,525.00,502.00,2,Upper,122,34,584.00,2,33,39
2026-09-12T17:40:52+00:00,370,617.00,584.00,680.00,525.00,502.00,525.00,502.00,2,Upper,122,34,584.00,2,33,39
2026-09-12T17:44:53+00:00,371,611.00,584.00,680.00,509.00,502.00,525.00,502.00,2,Upper,122,34,584.00,2,33,39
2026-09-12T17:48:55+00:00,371,611.00,584.00,680.00,509.00,502.00,525.00,502.00,2,Upper,122,34,584.00,2,33,39
2026-09-12T17:52:57+00:00,368,611.00,584.00,680.00,509.00,502.00,525.00,502.00,2,Upper,122,34,584.00,2,33,39
2026-09-12T17:56:59+00:00,367,611.00,584.00,680.00,509.00,502.00,525.00,502.00,2,Upper,122,34,584.00,2,33,39
2026-09-12T18:01:00+00:00,366,611.00,584.00,680.00,509.00,502.00,525.00,502.00,2,Upper,122,34,584.00,2,33,39
2026-09-12T18:05:01+00:00,366,611.00,584.00,680.00,509.00,502.00,525.00,502.00,2,Upper,122,34,584.00,2,33,39
2026-09-12T18:09:03+00:00,366,611.00,584.00,680.00,509.00,502.00,525.00,502.00,2,Upper,122,34,584.00,2,33,39
2026-09-12T18:13:04+00:00,366,611.00,584.00,680.00,525.00,502.00,525.00,502.00,2,Upper,122,34,584.00,2,33,39
2026-09-12T18:17:06+00:00,363,611.00,584.00,680.00,525.00,502.00,525.00,502.00,2,Upper,122,34,584.00,2,33,39
2026-09-12T18:21:07+00:00,365,611.00,584.00,680.00,525.00,502.00,525.00,502.00,2,Upper,122,34,584.00,2,33,39
2026-09-12T18:25:10+00:00,365,611.00,584.00,680.00,525.00,502.00,525.00,502.00,2,Upper,122,34,584.00,2,33,39
2026-09-12T18:29:11+00:00,365,611.00,584.00,680.00,525.00,502.00,525.00,502.00,2,Upper,122,34,584.00,2,33,39
2026-09-12T18:33:12+00:00,365,611.00,584.00,680.00,525.00,502.00,525.00,502.00,2,Upper,122,34,584.00,2,33,39
2026-09-12T18:37:14+00:00,365,611.00,584.00,680.00,525.00,502.00,525.00,502.00,2,Upper,122,34,584.00,2,33,39
2026-09-12T18:41:15+00:00,365,611.00,584.00,680.00,525.00,502.00,525.00,502.00,2,Upper,122,34,584.00,2,33,39
2026-09-12T18:45:16+00:00,365,611.00,584.00,680.00,525.00,502.00,525.00,502.00,2,Upper,122,34,584.00,2,33,39
2026-09-12T18:49:17+00:00,365,611.00,584.00,680.00,525.00,502.00,525.00,502.00,2,Upper,122,34,584.00,2,33,39
2026-09-12T18:53:19+00:00,365,611.00,584.00,680.00,525.00,502.00,525.00,502.00,2,Upper,122,34,584.00,2,33,39
2026-09-12T18:57:22+00:00,365,611.00,584.00,680.00,525.00,502.00,525.00,502.00,2,Upper,122,34,584.00,2,33,39
2026-09-12T19:01:23+00:00,365,611.00,584.00,680.00,525.00,502.00,525.00,502.00,2,Upper,122,34,584.00,2,33,39
2026-09-12T19:05:24+00:00,365,611.00,584.00,680.00,525.00,502.00,525.00,502.00,2,Upper,122,34,584.00,2,33,39
2026-09-12T19:09:26+00:00,366,611.00,584.00,680.00,525.00,502.00,525.00,502.00,2,Upper,122,34,584.00,2,33,39
2026-09-12T19:13:27+00:00,367,611.00,584.00,680.00,525.00,502.00,525.00,502.00,2,Upper,122,34,584.00,2,33,39
2026-09-12T19:17:28+00:00,365,611.00,584.00,680.00,525.00,502.00,525.00,502.00,2,Upper,122,34,584.00,2,33,39
2026-09-12T19:21:30+00:00,365,611.00,584.00,680.00,525.00,502.00,525.00,502.00,2,Upper,122,34,584.00,2,33,39
2026-09-12T19:25:31+00:00,364,611.00,584.00,680.00,525.00,509.00,525.00,509.00,2,Upper,137,19,584.00,2,33,39
2026-09-12T19:29:34+00:00,364,611.00,584.00,680.00,525.00,509.00,525.00,509.00,2,Upper,137,19,584.00,2,33,39
2026-09-12T19:33:35+00:00,364,611.00,584.00,680.00,525.00,509.00,525.00,509.00,2,Upper,137,19,584.00,2,33,39
2026-09-12T19:37:36+00:00,364,611.00,584.00,680.00,525.00,509.00,525.00,509.00,2,Upper,137,19,584.00,2,33,39
2026-09-12T19:41:38+00:00,364,611.00,584.00,680.00,525.00,509.00,525.00,509.00,2,Upper,137,19,584.00,2,33,39
2026-09-12T19:45:39+00:00,366,611.00,584.00,680.00,525.00,509.00,525.00,509.00,2,Upper,137,19,584.00,2,33,39
2026-09-12T19:49:40+00:00,366,611.00,584.00,680.00,525.00,509.00,525.00,509.00,2,Upper,137,19,584.00,2,33,39
2026-09-12T19:53:41+00:00,366,611.00,584.00,680.00,525.00,509.00,525.00,509.00,2,Upper,137,19,584.00,2,33,39
2026-09-12T19:57:43+00:00,366,611.00,584.00,680.00,525.00,509.00,525.00,509.00,2,Upper,137,19,584.00,2,33,39
2026-09-12T20:01:46+00:00,366,611.00,584.00,680.00,525.00,509.00,525.00,509.00,2,Upper,137,19,584.00,2,33,39
2026-09-12T20:05:47+00:00,367,611.00,584.00,680.00,525.00,509.00,525.00,509.00,2,Upper,137,19,584.00,2,33,39
2026-09-12T20:09:49+00:00,372,580.00,566.00,677.00,508.00,508.00,508.00,508.00,1,Upper,116,34,566.00,2,31,24
2026-09-12T20:13:50+00:00,374,580.00,566.00,677.00,508.00,508.00,508.00,508.00,1,Upper,116,34,566.00,2,31,24
2026-09-12T20:17:51+00:00,371,580.00,566.00,677.00,508.00,508.00,508.00,508.00,1,Upper,116,34,566.00,2,31,24
2026-09-12T20:21:52+00:00,371,580.00,566.00,677.00,508.00,508.00,508.00,508.00,1,Upper,116,34,566.00,2,31,24
2026-09-12T20:25:54+00:00,368,580.00,566.00,677.00,508.00,508.00,508.00,508.00,1,Upper,116,34,566.00,2,31,24
2026-09-12T20:29:55+00:00,368,580.00,566.00,677.00,508.00,508.00,508.00,508.00,1,Upper,116,34,566.00,2,31,24
2026-09-12T20:33:58+00:00,371,580.00,566.00,677.00,508.00,508.00,508.00,508.00,1,Upper,116,34,566.00,2,31,24
2026-09-12T20:37:59+00:00,373,580.00,566.00,677.00,508.00,508.00,508.00,508.00,1,Upper,116,34,566.00,2,31,24
2026-09-12T20:42:01+00:00,373,580.00,566.00,677.00,508.00,508.00,508.00,508.00,1,Upper,116,34,566.00,2,31,24
2026-09-13T20:46:27+00:00,353,636.00,553.00,632.00,525.00,480.00,525.00,480.00,2,Upper,142,33,553.00,2,31,24
2026-09-13T20:50:28+00:00,353,636.00,553.00,632.00,525.00,480.00,525.00,480.00,2,Upper,142,33,553.00,2,31,24
2026-09-13T20:54:29+00:00,353,636.00,553.00,632.00,525.00,480.00,525.00,480.00,2,Upper,142,33,553.00,2,31,24
2026-09-13T20:58:30+00:00,353,636.00,553.00,632.00,525.00,480.00,525.00,480.00,2,Upper,142,33,553.00,2,31,24
2026-09-13T21:02:31+00:00,353,636.00,553.00,632.00,525.00,480.00,525.00,480.00,2,Upper,142,33,553.00,2,31,24
2026-09-13T21:06:32+00:00,353,636.00,553.00,632.00,525.00,480.00,525.00,480.00,2,Upper,142,33,553.00,2,31,24
2026-09-13T21:10:33+00:00,353,636.00,553.00,632.00,525.00,480.00,525.00,480.00,2,Upper,142,33,553.00,2,31,24
2026-09-13T21:14:34+00:00,353,636.00,553.00,632.00,525.00,480.00,525.00,480.00,2,Upper,142,33,553.00,2,31,24
2026-09-13T21:18:36+00:00,353,636.00,553.00,632.00,525.00,480.00,525.00,480.00,2,Upper,142,33,553.00,2,31,24
2026-09-13T21:22:37+00:00,354,636.00,553.00,632.00,525.00,480.00,525.00,480.00,2,Upper,142,33,553.00,2,31,24
2026-09-13T21:26:38+00:00,353,636.00,553.00,632.00,525.00,480.00,525.00,480.00,2,Upper,142,33,553.00,2,31,24
2026-09-13T21:30:40+00:00,355,636.00,553.00,632.00,525.00,480.00,525.00,480.00,2,Upper,142,33,553.00,2,31,24
2026-09-13T21:34:41+00:00,351,636.00,553.00,632.00,525.00,480.00,525.00,480.00,2,Upper,142,33,553.00,2,31,24
2026-09-13T21:38:42+00:00,351,636.00,553.00,632.00,525.00,480.00,525.00,480.00,2,Upper,142,33,553.00,2,31,24
2026-09-13T21:42:43+00:00,355,636.00,553.00,632.00,525.00,480.00,525.00,480.00,2,Upper,142,33,553.00,2,31,24
2026-09-13T21:46:44+00:00,353,636.00,553.00,632.00,525.00,480.00,525.00,480.00,2,Upper,142,33,553.00,2,31,24
2026-09-13T21:50:46+00:00,356,636.00,553.00,632.00,525.00,480.00,525.00,480.00,2,Upper,142,33,553.00,2,31,24
2026-09-13T21:54:47+00:00,356,636.00,553.00,632.00,525.00,480.00,525.00,480.00,2,Upper,142,33,553.00,2,31,24
2026-09-13T21:58:48+00:00,355,636.00,553.00,632.00,525.00,480.00,525.00,480.00,2,Upper,142,33,553.00,2,31,24
2026-09-13T22:02:49+00:00,355,636.00,553.00,632.00,525.00,480.00,525.00,480.00,2,Upper,142,33,553.00,2,31,24
2026-09-13T22:06:50+00:00,355,636.00,553.00,632.00,525.00,480.00,525.00,480.00,2,Upper,142,33,553.00,2,31,24
2026-09-13T22:10:52+00:00,353,636.00,553.00,632.00,525.00,480.00,525.00,480.00,2,Upper,142,33,553.00,2,31,24
2026-09-13T22:14:53+00:00,353,636.00,553.00,632.00,525.00,480.00,525.00,480.00,2,Upper,142,33,553.00,2,31,24
2026-09-13T22:18:54+00:00,353,636.00,553.00,632.00,525.00,480.00,525.00,480.00,2,Upper,142,33,553.00,2,31,24
2026-09-13T22:22:56+00:00,354,636.00,553.00,632.00,525.00,480.00,525.00,480.00,2,Upper,142,33,553.00,2,31,24
2026-09-13T22:26:57+00:00,356,636.00,553.00,632.00,525.00,480.00,525.00,480.00,2,Upper,142,33,553.00,2,31,24
2026-09-13T22:30:58+00:00,352,636.00,553.00,632.00,525.00,480.00,525.00,480.00,2,Upper,142,33,553.00,2,31,24
2026-09-13T22:34:59+00:00,355,636.00,553.00,632.00,525.00,480.00,525.00,480.00,2,Upper,142,33,553.00,2,31,24
2026-09-13T22:39:00+00:00,353,636.00,553.00,632.00,525.00,480.00,525.00,480.00,2,Upper,142,33,553.00,2,31,24
2026-09-13T22:43:02+00:00,356,636.00,553.00,632.00,525.00,480.00,525.00,480.00,2,Upper,142,33,553.00,2,31,24
2026-09-13T22:47:02+00:00,356,636.00,553.00,632.00,525.00,480.00,525.00,480.00,2,Upper,142,33,553.00,2,31,24
2026-09-13T22:51:04+00:00,358,636.00,553.00,632.00,525.00,480.00,525.00,480.00,2,Upper,142,33,553.00,2,31,24
2026-09-13T22:55:06+00:00,359,636.00,553.00,632.00,525.00,480.00,525.00,480.00,2,Upper,142,33,553.00,2,31,24
2026-09-13T22:59:07+00:00,355,636.00,553.00,632.00,525.00,480.00,525.00,480.00,2,Upper,142,33,553.00,2,31,24
2026-09-13T23:03:08+00:00,355,636.00,553.00,632.00,525.00,480.00,525.00,480.00,2,Upper,142,33,553.00,2,31,24
2026-09-13T23:07:09+00:00,355,636.00,553.00,647.00,525.00,480.00,525.00,480.00,2,Upper,142,33,553.00,2,31,24
2026-09-13T23:11:10+00:00,356,636.00,553.00,647.00,525.00,480.00,525.00,480.00,2,Upper,142,33,553.00,2,31,24
2026-09-13T23:15:11+00:00,353,636.00,553.00,647.00,525.00,480.00,525.00,480.00,2,Upper,142,33,553.00,2,31,24
2026-09-13T23:19:12+00:00,357,636.00,553.00,659.00,525.00,480.00,525.00,480.00,2,Upper,142,33,553.00,2,31,24
2026-09-13T23:23:13+00:00,357,636.00,553.00,659.00,525.00,480.00,525.00,480.00,2,Upper,142,33,553.00,2,31,24
2026-09-13T23:27:15+00:00,357,636.00,553.00,659.00,525.00,480.00,525.00,480.00,2,Upper,142,33,553.00,2,31,24
2026-09-13T23:31:16+00:00,355,636.00,553.00,659.00,525.00,480.00,525.00,480.00,2,Upper,142,33,553.00,2,31,24
2026-09-13T23:35:17+00:00,355,636.00,553.00,659.00,525.00,480.00,525.00,480.00,2,Upper,142,33,553.00,2,31,24
2026-09-13T23:39:18+00:00,353,636.00,553.00,658.00,525.00,480.00,525.00,480.00,2,Upper,142,33,553.00,2,31,24
2026-09-13T23:43:19+00:00,353,636.00,553.00,658.00,525.00,480.00,525.00,480.00,2,Upper,142,33,553.00,2,31,24
2026-09-13T23:47:20+00:00,353,636.00,553.00,658.00,525.00,480.00,525.00,480.00,2,Upper,142,33,553.00,2,31,24
2026-09-13T23:51:22+00:00,354,636.00,553.00,658.00,525.00,480.00,525.00,480.00,2,Upper,142,33,553.00,2,31,24
2026-09-13T23:55:23+00:00,353,636.00,553.00,658.00,525.00,480.00,525.00,480.00,2,Upper,142,33,553.00,2,31,24
2026-09-13T23:59:25+00:00,352,636.00,553.00,658.00,525.00,480.00,525.00,480.00,2,Upper,142,33,553.00,2,31,24
2026-09-14T00:03:26+00:00,354,636.00,553.00,658.00,525.00,480.00,525.00,480.00,2,Upper,142,33,553.00,2,31,24
2026-09-14T00:07:27+00:00,358,636.00,553.00,658.00,525.00,480.00,525.00,480.00,2,Upper,142,33,553.00,2,31,24
2026-09-14T00:11:28+00:00,358,636.00,553.00,658.00,525.00,480.00,525.00,480.00,2,Upper,142,33,553.00,2,31,24
2026-09-14T00:15:29+00:00,358,636.00,553.00,658.00,525.00,480.00,525.00,480.00,2,Upper,142,33,553.00,2,31,24
2026-09-14T00:19:30+00:00,358,636.00,553.00,658.00,525.00,480.00,525.00,480.00,2,Upper,142,33,553.00,2,31,24
2026-09-14T00:23:31+00:00,357,636.00,553.00,658.00,525.00,480.00,525.00,480.00,2,Upper,142,33,553.00,2,31,24
2026-09-14T00:27:32+00:00,357,636.00,553.00,658.00,525.00,480.00,525.00,480.00,2,Upper,142,33,553.00,2,31,24
2026-09-14T00:31:34+00:00,357,636.00,553.00,658.00,525.00,480.00,525.00,480.00,2,Upper,142,33,553.00,2,31,24
2026-09-14T00:35:35+00:00,357,636.00,553.00,658.00,525.00,480.00,525.00,480.00,2,Upper,142,33,553.00,2,31,24
2026-09-14T00:39:36+00:00,357,636.00,553.00,658.00,525.00,480.00,525.00,480.00,2,Upper,142,33,553.00,2,31,24
2026-09-14T00:43:37+00:00,357,636.00,553.00,658.00,525.00,480.00,525.00,480.00,2,Upper,142,33,553.00,2,31,24
2026-09-14T00:47:39+00:00,356,636.00,553.00,658.00,525.00,480.00,525.00,480.00,2,Upper,142,33,553.00,2,31,24
2026-09-14T00:51:40+00:00,356,636.00,553.00,658.00,525.00,480.00,525.00,480.00,2,Upper,142,33,553.00,2,31,24
2026-09-14T00:55:41+00:00,356,636.00,553.00,658.00,525.00,480.00,525.00,480.00,2,Upper,142,33,553.00,2,31,24
2026-09-14T00:59:42+00:00,356,636.00,553.00,661.00,525.00,480.00,525.00,480.00,2,Upper,142,33,553.00,2,31,24
2026-09-14T01:03:44+00:00,357,636.00,553.00,661.00,525.00,480.00,525.00,480.00,2,Upper,142,33,553.00,2,31,24
2026-09-14T01:07:45+00:00,356,636.00,553.00,661.00,525.00,480.00,525.00,480.00,2,Upper,142,33,553.00,2,31,24
2026-09-14T01:11:46+00:00,356,636.00,553.00,661.00,525.00,480.00,525.00,480.00,2,Upper,142,33,553.00,2,31,24
2026-09-14T01:15:47+00:00,353,636.00,553.00,661.00,525.00,480.00,525.00,480.00,2,Upper,142,33,553.00,2,31,24
2026-09-14T01:19:48+00:00,353,636.00,553.00,661.00,525.00,480.00,525.00,480.00,2,Upper,142,33,553.00,2,31,24
2026-09-14T01:23:49+00:00,355,636.00,553.00,661.00,525.00,480.00,525.00,480.00,2,Upper,142,33,553.00,2,31,24
2026-09-14T01:27:50+00:00,353,636.00,553.00,661.00,525.00,480.00,525.00,480.00,2,Upper,142,33,553.00,2,31,24
2026-09-14T01:31:51+00:00,355,636.00,553.00,662.00,525.00,480.00,525.00,480.00,2,Upper,142,33,553.00,2,31,24
2026-09-14T01:35:53+00:00,355,636.00,553.00,662.00,525.00,480.00,525.00,480.00,2,Upper,142,33,553.00,2,31,24
2026-09-14T01:39:54+00:00,354,636.00,553.00,662.00,525.00,480.00,525.00,480.00,2,Upper,142,33,553.00,2,31,24
2026-09-14T01:43:56+00:00,354,636.00,553.00,662.00,525.00,480.00,525.00,480.00,2,Upper,142,33,553.00,2,31,24
2026-09-14T01:48:06+00:00,353,636.00,553.00,660.00,525.00,480.00,525.00,480.00,2,Upper,142,33,553.00,2,31,24
2026-09-14T01:52:07+00:00,353,636.00,553.00,660.00,525.00,480.00,525.00,480.00,2,Upper,142,33,553.00,2,31,24
2026-09-14T01:56:08+00:00,353,636.00,553.00,660.00,525.00,480.00,525.00,480.00,2,Upper,142,33,553.00,2,31,24
2026-09-14T02:00:10+00:00,352,636.00,564.00,660.00,525.00,480.00,525.00,480.00,2,Upper,142,33,564.00,2,32,29
2026-09-14T02:04:11+00:00,355,636.00,564.00,660.00,525.00,480.00,525.00,480.00,2,Upper,142,33,564.00,2,32,29
2026-09-14T02:08:12+00:00,355,636.00,564.00,660.00,525.00,480.00,525.00,480.00,2,Upper,142,33,564.00,2,32,29
2026-09-14T02:12:13+00:00,359,636.00,564.00,662.00,525.00,480.00,525.00,480.00,2,Upper,142,33,564.00,2,32,29
2026-09-14T02:16:15+00:00,359,636.00,564.00,662.00,525.00,480.00,525.00,480.00,2,Upper,142,33,564.00,2,32,29
2026-09-14T02:20:17+00:00,359,636.00,564.00,662.00,525.00,480.00,525.00,480.00,2,Upper,142,33,564.00,2,32,29
2026-09-14T02:24:19+00:00,359,636.00,564.00,662.00,525.00,480.00,525.00,480.00,2,Upper,142,33,564.00,2,32,29
2026-09-14T02:28:20+00:00,359,636.00,564.00,662.00,525.00,480.00,525.00,480.00,2,Upper,142,33,564.00,2,32,29
2026-09-14T02:32:21+00:00,359,636.00,584.00,662.00,525.00,480.00,525.00,480.00,2,Upper,142,33,584.00,2,33,39
2026-09-14T02:36:22+00:00,359,636.00,584.00,662.00,525.00,480.00,525.00,480.00,2,Upper,142,33,584.00,2,33,39
2026-09-14T02:40:24+00:00,356,636.00,584.00,655.00,525.00,515.00,525.00,515.00,2,Upper,134,29,584.00,2,33,39
2026-09-14T02:44:25+00:00,356,636.00,584.00,658.00,525.00,515.00,525.00,515.00,2,Upper,134,29,584.00,2,33,39
2026-09-14T02:48:26+00:00,357,636.00,584.00,670.00,525.00,515.00,525.00,515.00,2,Upper,134,29,584.00,2,33,39
2026-09-14T02:52:29+00:00,355,636.00,584.00,670.00,525.00,515.00,525.00,515.00,2,Upper,134,29,584.00,2,33,39
2026-09-14T02:56:32+00:00,357,636.00,584.00,670.00,525.00,515.00,525.00,515.00,2,Upper,134,29,584.00,2,33,39
2026-09-14T03:00:34+00:00,355,636.00,584.00,670.00,525.00,515.00,525.00,515.00,2,Upper,134,29,584.00,2,33,39
2026-09-14T03:04:35+00:00,353,636.00,584.00,670.00,525.00,515.00,525.00,515.00,2,Upper,134,29,584.00,2,33,39
2026-09-14T03:08:36+00:00,355,636.00,584.00,670.00,525.00,515.00,525.00,515.00,2,Upper,134,29,584.00,2,33,39
2026-09-14T03:12:37+00:00,353,636.00,584.00,670.00,525.00,515.00,525.00,515.00,2,Upper,134,29,584.00,2,33,39
2026-09-14T03:16:38+00:00,357,636.00,584.00,670.00,525.00,515.00,525.00,515.00,2,Upper,134,29,584.00,2,33,39
2026-09-14T03:20:40+00:00,346,636.00,584.00,670.00,525.00,515.00,525.00,515.00,2,Upper,134,29,584.00,2,33,39
2026-09-14T03:24:42+00:00,348,636.00,584.00,638.00,525.00,515.00,525.00,515.00,2,Upper,134,29,584.00,2,33,39
2026-09-14T03:28:44+00:00,347,636.00,584.00,638.00,525.00,515.00,525.00,515.00,2,Upper,134,29,584.00,2,33,39
2026-09-14T03:32:45+00:00,350,636.00,584.00,638.00,525.00,515.00,525.00,515.00,2,Upper,134,29,584.00,2,33,39
2026-09-14T03:36:46+00:00,349,636.00,584.00,638.00,525.00,515.00,525.00,515.00,2,Upper,134,29,584.00,2,33,39
2026-09-14T03:40:47+00:00,350,636.00,584.00,638.00,525.00,515.00,525.00,515.00,2,Upper,134,29,584.00,2,33,39
2026-09-14T03:44:48+00:00,349,636.00,584.00,638.00,525.00,515.00,525.00,515.00,2,Upper,134,29,584.00,2,33,39
2026-09-14T03:48:49+00:00,350,636.00,584.00,638.00,525.00,515.00,525.00,515.00,2,Upper,134,29,584.00,2,33,39
2026-09-14T03:52:51+00:00,351,636.00,584.00,638.00,525.00,515.00,525.00,515.00,2,Upper,134,29,584.00,2,33,39
2026-09-14T03:56:54+00:00,349,636.00,584.00,638.00,525.00,515.00,525.00,515.00,2,Upper,134,29,584.00,2,33,39
2026-09-14T04:00:55+00:00,351,636.00,584.00,638.00,525.00,515.00,525.00,515.00,2,Upper,134,29,584.00,2,33,39
2026-09-14T04:04:56+00:00,350,636.00,584.00,638.00,525.00,515.00,525.00,515.00,2,Upper,134,29,584.00,2,33,39
2026-09-14T04:08:57+00:00,349,636.00,584.00,638.00,525.00,515.00,525.00,515.00,2,Upper,134,29,584.00,2,33,39
2026-09-14T04:12:59+00:00,353,636.00,584.00,638.00,525.00,515.00,525.00,515.00,2,Upper,134,29,584.00,2,33,39
2026-09-14T04:17:00+00:00,352,636.00,584.00,638.00,525.00,515.00,525.00,515.00,2,Upper,134,29,584.00,2,33,39
2026-09-14T04:21:01+00:00,353,636.00,584.00,638.00,525.00,515.00,525.00,515.00,2,Upper,134,29,584.00,2,33,39
2026-09-14T04:25:02+00:00,352,636.00,584.00,638.00,525.00,515.00,525.00,515.00,2,Upper,134,29,584.00,2,33,39
2026-09-14T04:29:05+00:00,352,636.00,584.00,638.00,525.00,515.00,525.00,515.00,2,Upper,134,29,584.00,2,33,39
2026-09-14T04:33:06+00:00,352,636.00,584.00,638.00,525.00,515.00,525.00,515.00,2,Upper,134,29,584.00,2,33,39
2026-09-14T04:37:07+00:00,353,636.00,584.00,638.00,525.00,515.00,525.00,515.00,2,Upper,134,29,584.00,2,33,39
2026-09-14T04:41:08+00:00,352,636.00,584.00,638.00,525.00,515.00,525.00,515.00,2,Upper,134,29,584.00,2,33,39
2026-09-14T04:45:09+00:00,353,636.00,584.00,638.00,525.00,515.00,525.00,515.00,2,Upper,134,29,584.00,2,33,39
2026-09-14T04:49:11+00:00,351,638.00,584.00,638.00,525.00,515.00,525.00,515.00,2,Upper,134,29,584.00,2,33,39
2026-09-14T04:53:12+00:00,350,638.00,584.00,638.00,525.00,515.00,525.00,515.00,2,Upper,134,29,584.00,2,33,39
2026-09-14T04:57:13+00:00,353,636.00,584.00,638.00,525.00,515.00,525.00,515.00,2,Upper,134,29,584.00,2,33,39
2026-09-14T05:01:15+00:00,352,636.00,584.00,638.00,525.00,515.00,525.00,515.00,2,Upper,134,29,584.00,2,33,39
2026-09-14T05:05:17+00:00,352,636.00,584.00,638.00,525.00,515.00,525.00,515.00,2,Upper,134,29,584.00,2,33,39
2026-09-14T05:09:18+00:00,350,636.00,584.00,638.00,525.00,515.00,525.00,515.00,2,Upper,134,29,584.00,2,33,39
2026-09-14T05:13:19+00:00,352,636.00,584.00,638.00,525.00,515.00,525.00,515.00,2,Upper,134,29,584.00,2,33,39
2026-09-14T05:17:21+00:00,352,636.00,584.00,638.00,525.00,515.00,525.00,515.00,2,Upper,134,29,584.00,2,33,39
2026-09-14T05:21:22+00:00,355,636.00,584.00,638.00,525.00,515.00,525.00,515.00,2,Upper,134,29,584.00,2,33,39
2026-09-14T05:25:23+00:00,352,636.00,584.00,638.00,525.00,515.00,525.00,515.00,2,Upper,134,29,584.00,2,33,39
2026-09-14T05:29:24+00:00,355,636.00,584.00,638.00,525.00,515.00,525.00,515.00,2,Upper,134,29,584.00,2,33,39
2026-09-14T05:33:27+00:00,356,636.00,584.00,638.00,525.00,515.00,525.00,515.00,2,Upper,134,29,584.00,2,33,39
2026-09-14T05:37:28+00:00,356,636.00,584.00,638.00,525.00,515.00,525.00,515.00,2,Upper,134,29,584.00,2,33,39
2026-09-14T05:41:30+00:00,356,636.00,584.00,638.00,525.00,515.00,525.00,515.00,2,Upper,134,29,584.00,2,33,39
2026-09-14T05:45:31+00:00,357,636.00,584.00,638.00,525.00,515.00,525.00,515.00,2,Upper,134,29,584.00,2,33,39
2026-09-14T05:49:32+00:00,357,636.00,584.00,638.00,525.00,515.00,525.00,515.00,2,Upper,134,29,584.00,2,33,39
2026-09-14T05:53:33+00:00,355,636.00,584.00,638.00,525.00,515.00,525.00,515.00,2,Upper,134,29,584.00,2,33,39
2026-09-14T05:57:35+00:00,355,638.00,584.00,638.00,525.00,515.00,525.00,515.00,2,Upper,134,29,584.00,2,33,39
2026-09-14T06:01:36+00:00,354,638.00,584.00,638.00,525.00,515.00,525.00,515.00,2,Upper,134,29,584.00,2,33,39
2026-09-14T06:05:39+00:00,355,638.00,584.00,638.00,525.00,515.00,525.00,515.00,2,Upper,134,29,584.00,2,33,39
2026-09-14T06:09:40+00:00,355,638.00,584.00,638.00,525.00,515.00,525.00,515.00,2,Upper,134,29,584.00,2,33,39
2026-09-14T06:13:41+00:00,358,636.00,584.00,638.00,525.00,515.00,525.00,515.00,2,Upper,134,29,584.00,2,33,39
2026-09-14T06:17:43+00:00,356,638.00,584.00,638.00,525.00,515.00,525.00,515.00,2,Upper,134,29,584.00,2,33,39
2026-09-14T06:21:44+00:00,354,636.00,584.00,680.00,525.00,515.00,525.00,515.00,2,Upper,134,29,584.00,2,33,39
2026-09-14T06:25:45+00:00,355,636.00,584.00,680.00,525.00,515.00,525.00,515.00,2,Upper,134,29,584.00,2,33,39
2026-09-14T06:29:46+00:00,355,636.00,584.00,680.00,525.00,515.00,525.00,515.00,2,Upper,134,29,584.00,2,33,39
2026-09-14T06:33:47+00:00,358,636.00,584.00,680.00,525.00,515.00,525.00,515.00,2,Upper,134,29,584.00,2,33,39
2026-09-14T06:37:50+00:00,358,636.00,584.00,680.00,525.00,515.00,525.00,515.00,2,Upper,134,29,584.00,2,33,39
2026-09-14T06:41:51+00:00,358,636.00,584.00,680.00,525.00,515.00,525.00,515.00,2,Upper,134,29,584.00,2,33,39
2026-09-14T06:45:53+00:00,358,636.00,584.00,680.00,525.00,515.00,525.00,515.00,2,Upper,134,29,584.00,2,33,39
2026-09-14T06:50:04+00:00,358,636.00,584.00,680.00,525.00,515.00,525.00,515.00,2,Upper,134,29,584.00,2,33,39
2026-09-14T06:54:06+00:00,358,636.00,584.00,680.00,525.00,515.00,525.00,515.00,2,Upper,134,29,584.00,2,33,39
2026-09-14T06:58:07+00:00,358,636.00,584.00,680.00,525.00,515.00,525.00,515.00,2,Upper,134,29,584.00,2,33,39
2026-09-14T07:02:08+00:00,358,636.00,584.00,680.00,525.00,515.00,525.00,515.00,2,Upper,134,29,584.00,2,33,39
2026-09-14T07:06:09+00:00,358,636.00,584.00,680.00,525.00,515.00,525.00,515.00,2,Upper,134,29,584.00,2,33,39
2026-09-14T07:10:11+00:00,352,636.00,584.00,680.00,525.00,515.00,525.00,515.00,2,Upper,134,29,584.00,2,33,39
2026-09-14T07:14:12+00:00,355,636.00,584.00,680.00,525.00,515.00,525.00,515.00,2,Upper,134,29,584.00,2,33,39
2026-09-14T07:18:13+00:00,354,636.00,584.00,680.00,525.00,515.00,525.00,515.00,2,Upper,134,29,584.00,2,33,39
2026-09-14T07:22:16+00:00,354,636.00,584.00,680.00,525.00,515.00,525.00,515.00,2,Upper,134,29,584.00,2,33,39
2026-09-14T07:26:17+00:00,352,636.00,584.00,680.00,525.00,515.00,525.00,515.00,2,Upper,134,29,584.00,2,33,39
2026-09-14T07:30:18+00:00,352,636.00,584.00,680.00,525.00,515.00,525.00,515.00,2,Upper,134,29,584.00,2,33,39
2026-09-14T07:34:20+00:00,354,636.00,584.00,680.00,525.00,515.00,525.00,515.00,2,Upper,134,29,584.00,2,33,39
2026-09-14T07:38:21+00:00,354,636.00,584.00,680.00,525.00,515.00,525.00,515.00,2,Upper,134,29,584.00,2,33,39
2026-09-14T07:42:22+00:00,354,636.00,584.00,680.00,525.00,515.00,525.00,515.00,2,Upper,134,29,584.00,2,33,39
2026-09-14T07:46:23+00:00,354,636.00,584.00,680.00,525.00,515.00,525.00,515.00,2,Upper,134,29,584.00,2,33,39
2026-09-14T07:50:24+00:00,352,636.00,584.00,680.00,525.00,515.00,525.00,515.00,2,Upper,134,29,584.00,2,33,39
2026-09-14T07:54:27+00:00,354,636.00,584.00,680.00,525.00,515.00,525.00,515.00,2,Upper,134,29,584.00,2,33,39
2026-09-14T07:58:28+00:00,352,636.00,584.00,680.00,525.00,515.00,525.00,515.00,2,Upper,134,29,584.00,2,33,39
2026-09-14T08:02:30+00:00,354,636.00,584.00,680.00,525.00,515.00,525.00,515.00,2,Upper,134,29,584.00,2,33,39
2026-09-14T08:06:31+00:00,352,636.00,584.00,680.00,525.00,515.00,525.00,515.00,2,Upper,134,29,584.00,2,33,39
2026-09-14T08:10:32+00:00,354,636.00,584.00,680.00,525.00,515.00,525.00,515.00,2,Upper,134,29,584.00,2,33,39
2026-09-14T08:14:33+00:00,354,636.00,584.00,680.00,525.00,515.00,525.00,515.00,2,Upper,134,29,584.00,2,33,39
2026-09-14T08:18:34+00:00,354,636.00,584.00,680.00,525.00,515.00,525.00,515.00,2,Upper,134,29,584.00,2,33,39
2026-09-14T08:22:36+00:00,354,636.00,584.00,680.00,525.00,515.00,525.00,515.00,2,Upper,134,29,584.00,2,33,39
2026-09-14T08:26:38+00:00,354,636.00,584.00,680.00,525.00,515.00,525.00,515.00,2,Upper,134,29,584.00,2,33,39
2026-09-14T08:30:38+00:00,354,636.00,584.00,680.00,525.00,515.00,525.00,515.00,2,Upper,134,29,584.00,2,33,39
2026-09-14T08:34:39+00:00,354,636.00,584.00,680.00,525.00,515.00,525.00,515.00,2,Upper,134,29,584.00,2,33,39
2026-09-14T08:38:40+00:00,352,636.00,584.00,680.00,525.00,515.00,525.00,515.00,2,Upper,134,29,584.00,2,33,39
2026-09-14T08:42:42+00:00,354,636.00,584.00,680.00,525.00,515.00,525.00,515.00,2,Upper,134,29,584.00,2,33,39
2026-09-14T08:46:43+00:00,355,636.00,584.00,680.00,525.00,515.00,525.00,515.00,2,Upper,134,29,584.00,2,33,39
2026-09-14T08:50:44+00:00,354,636.00,584.00,680.00,525.00,515.00,525.00,515.00,2,Upper,134,29,584.00,2,33,39
2026-09-14T08:54:46+00:00,355,636.00,584.00,680.00,525.00,515.00,525.00,515.00,2,Upper,134,29,584.00,2,33,39
2026-09-14T08:58:49+00:00,354,636.00,584.00,680.00,525.00,515.00,525.00,515.00,2,Upper,134,29,584.00,2,33,39
2026-09-14T09:02:50+00:00,354,636.00,584.00,680.00,525.00,515.00,525.00,515.00,2,Upper,134,29,584.00,2,33,39
2026-09-14T09:06:51+00:00,355,636.00,584.00,680.00,525.00,515.00,525.00,515.00,2,Upper,134,29,584.00,2,33,39
2026-09-14T09:10:52+00:00,354,636.00,584.00,680.00,525.00,515.00,525.00,515.00,2,Upper,134,29,584.00,2,33,39
2026-09-14T09:14:53+00:00,355,636.00,584.00,680.00,525.00,515.00,525.00,515.00,2,Upper,134,29,584.00,2,33,39
2026-09-14T09:18:55+00:00,354,636.00,584.00,680.00,525.00,515.00,525.00,515.00,2,Upper,134,29,584.00,2,33,39
2026-09-14T09:22:56+00:00,353,636.00,584.00,680.00,525.00,515.00,525.00,515.00,2,Upper,134,29,584.00,2,33,39
2026-09-14T09:26:57+00:00,354,636.00,584.00,680.00,525.00,515.00,525.00,515.00,2,Upper,134,29,584.00,2,33,39
2026-09-14T09:31:00+00:00,353,636.00,584.00,680.00,525.00,515.00,525.00,515.00,2,Upper,134,29,584.00,2,33,39
2026-09-14T09:35:01+00:00,354,636.00,584.00,680.00,525.00,515.00,525.00,515.00,2,Upper,134,29,584.00,2,33,39
2026-09-14T09:39:02+00:00,353,636.00,584.00,680.00,525.00,515.00,525.00,515.00,2,Upper,134,29,584.00,2,33,39
2026-09-14T09:43:03+00:00,354,636.00,584.00,680.00,525.00,515.00,525.00,515.00,2,Upper,134,29,584.00,2,33,39
2026-09-14T09:47:05+00:00,352,636.00,584.00,680.00,525.00,515.00,525.00,515.00,2,Upper,134,29,584.00,2,33,39
2026-09-14T09:51:06+00:00,354,636.00,584.00,680.00,525.00,515.00,525.00,515.00,2,Upper,134,29,584.00,2,33,39
2026-09-14T09:55:07+00:00,352,636.00,584.00,680.00,525.00,515.00,525.00,515.00,2,Upper,134,29,584.00,2,33,39
2026-09-14T09:59:08+00:00,354,636.00,584.00,680.00,525.00,515.00,525.00,515.00,2,Upper,134,29,584.00,2,33,39
2026-09-14T10:03:11+00:00,352,636.00,584.00,680.00,525.00,515.00,525.00,515.00,2,Upper,134,29,584.00,2,33,39
2026-09-14T10:07:13+00:00,354,636.00,584.00,680.00,525.00,515.00,525.00,515.00,2,Upper,134,29,584.00,2,33,39
2026-09-14T10:11:14+00:00,354,636.00,584.00,680.00,525.00,515.00,525.00,515.00,2,Upper,134,29,584.00,2,33,39
2026-09-14T10:15:15+00:00,352,636.00,584.00,680.00,525.00,515.00,525.00,515.00,2,Upper,134,29,584.00,2,33,39
2026-09-14T10:19:16+00:00,354,636.00,584.00,680.00,525.00,515.00,525.00,515.00,2,Upper,134,29,584.00,2,33,39
2026-09-14T10:23:17+00:00,352,636.00,584.00,680.00,525.00,515.00,525.00,515.00,2,Upper,134,29,584.00,2,33,39
2026-09-14T10:27:19+00:00,352,636.00,584.00,680.00,525.00,515.00,525.00,515.00,2,Upper,134,29,584.00,2,33,39
2026-09-14T10:31:20+00:00,354,636.00,584.00,680.00,525.00,515.00,525.00,515.00,2,Upper,134,29,584.00,2,33,39
2026-09-14T10:35:23+00:00,352,636.00,584.00,680.00,525.00,515.00,525.00,515.00,2,Upper,134,29,584.00,2,33,39
2026-09-14T10:39:24+00:00,354,636.00,584.00,680.00,525.00,515.00,525.00,515.00,2,Upper,134,29,584.00,2,33,39
2026-09-14T10:43:25+00:00,352,636.00,584.00,680.00,525.00,515.00,525.00,515.00,2,Upper,134,29,584.00,2,33,39
2026-09-14T10:47:27+00:00,354,636.00,584.00,680.00,525.00,515.00,525.00,515.00,2,Upper,134,29,584.00,2,33,39
2026-09-14T10:51:28+00:00,354,636.00,584.00,680.00,525.00,515.00,525.00,515.00,2,Upper,134,29,584.00,2,33,39
2026-09-14T10:55:29+00:00,353,636.00,584.00,680.00,525.00,515.00,525.00,515.00,2,Upper,134,29,584.00,2,33,39
2026-09-14T10:59:30+00:00,353,636.00,584.00,680.00,525.00,515.00,525.00,515.00,2,Upper,134,29,584.00,2,33,39
2026-09-14T11:03:31+00:00,353,636.00,584.00,680.00,525.00,515.00,525.00,515.00,2,Upper,134,29,584.00,2,33,39
2026-09-14T11:07:34+00:00,354,636.00,584.00,680.00,525.00,515.00,525.00,515.00,2,Upper,134,29,584.00,2,33,39
2026-09-14T11:11:35+00:00,354,636.00,584.00,680.00,525.00,515.00,525.00,515.00,2,Upper,134,29,584.00,2,33,39
2026-09-14T11:15:37+00:00,354,636.00,584.00,680.00,525.00,515.00,525.00,515.00,2,Upper,134,29,584.00,2,33,39
2026-09-14T11:19:38+00:00,354,636.00,584.00,680.00,525.00,515.00,525.00,515.00,2,Upper,134,29,584.00,2,33,39
2026-09-14T11:23:39+00:00,353,636.00,584.00,680.00,525.00,515.00,525.00,515.00,2,Upper,134,29,584.00,2,33,39
2026-09-14T11:27:40+00:00,354,636.00,584.00,680.00,525.00,515.00,525.00,515.00,2,Upper,134,29,584.00,2,33,39
2026-09-14T11:31:41+00:00,353,636.00,584.00,680.00,525.00,515.00,525.00,515.00,2,Upper,134,29,584.00,2,33,39
2026-09-14T11:35:43+00:00,354,636.00,584.00,680.00,525.00,515.00,525.00,515.00,2,Upper,134,29,584.00,2,33,39
2026-09-14T11:39:45+00:00,353,636.00,584.00,680.00,525.00,515.00,525.00,515.00,2,Upper,134,29,584.00,2,33,39
2026-09-14T11:43:46+00:00,351,636.00,584.00,680.00,525.00,515.00,525.00,515.00,2,Upper,134,29,584.00,2,33,39
2026-09-14T11:47:48+00:00,353,636.00,584.00,680.00,525.00,515.00,525.00,515.00,2,Upper,134,29,584.00,2,33,39
2026-09-14T11:52:01+00:00,353,636.00,584.00,680.00,525.00,515.00,525.00,515.00,2,Upper,134,29,584.00,2,33,39
2026-09-14T11:56:01+00:00,354,636.00,584.00,680.00,525.00,515.00,525.00,515.00,2,Upper,134,29,584.00,2,33,39
2026-09-14T12:00:02+00:00,355,636.00,584.00,680.00,525.00,515.00,525.00,515.00,2,Upper,134,29,584.00,2,33,39
2026-09-14T12:04:04+00:00,351,636.00,584.00,680.00,525.00,515.00,525.00,515.00,2,Upper,134,29,584.00,2,33,39
2026-09-14T12:08:05+00:00,355,636.00,584.00,680.00,525.00,515.00,525.00,515.00,2,Upper,134,29,584.00,2,33,39
2026-09-14T12:12:06+00:00,353,636.00,584.00,680.00,525.00,515.00,525.00,515.00,2,Upper,134,29,584.00,2,33,39
2026-09-14T12:16:07+00:00,354,636.00,584.00,680.00,525.00,515.00,525.00,515.00,2,Upper,134,29,584.00,2,33,39
2026-09-14T12:20:08+00:00,353,636.00,584.00,680.00,525.00,515.00,525.00,515.00,2,Upper,134,29,584.00,2,33,39
2026-09-14T12:24:12+00:00,354,636.00,584.00,680.00,525.00,515.00,525.00,515.00,2,Upper,134,29,584.00,2,33,39
2026-09-14T12:28:13+00:00,353,636.00,584.00,680.00,525.00,515.00,525.00,515.00,2,Upper,134,29,584.00,2,33,39
2026-09-14T12:32:15+00:00,354,636.00,584.00,680.00,525.00,515.00,525.00,515.00,2,Upper,134,29,584.00,2,33,39
2026-09-14T12:36:16+00:00,354,636.00,584.00,680.00,525.00,515.00,525.00,515.00,2,Upper,134,29,584.00,2,33,39
2026-09-14T12:40:17+00:00,353,636.00,584.00,680.00,525.00,515.00,525.00,515.00,2,Upper,134,29,584.00,2,33,39
2026-09-14T12:44:18+00:00,354,636.00,584.00,680.00,525.00,515.00,525.00,515.00,2,Upper,134,29,584.00,2,33,39
2026-09-14T12:48:20+00:00,353,636.00,584.00,680.00,525.00,515.00,525.00,515.00,2,Upper,134,29,584.00,2,33,39
2026-09-14T12:52:21+00:00,353,636.00,584.00,680.00,525.00,515.00,525.00,515.00,2,Upper,134,29,584.00,2,33,39
2026-09-14T12:56:24+00:00,353,636.00,584.00,680.00,525.00,515.00,525.00,515.00,2,Upper,134,29,584.00,2,33,39
2026-09-14T13:00:25+00:00,350,636.00,584.00,680.00,525.00,515.00,525.00,515.00,2,Upper,134,29,584.00,2,33,39
2026-09-14T13:04:26+00:00,355,636.00,636.00,680.00,525.00,515.00,525.00,515.00,2,Upper,134,29,636.00,1,35,45
2026-09-14T13:08:28+00:00,355,636.00,636.00,680.00,525.00,515.00,525.00,515.00,2,Upper,134,29,636.00,1,35,45
2026-09-14T13:12:29+00:00,358,636.00,584.00,680.00,525.00,515.00,525.00,515.00,2,Upper,134,29,584.00,2,33,39
2026-09-14T13:16:30+00:00,358,636.00,584.00,680.00,525.00,515.00,525.00,515.00,2,Upper,134,29,584.00,2,33,39
2026-09-14T13:20:31+00:00,361,636.00,584.00,680.00,525.00,515.00,525.00,515.00,2,Upper,134,29,584.00,2,33,39
2026-09-14T13:24:33+00:00,356,636.00,584.00,680.00,525.00,515.00,525.00,515.00,2,Upper,134,29,584.00,2,33,39
2026-09-14T13:28:36+00:00,356,636.00,584.00,680.00,525.00,515.00,525.00,515.00,2,Upper,134,29,584.00,2,33,39
2026-09-14T13:32:37+00:00,357,636.00,584.00,680.00,525.00,515.00,525.00,515.00,2,Upper,134,29,584.00,2,33,39
2026-09-14T13:36:38+00:00,360,636.00,584.00,680.00,525.00,515.00,525.00,515.00,2,Upper,134,29,584.00,2,33,39
2026-09-14T13:40:40+00:00,357,636.00,584.00,680.00,525.00,515.00,525.00,515.00,2,Upper,134,29,584.00,2,33,39
2026-09-14T13:44:41+00:00,360,636.00,584.00,680.00,525.00,515.00,525.00,515.00,2,Upper,134,29,584.00,2,33,39
2026-09-14T13:48:42+00:00,357,636.00,584.00,680.00,525.00,515.00,525.00,515.00,2,Upper,134,29,584.00,2,33,39
2026-09-14T13:52:43+00:00,355,636.00,636.00,680.00,525.00,515.00,525.00,515.00,2,Upper,134,29,636.00,1,35,45
2026-09-14T13:56:45+00:00,360,636.00,636.00,680.00,525.00,515.00,525.00,515.00,2,Upper,134,29,636.00,1,35,45
2026-09-14T14:00:47+00:00,351,636.00,584.00,680.00,525.00,515.00,525.00,515.00,2,Upper,134,29,584.00,2,33,39
2026-09-14T14:04:49+00:00,356,636.00,584.00,680.00,525.00,515.00,525.00,515.00,2,Upper,134,29,584.00,2,33,39
2026-09-14T14:08:50+00:00,357,636.00,636.00,680.00,525.00,515.00,525.00,515.00,2,Upper,134,29,636.00,1,35,45
2026-09-14T14:12:51+00:00,353,636.00,636.00,680.00,525.00,515.00,525.00,515.00,2,Upper,134,29,636.00,1,35,45
2026-09-14T14:16:53+00:00,360,636.00,636.00,680.00,525.00,515.00,525.00,515.00,2,Upper,134,29,636.00,1,35,45
2026-09-14T14:20:54+00:00,355,636.00,636.00,680.00,525.00,515.00,525.00,515.00,2,Upper,134,29,636.00,1,35,45
2026-09-14T14:24:55+00:00,360,636.00,636.00,680.00,525.00,515.00,525.00,515.00,2,Upper,134,29,636.00,1,35,45
2026-09-14T14:28:56+00:00,362,636.00,636.00,680.00,525.00,515.00,525.00,515.00,2,Upper,134,29,636.00,1,35,45
2026-09-14T14:32:59+00:00,362,636.00,636.00,680.00,525.00,515.00,525.00,515.00,2,Upper,134,29,636.00,1,35,45
2026-09-14T14:37:01+00:00,356,636.00,636.00,680.00,525.00,515.00,525.00,515.00,2,Upper,134,29,636.00,1,35,45
2026-09-14T14:41:02+00:00,362,636.00,636.00,680.00,525.00,515.00,525.00,515.00,2,Upper,134,29,636.00,1,35,45
2026-09-14T14:45:03+00:00,356,636.00,636.00,680.00,525.00,515.00,525.00,515.00,2,Upper,134,29,636.00,1,35,45
2026-09-14T14:49:05+00:00,359,636.00,636.00,680.00,525.00,515.00,525.00,515.00,2,Upper,134,29,636.00,1,35,45
2026-09-14T14:53:06+00:00,359,636.00,636.00,680.00,525.00,515.00,525.00,515.00,2,Upper,134,29,636.00,1,35,45
2026-09-14T14:57:07+00:00,355,636.00,636.00,680.00,525.00,515.00,525.00,515.00,2,Upper,134,29,636.00,1,35,45
2026-09-14T15:01:08+00:00,361,636.00,636.00,680.00,525.00,515.00,525.00,515.00,2,Upper,134,29,636.00,1,35,45
2026-09-14T15:05:14+00:00,355,636.00,584.00,680.00,525.00,515.00,525.00,515.00,2,Upper,134,29,584.00,2,33,39
2026-09-14T15:09:15+00:00,361,636.00,584.00,680.00,525.00,515.00,525.00,515.00,2,Upper,134,29,584.00,2,33,39
2026-09-14T15:13:17+00:00,361,636.00,584.00,680.00,525.00,515.00,525.00,515.00,2,Upper,134,29,584.00,2,33,39
2026-09-14T15:17:18+00:00,356,636.00,584.00,680.00,525.00,515.00,525.00,515.00,2,Upper,134,29,584.00,2,33,39
2026-09-14T15:21:19+00:00,356,636.00,584.00,680.00,525.00,515.00,525.00,515.00,2,Upper,134,29,584.00,2,33,39
2026-09-14T15:25:20+00:00,357,636.00,584.00,680.00,525.00,515.00,525.00,515.00,2,Upper,134,29,584.00,2,33,39
2026-09-14T15:29:22+00:00,356,636.00,584.00,680.00,525.00,515.00,525.00,515.00,2,Upper,134,29,584.00,2,33,39
2026-09-14T15:33:23+00:00,357,636.00,584.00,680.00,525.00,515.00,525.00,515.00,2,Upper,134,29,584.00,2,33,39
2026-09-14T15:37:26+00:00,355,636.00,584.00,680.00,525.00,515.00,525.00,515.00,2,Upper,134,29,584.00,2,33,39
2026-09-14T15:41:27+00:00,357,636.00,584.00,680.00,525.00,515.00,525.00,515.00,2,Upper,134,29,584.00,2,33,39
2026-09-14T15:45:28+00:00,355,636.00,584.00,680.00,525.00,515.00,525.00,515.00,2,Upper,134,29,584.00,2,33,39
2026-09-14T15:49:30+00:00,362,636.00,584.00,680.00,525.00,515.00,525.00,515.00,2,Upper,134,29,584.00,2,33,39
2026-09-14T15:53:31+00:00,357,636.00,584.00,680.00,525.00,515.00,525.00,515.00,2,Upper,134,29,584.00,2,33,39
2026-09-14T15:57:32+00:00,359,636.00,584.00,680.00,525.00,515.00,525.00,515.00,2,Upper,134,29,584.00,2,33,39
2026-09-14T16:01:33+00:00,352,636.00,584.00,680.00,525.00,515.00,525.00,515.00,2,Upper,134,29,584.00,2,33,39
2026-09-14T16:05:35+00:00,352,636.00,584.00,680.00,525.00,515.00,525.00,515.00,2,Upper,134,29,584.00,2,33,39
2026-09-14T16:09:38+00:00,359,636.00,584.00,680.00,525.00,515.00,525.00,515.00,2,Upper,134,29,584.00,2,33,39
2026-09-14T16:13:39+00:00,356,636.00,584.00,680.00,525.00,515.00,525.00,515.00,2,Upper,134,29,584.00,2,33,39
2026-09-14T16:17:40+00:00,357,636.00,584.00,680.00,525.00,515.00,525.00,515.00,2,Upper,134,29,584.00,2,33,39
2026-09-14T16:21:42+00:00,352,636.00,584.00,680.00,525.00,515.00,525.00,515.00,2,Upper,134,29,584.00,2,33,39
2026-09-14T16:25:43+00:00,361,636.00,584.00,680.00,525.00,515.00,525.00,515.00,2,Upper,134,29,584.00,2,33,39
2026-09-14T16:29:44+00:00,351,636.00,584.00,680.00,525.00,515.00,525.00,515.00,2,Upper,134,29,584.00,2,33,39
2026-09-14T16:33:45+00:00,356,636.00,636.00,680.00,525.00,515.00,525.00,515.00,2,Upper,134,29,636.00,1,35,45
2026-09-14T16:37:46+00:00,356,636.00,636.00,680.00,525.00,515.00,525.00,515.00,2,Upper,134,29,636.00,1,35,45
2026-09-14T16:41:50+00:00,356,636.00,636.00,680.00,525.00,515.00,525.00,515.00,2,Upper,134,29,636.00,1,35,45
2026-09-14T16:45:51+00:00,362,636.00,584.00,680.00,525.00,515.00,525.00,515.00,2,Upper,134,29,584.00,2,33,39
2026-09-14T16:49:52+00:00,355,636.00,584.00,680.00,525.00,515.00,525.00,515.00,2,Upper,134,29,584.00,2,33,39
2026-09-14T16:54:06+00:00,362,636.00,636.00,680.00,525.00,453.00,525.00,453.00,2,Upper,134,5,636.00,1,35,45
2026-09-14T16:58:07+00:00,362,636.00,636.00,680.00,525.00,453.00,525.00,453.00,2,Upper,134,5,636.00,1,35,45
2026-09-14T17:02:08+00:00,362,636.00,636.00,680.00,525.00,453.00,525.00,453.00,2,Upper,134,5,636.00,1,35,45
2026-09-14T17:06:10+00:00,362,636.00,636.00,680.00,525.00,453.00,525.00,453.00,2,Upper,134,5,636.00,1,35,45
2026-09-14T17:10:11+00:00,358,636.00,636.00,680.00,525.00,453.00,525.00,453.00,2,Upper,134,5,636.00,1,35,45
2026-09-14T17:14:12+00:00,359,636.00,636.00,680.00,525.00,457.00,525.00,457.00,2,Upper,134,9,636.00,1,35,45
2026-09-14T17:18:13+00:00,351,636.00,636.00,680.00,525.00,457.00,525.00,457.00,2,Upper,134,9,636.00,1,35,45
2026-09-14T17:22:15+00:00,353,636.00,584.00,680.00,525.00,457.00,525.00,457.00,2,Upper,134,9,584.00,2,33,39
2026-09-14T17:26:18+00:00,355,636.00,584.00,680.00,525.00,457.00,525.00,457.00,2,Upper,134,9,584.00,2,33,39
2026-09-14T17:30:19+00:00,355,636.00,584.00,680.00,525.00,482.00,525.00,482.00,2,Upper,134,9,584.00,2,33,39
2026-09-14T17:34:21+00:00,357,636.00,584.00,680.00,525.00,482.00,525.00,482.00,2,Upper,134,9,584.00,2,33,39
2026-09-14T17:38:22+00:00,356,636.00,584.00,680.00,525.00,500.00,525.00,500.00,2,Upper,135,18,584.00,2,33,39
2026-09-14T17:42:23+00:00,356,636.00,584.00,680.00,525.00,500.00,525.00,500.00,2,Upper,135,18,584.00,2,33,39
2026-09-14T17:46:25+00:00,357,636.00,584.00,680.00,525.00,500.00,525.00,500.00,2,Upper,135,18,584.00,2,33,39
2026-09-14T17:50:26+00:00,356,636.00,584.00,680.00,525.00,500.00,525.00,500.00,2,Upper,135,18,584.00,2,33,39
2026-09-14T17:54:27+00:00,356,636.00,584.00,680.00,525.00,515.00,525.00,515.00,2,Upper,134,29,584.00,2,33,39
2026-09-14T17:58:30+00:00,354,631.00,584.00,663.00,525.00,515.00,525.00,515.00,2,Upper,134,29,584.00,2,33,39
2026-09-14T18:02:32+00:00,353,631.00,584.00,663.00,525.00,515.00,525.00,515.00,2,Upper,134,29,584.00,2,33,39
2026-09-14T18:06:33+00:00,354,631.00,584.00,663.00,525.00,515.00,525.00,515.00,2,Upper,134,29,584.00,2,33,39
2026-09-14T18:10:34+00:00,357,631.00,584.00,663.00,515.00,515.00,525.00,515.00,1,Upper,134,34,584.00,2,33,39
2026-09-14T18:14:36+00:00,356,636.00,584.00,663.00,515.00,515.00,525.00,515.00,1,Upper,134,34,584.00,2,33,39
2026-09-14T18:18:37+00:00,356,631.00,584.00,663.00,515.00,515.00,525.00,515.00,1,Upper,134,34,584.00,2,33,39
2026-09-14T18:22:38+00:00,356,631.00,584.00,663.00,515.00,515.00,525.00,515.00,1,Upper,134,34,584.00,2,33,39
2026-09-14T18:26:40+00:00,352,631.00,584.00,663.00,498.00,498.00,498.00,498.00,1,Upper,136,34,584.00,2,33,39
2026-09-14T18:30:43+00:00,355,636.00,584.00,663.00,498.00,498.00,498.00,498.00,1,Upper,136,34,584.00,2,33,39
2026-09-14T18:34:44+00:00,352,631.00,584.00,663.00,498.00,498.00,498.00,498.00,1,Upper,136,34,584.00,2,33,39
2026-09-14T18:38:46+00:00,352,631.00,584.00,663.00,498.00,498.00,498.00,498.00,1,Upper,136,34,584.00,2,33,39
2026-09-14T18:42:47+00:00,354,631.00,584.00,663.00,498.00,498.00,498.00,498.00,1,Upper,136,34,584.00,2,33,39
2026-09-14T18:46:48+00:00,355,631.00,584.00,663.00,498.00,498.00,498.00,498.00,1,Upper,136,34,584.00,2,33,39
2026-09-14T18:50:49+00:00,353,631.00,584.00,663.00,498.00,498.00,498.00,498.00,1,Upper,136,34,584.00,2,33,39
2026-09-14T18:54:51+00:00,358,631.00,584.00,663.00,498.00,498.00,498.00,498.00,1,Upper,140,34,584.00,2,33,39
2026-09-14T18:58:52+00:00,358,631.00,584.00,663.00,498.00,498.00,498.00,498.00,1,Upper,140,34,584.00,2,33,39
2026-09-14T19:02:55+00:00,355,631.00,631.00,663.00,498.00,498.00,498.00,498.00,1,Upper,140,34,631.00,1,35,45
2026-09-14T19:06:56+00:00,356,631.00,631.00,663.00,498.00,498.00,498.00,498.00,1,Upper,140,34,631.00,1,35,45
2026-09-14T19:10:58+00:00,356,631.00,631.00,663.00,498.00,498.00,521.00,498.00,1,Upper,140,34,631.00,1,35,45
2026-09-14T19:14:59+00:00,358,631.00,584.00,663.00,498.00,498.00,521.00,498.00,1,Upper,140,34,584.00,2,33,39
2026-09-14T19:19:01+00:00,358,631.00,563.00,663.00,498.00,498.00,521.00,498.00,1,Upper,140,34,563.00,2,33,39
2026-09-14T19:23:02+00:00,358,631.00,563.00,663.00,498.00,498.00,521.00,498.00,1,Upper,140,34,563.00,2,33,39
2026-09-14T19:27:03+00:00,362,631.00,563.00,663.00,498.00,498.00,521.00,498.00,1,Upper,140,34,563.00,2,33,39
2026-09-14T19:31:04+00:00,359,631.00,563.00,663.00,498.00,498.00,521.00,498.00,1,Upper,140,34,563.00,2,33,39
2026-09-14T19:35:07+00:00,361,631.00,563.00,663.00,498.00,498.00,521.00,498.00,1,Upper,140,34,563.00,2,33,39
2026-09-14T19:39:09+00:00,360,631.00,563.00,663.00,498.00,498.00,521.00,498.00,1,Upper,140,34,563.00,2,33,39
2026-09-14T19:43:10+00:00,361,631.00,563.00,663.00,498.00,498.00,521.00,498.00,1,Upper,140,34,563.00,2,33,39
2026-09-14T19:47:12+00:00,361,631.00,563.00,663.00,498.00,498.00,521.00,498.00,1,Upper,140,34,563.00,2,33,39
2026-09-14T19:51:13+00:00,358,631.00,563.00,663.00,498.00,495.00,521.00,495.00,2,Upper,134,5,563.00,2,33,39
2026-09-14T19:55:14+00:00,357,636.00,563.00,663.00,498.00,495.00,521.00,495.00,2,Upper,134,5,563.00,2,33,39
2026-09-14T19:59:16+00:00,359,631.00,563.00,663.00,498.00,495.00,521.00,495.00,2,Upper,134,5,563.00,2,33,39
2026-09-14T20:03:17+00:00,359,631.00,563.00,663.00,498.00,495.00,521.00,495.00,2,Upper,134,5,563.00,2,33,39
2026-09-14T20:07:20+00:00,359,631.00,563.00,663.00,498.00,495.00,521.00,495.00,2,Upper,134,5,563.00,2,33,39
2026-09-14T20:11:21+00:00,359,631.00,563.00,663.00,498.00,495.00,521.00,495.00,2,Upper,134,5,563.00,2,33,39
2026-09-14T20:15:23+00:00,359,631.00,563.00,663.00,498.00,495.00,521.00,495.00,2,Upper,134,5,563.00,2,33,39
2026-09-14T20:19:24+00:00,357,631.00,563.00,663.00,498.00,495.00,521.00,495.00,2,Upper,134,5,563.00,2,33,39
2026-09-14T20:23:26+00:00,355,631.00,563.00,663.00,498.00,495.00,521.00,495.00,2,Upper,134,5,563.00,2,33,39
2026-09-14T20:27:27+00:00,354,631.00,563.00,663.00,498.00,495.00,521.00,495.00,2,Upper,134,5,563.00,2,33,39
2026-09-14T20:31:28+00:00,358,636.00,563.00,663.00,498.00,495.00,521.00,495.00,2,Upper,134,5,563.00,2,33,39
2026-09-14T20:35:30+00:00,358,636.00,563.00,663.00,498.00,495.00,521.00,495.00,2,Upper,134,5,563.00,2,33,39
2026-09-14T20:39:33+00:00,359,636.00,563.00,663.00,498.00,495.00,521.00,495.00,2,Upper,134,5,563.00,2,33,39
2026-09-14T20:43:34+00:00,359,636.00,563.00,663.00,498.00,495.00,521.00,495.00,2,Upper,134,5,563.00,2,33,39
2026-09-14T20:47:35+00:00,351,636.00,563.00,663.00,498.00,495.00,521.00,495.00,2,Upper,134,5,563.00,2,33,39
2026-09-14T20:51:37+00:00,360,636.00,563.00,663.00,498.00,495.00,521.00,495.00,2,Upper,134,5,563.00,2,33,39
2026-09-14T20:55:38+00:00,361,636.00,563.00,663.00,498.00,495.00,521.00,495.00,2,Upper,134,5,563.00,2,33,39
2026-09-14T20:59:40+00:00,361,636.00,563.00,663.00,498.00,495.00,521.00,495.00,2,Upper,134,5,563.00,2,33,39
2026-09-14T21:03:41+00:00,361,636.00,563.00,663.00,498.00,495.00,521.00,495.00,2,Upper,134,5,563.00,2,33,39
2026-09-14T21:07:42+00:00,351,631.00,563.00,663.00,498.00,495.00,521.00,495.00,2,Upper,134,5,563.00,2,33,39
2026-09-14T21:11:45+00:00,351,631.00,563.00,663.00,498.00,495.00,521.00,495.00,2,Upper,134,5,563.00,2,33,39
2026-09-14T21:15:47+00:00,354,631.00,563.00,663.00,498.00,495.00,521.00,495.00,2,Upper,134,5,563.00,2,33,39
2026-09-14T21:19:48+00:00,356,631.00,563.00,663.00,498.00,495.00,521.00,495.00,2,Upper,134,5,563.00,2,33,39
2026-09-14T21:23:50+00:00,352,631.00,563.00,663.00,498.00,495.00,521.00,495.00,2,Upper,134,5,563.00,2,33,39
2026-09-14T21:27:51+00:00,350,631.00,563.00,663.00,498.00,495.00,521.00,495.00,2,Upper,134,5,563.00,2,33,39
2026-09-14T21:31:52+00:00,350,631.00,563.00,663.00,498.00,495.00,521.00,495.00,2,Upper,134,5,563.00,2,33,39
2026-09-14T21:35:54+00:00,351,631.00,563.00,663.00,498.00,495.00,521.00,495.00,2,Upper,134,5,563.00,2,33,39
2026-09-14T21:39:55+00:00,353,631.00,563.00,663.00,498.00,495.00,521.00,495.00,2,Upper,134,5,563.00,2,33,39
2026-09-14T21:43:58+00:00,352,631.00,563.00,663.00,498.00,495.00,521.00,495.00,2,Upper,134,5,563.00,2,33,39
2026-09-14T21:47:59+00:00,353,631.00,563.00,663.00,498.00,495.00,521.00,495.00,2,Upper,134,5,563.00,2,33,39
2026-09-14T21:52:01+00:00,354,631.00,563.00,663.00,498.00,495.00,521.00,495.00,2,Upper,134,5,563.00,2,33,39
2026-09-14T21:56:12+00:00,355,631.00,563.00,663.00,498.00,495.00,521.00,495.00,2,Upper,134,5,563.00,2,33,39
2026-09-14T22:00:13+00:00,358,631.00,563.00,663.00,498.00,495.00,521.00,495.00,2,Upper,134,5,563.00,2,33,39
2026-09-14T22:04:14+00:00,361,631.00,563.00,663.00,498.00,495.00,521.00,495.00,2,Upper,134,5,563.00,2,33,39
2026-09-14T22:08:16+00:00,361,631.00,563.00,663.00,498.00,495.00,521.00,495.00,2,Upper,134,5,563.00,2,33,39
2026-09-14T22:12:17+00:00,361,631.00,563.00,663.00,498.00,495.00,521.00,495.00,2,Upper,134,5,563.00,2,33,39
2026-09-14T22:16:18+00:00,361,631.00,563.00,663.00,498.00,495.00,521.00,495.00,2,Upper,134,5,563.00,2,33,39
2026-09-14T22:20:19+00:00,361,631.00,563.00,663.00,498.00,495.00,521.00,495.00,2,Upper,134,5,563.00,2,33,39
2026-09-14T22:24:20+00:00,361,631.00,563.00,663.00,498.00,495.00,521.00,495.00,2,Upper,134,5,563.00,2,33,39
2026-09-14T22:28:23+00:00,361,631.00,563.00,663.00,498.00,495.00,521.00,495.00,2,Upper,134,5,563.00,2,33,39
2026-09-14T22:32:24+00:00,360,631.00,563.00,663.00,498.00,495.00,521.00,495.00,2,Upper,134,5,563.00,2,33,39
2026-09-14T22:36:26+00:00,361,631.00,563.00,663.00,498.00,495.00,521.00,495.00,2,Upper,134,5,563.00,2,33,39
2026-09-14T22:40:27+00:00,361,631.00,563.00,663.00,498.00,495.00,521.00,495.00,2,Upper,134,5,563.00,2,33,39
2026-09-14T22:44:28+00:00,363,631.00,563.00,663.00,498.00,495.00,521.00,495.00,2,Upper,134,5,563.00,2,33,39
2026-09-14T22:48:29+00:00,363,631.00,563.00,663.00,498.00,495.00,521.00,495.00,2,Upper,134,5,563.00,2,33,39
2026-09-14T22:52:30+00:00,360,631.00,563.00,663.00,498.00,495.00,521.00,495.00,2,Upper,134,5,563.00,2,33,39
2026-09-14T22:56:32+00:00,360,631.00,563.00,663.00,498.00,495.00,521.00,495.00,2,Upper,134,5,563.00,2,33,39
2026-09-14T23:00:34+00:00,359,631.00,563.00,663.00,498.00,495.00,521.00,495.00,2,Upper,134,5,563.00,2,33,39
2026-09-14T23:04:35+00:00,359,631.00,563.00,663.00,498.00,495.00,521.00,495.00,2,Upper,134,5,563.00,2,33,39
2026-09-14T23:08:37+00:00,361,631.00,563.00,663.00,498.00,495.00,521.00,495.00,2,Upper,134,5,563.00,2,33,39
2026-09-14T23:12:38+00:00,361,631.00,563.00,663.00,498.00,495.00,521.00,495.00,2,Upper,134,5,563.00,2,33,39
2026-09-14T23:16:39+00:00,362,636.00,563.00,663.00,498.00,495.00,521.00,495.00,2,Upper,134,5,563.00,2,33,39
2026-09-14T23:20:40+00:00,362,636.00,563.00,663.00,498.00,495.00,521.00,495.00,2,Upper,134,5,563.00,2,33,39
2026-09-14T23:24:41+00:00,362,636.00,563.00,663.00,498.00,495.00,521.00,495.00,2,Upper,134,5,563.00,2,33,39
2026-09-14T23:28:43+00:00,362,636.00,563.00,663.00,498.00,495.00,521.00,495.00,2,Upper,134,5,563.00,2,33,39
2026-09-14T23:32:45+00:00,362,636.00,563.00,663.00,498.00,495.00,521.00,495.00,2,Upper,134,5,563.00,2,33,39
2026-09-14T23:36:46+00:00,361,631.00,563.00,663.00,498.00,495.00,521.00,495.00,2,Upper,134,5,563.00,2,33,39
2026-09-14T23:40:48+00:00,363,636.00,563.00,663.00,498.00,495.00,521.00,495.00,2,Upper,134,5,563.00,2,33,39
2026-09-14T23:44:49+00:00,363,636.00,563.00,663.00,498.00,495.00,521.00,495.00,2,Upper,134,5,563.00,2,33,39
2026-09-14T23:48:50+00:00,363,636.00,563.00,663.00,498.00,495.00,521.00,495.00,2,Upper,134,5,563.00,2,33,39
2026-09-14T23:52:51+00:00,363,636.00,563.00,663.00,498.00,495.00,521.00,495.00,2,Upper,134,5,563.00,2,33,39
2026-09-14T23:56:52+00:00,362,636.00,563.00,663.00,498.00,495.00,521.00,495.00,2,Upper,134,5,563.00,2,33,39
2026-09-15T00:00:54+00:00,362,636.00,563.00,663.00,498.00,495.00,521.00,495.00,2,Upper,134,5,563.00,2,33,39
2026-09-15T00:04:56+00:00,362,636.00,563.00,663.00,498.00,495.00,521.00,495.00,2,Upper,134,5,563.00,2,33,39
2026-09-15T00:08:58+00:00,366,636.00,563.00,663.00,498.00,495.00,521.00,495.00,2,Upper,134,5,563.00,2,33,39
2026-09-15T00:12:59+00:00,366,636.00,563.00,663.00,498.00,495.00,521.00,495.00,2,Upper,134,5,563.00,2,33,39
2026-09-15T00:17:00+00:00,363,636.00,563.00,663.00,498.00,495.00,521.00,495.00,2,Upper,134,5,563.00,2,33,39
2026-09-15T00:21:01+00:00,368,636.00,563.00,663.00,498.00,495.00,521.00,495.00,2,Upper,134,5,563.00,2,33,39
2026-09-15T00:25:03+00:00,363,631.00,563.00,663.00,498.00,495.00,521.00,495.00,2,Upper,134,5,563.00,2,33,39
2026-09-15T00:29:04+00:00,366,636.00,563.00,663.00,498.00,495.00,521.00,495.00,2,Upper,134,5,563.00,2,33,39
2026-09-15T00:33:05+00:00,367,636.00,563.00,663.00,498.00,495.00,521.00,495.00,2,Upper,134,5,563.00,2,33,39
2026-09-15T00:37:08+00:00,363,636.00,563.00,663.00,498.00,495.00,521.00,495.00,2,Upper,134,5,563.00,2,33,39
2026-09-15T00:41:09+00:00,363,636.00,563.00,663.00,498.00,495.00,521.00,495.00,2,Upper,134,5,563.00,2,33,39
2026-09-15T00:45:11+00:00,364,636.00,563.00,663.00,498.00,495.00,521.00,495.00,2,Upper,134,5,563.00,2,33,39
2026-09-15T00:49:12+00:00,364,636.00,563.00,663.00,498.00,495.00,521.00,495.00,2,Upper,134,5,563.00,2,33,39
2026-09-15T00:53:13+00:00,366,636.00,563.00,663.00,498.00,477.00,521.00,477.00,2,Upper,136,12,563.00,2,33,39
2026-09-15T00:57:14+00:00,365,636.00,563.00,663.00,498.00,477.00,521.00,477.00,2,Upper,136,12,563.00,2,33,39
2026-09-15T01:01:16+00:00,365,636.00,563.00,663.00,498.00,477.00,521.00,477.00,2,Upper,136,12,563.00,2,33,39
2026-09-15T01:05:17+00:00,366,636.00,563.00,663.00,498.00,477.00,521.00,477.00,2,Upper,136,12,563.00,2,33,39
2026-09-15T01:09:19+00:00,366,636.00,563.00,663.00,498.00,477.00,521.00,477.00,2,Upper,136,12,563.00,2,33,39
2026-09-15T01:13:21+00:00,363,636.00,563.00,663.00,498.00,477.00,521.00,477.00,2,Upper,136,12,563.00,2,33,39
2026-09-15T01:17:22+00:00,363,636.00,563.00,663.00,498.00,477.00,521.00,477.00,2,Upper,136,12,563.00,2,33,39
2026-09-15T01:21:22+00:00,363,636.00,563.00,663.00,498.00,477.00,521.00,477.00,2,Upper,136,12,563.00,2,33,39
2026-09-15T01:25:23+00:00,362,636.00,563.00,663.00,498.00,477.00,521.00,477.00,2,Upper,136,12,563.00,2,33,39
2026-09-15T01:29:25+00:00,362,636.00,563.00,663.00,498.00,477.00,521.00,477.00,2,Upper,136,12,563.00,2,33,39
2026-09-15T01:33:26+00:00,364,636.00,563.00,663.00,498.00,477.00,521.00,477.00,2,Upper,136,12,563.00,2,33,39
2026-09-15T01:37:27+00:00,364,636.00,563.00,663.00,498.00,477.00,521.00,477.00,2,Upper,136,12,563.00,2,33,39
2026-09-15T01:41:30+00:00,364,636.00,563.00,663.00,498.00,477.00,521.00,477.00,2,Upper,136,12,563.00,2,33,39
2026-09-15T01:45:31+00:00,377,636.00,563.00,663.00,498.00,477.00,521.00,477.00,2,Upper,136,12,563.00,2,33,39
2026-09-15T01:49:32+00:00,374,636.00,563.00,663.00,498.00,495.00,521.00,495.00,2,Upper,134,5,563.00,2,33,39
2026-09-15T01:53:33+00:00,375,636.00,563.00,663.00,498.00,495.00,521.00,495.00,2,Upper,134,5,563.00,2,33,39
2026-09-15T01:57:35+00:00,374,636.00,563.00,663.00,498.00,495.00,521.00,495.00,2,Upper,134,5,563.00,2,33,39
2026-09-15T02:01:36+00:00,374,636.00,563.00,663.00,498.00,495.00,521.00,495.00,2,Upper,134,5,563.00,2,33,39
2026-09-15T02:05:37+00:00,374,636.00,563.00,663.00,498.00,495.00,521.00,495.00,2,Upper,134,5,563.00,2,33,39
2026-09-15T02:09:39+00:00,374,636.00,563.00,663.00,498.00,495.00,521.00,495.00,2,Upper,134,5,563.00,2,33,39
2026-09-15T02:13:42+00:00,374,636.00,563.00,663.00,498.00,495.00,521.00,495.00,2,Upper,134,5,563.00,2,33,39
2026-09-15T02:17:43+00:00,376,636.00,563.00,663.00,498.00,495.00,521.00,495.00,2,Upper,134,5,563.00,2,33,39
2026-09-15T02:21:44+00:00,377,636.00,563.00,663.00,498.00,495.00,521.00,495.00,2,Upper,134,5,563.00,2,33,39
2026-09-15T02:25:46+00:00,377,636.00,563.00,663.00,498.00,495.00,521.00,495.00,2,Upper,134,5,563.00,2,33,39
2026-09-15T02:29:47+00:00,377,636.00,563.00,663.00,498.00,495.00,521.00,495.00,2,Upper,134,5,563.00,2,33,39
2026-09-15T02:33:48+00:00,377,636.00,563.00,663.00,498.00,495.00,521.00,495.00,2,Upper,134,5,563.00,2,33,39
2026-09-15T02:37:50+00:00,377,636.00,563.00,663.00,498.00,495.00,521.00,495.00,2,Upper,134,5,563.00,2,33,39
2026-09-15T02:41:51+00:00,377,636.00,563.00,663.00,498.00,495.00,521.00,495.00,2,Upper,134,5,563.00,2,33,39
2026-09-15T02:45:54+00:00,376,636.00,563.00,663.00,498.00,495.00,521.00,495.00,2,Upper,134,5,563.00,2,33,39
2026-09-15T02:49:55+00:00,375,636.00,563.00,663.00,498.00,495.00,521.00,495.00,2,Upper,134,5,563.00,2,33,39
2026-09-15T02:53:56+00:00,375,636.00,563.00,663.00,498.00,495.00,521.00,495.00,2,Upper,134,5,563.00,2,33,39
2026-09-15T02:58:09+00:00,377,636.00,563.00,663.00,498.00,495.00,521.00,495.00,2,Upper,134,5,563.00,2,33,39
2026-09-15T03:02:10+00:00,372,636.00,563.00,663.00,498.00,495.00,521.00,495.00,2,Upper,134,5,563.00,2,33,39
2026-09-15T03:06:12+00:00,374,636.00,563.00,663.00,498.00,495.00,521.00,495.00,2,Upper,134,5,563.00,2,33,39
2026-09-15T03:10:14+00:00,377,636.00,563.00,663.00,498.00,495.00,521.00,495.00,2,Upper,134,5,563.00,2,33,39
2026-09-15T03:14:15+00:00,379,636.00,563.00,663.00,498.00,495.00,521.00,495.00,2,Upper,134,5,563.00,2,33,39
2026-09-15T03:18:16+00:00,373,636.00,563.00,681.00,498.00,495.00,521.00,495.00,2,Upper,134,5,563.00,2,33,39
2026-09-15T03:22:18+00:00,373,636.00,563.00,663.00,498.00,495.00,521.00,495.00,2,Upper,134,5,563.00,2,33,39
2026-09-15T03:26:19+00:00,373,636.00,563.00,663.00,498.00,498.00,521.00,498.00,1,Upper,140,34,563.00,2,33,39
2026-09-15T03:30:22+00:00,373,636.00,563.00,663.00,498.00,498.00,521.00,498.00,1,Upper,140,34,563.00,2,33,39
2026-09-15T03:34:24+00:00,378,636.00,563.00,663.00,498.00,498.00,521.00,498.00,1,Upper,140,34,563.00,2,33,39
2026-09-15T03:38:25+00:00,374,636.00,631.00,663.00,498.00,498.00,521.00,498.00,1,Upper,140,34,631.00,2,35,45
2026-09-15T03:42:27+00:00,375,636.00,631.00,663.00,498.00,498.00,521.00,498.00,1,Upper,140,34,631.00,2,35,45
2026-09-15T03:46:28+00:00,378,636.00,631.00,663.00,498.00,498.00,521.00,498.00,1,Upper,140,34,631.00,2,35,45
2026-09-15T03:50:30+00:00,378,636.00,631.00,663.00,498.00,498.00,521.00,498.00,1,Upper,140,34,631.00,2,35,45
2026-09-15T03:54:31+00:00,378,636.00,631.00,663.00,498.00,498.00,521.00,498.00,1,Upper,140,34,631.00,2,35,45
2026-09-15T03:58:33+00:00,378,636.00,631.00,663.00,498.00,498.00,521.00,498.00,1,Upper,140,34,631.00,2,35,45
2026-09-15T04:02:36+00:00,375,626.00,620.00,663.00,498.00,498.00,521.00,498.00,1,Upper,140,34,620.00,2,28,56
2026-09-15T04:06:38+00:00,376,626.00,620.00,663.00,498.00,498.00,521.00,498.00,1,Upper,140,34,620.00,2,28,56
2026-09-15T04:10:39+00:00,374,626.00,620.00,663.00,498.00,498.00,521.00,498.00,1,Upper,140,34,620.00,2,28,56
2026-09-15T04:14:41+00:00,373,626.00,620.00,691.00,498.00,498.00,521.00,498.00,1,Upper,140,34,620.00,2,28,56
2026-09-15T04:18:43+00:00,374,626.00,620.00,663.00,498.00,498.00,521.00,498.00,1,Upper,140,34,620.00,2,28,56
2026-09-15T04:22:44+00:00,374,626.00,620.00,663.00,498.00,498.00,521.00,498.00,1,Upper,140,34,620.00,2,28,56
2026-09-15T04:26:46+00:00,372,626.00,592.00,663.00,498.00,498.00,521.00,498.00,1,Upper,140,34,592.00,2,32,29
2026-09-15T04:30:47+00:00,368,626.00,592.00,663.00,498.00,498.00,521.00,498.00,1,Upper,140,34,592.00,2,32,29
2026-09-15T04:34:50+00:00,371,626.00,592.00,663.00,498.00,498.00,521.00,498.00,1,Upper,140,34,592.00,2,32,22
2026-09-15T04:38:52+00:00,371,626.00,592.00,663.00,498.00,498.00,521.00,498.00,1,Upper,140,34,592.00,2,32,22
2026-09-15T04:42:53+00:00,366,626.00,592.00,663.00,498.00,498.00,521.00,498.00,1,Upper,140,34,592.00,2,32,22
2026-09-15T04:46:54+00:00,366,626.00,592.00,663.00,498.00,498.00,521.00,498.00,1,Upper,140,34,592.00,2,32,22
2026-09-15T04:50:56+00:00,369,626.00,592.00,663.00,498.00,498.00,521.00,498.00,1,Upper,140,34,592.00,2,32,22
2026-09-15T04:54:57+00:00,370,626.00,592.00,691.00,498.00,498.00,521.00,498.00,1,Upper,140,34,592.00,2,32,22
2026-09-15T04:58:59+00:00,371,626.00,592.00,691.00,498.00,498.00,521.00,498.00,1,Upper,140,34,592.00,2,32,22
2026-09-15T05:03:00+00:00,376,626.00,592.00,663.00,498.00,498.00,521.00,498.00,1,Upper,140,34,592.00,2,32,22
2026-09-15T05:07:03+00:00,372,626.00,592.00,663.00,498.00,498.00,521.00,498.00,1,Upper,140,34,592.00,2,32,22
2026-09-15T05:11:05+00:00,372,626.00,592.00,663.00,498.00,498.00,521.00,498.00,1,Upper,140,34,592.00,2,32,22
2026-09-15T05:15:07+00:00,372,626.00,592.00,663.00,498.00,498.00,521.00,498.00,1,Upper,140,34,592.00,2,32,22
2026-09-15T05:19:08+00:00,372,626.00,592.00,663.00,498.00,498.00,521.00,498.00,1,Upper,140,34,592.00,2,32,22
2026-09-15T05:23:10+00:00,372,626.00,592.00,663.00,498.00,498.00,521.00,498.00,1,Upper,140,34,592.00,2,32,22
2026-09-15T05:27:11+00:00,372,626.00,592.00,663.00,498.00,498.00,521.00,498.00,1,Upper,140,34,592.00,2,32,22
2026-09-15T05:31:13+00:00,372,626.00,592.00,663.00,498.00,498.00,521.00,498.00,1,Upper,140,34,592.00,2,32,22
2026-09-15T05:35:14+00:00,372,626.00,592.00,663.00,498.00,498.00,521.00,498.00,1,Upper,140,34,592.00,2,32,22
2026-09-15T05:39:18+00:00,372,626.00,592.00,663.00,498.00,498.00,521.00,498.00,1,Upper,140,34,592.00,2,32,22
2026-09-15T05:43:18+00:00,372,626.00,592.00,663.00,498.00,498.00,521.00,498.00,1,Upper,140,34,592.00,2,32,22
2026-09-15T05:47:20+00:00,372,626.00,592.00,663.00,498.00,498.00,521.00,498.00,1,Upper,140,34,592.00,2,32,22
2026-09-15T05:51:21+00:00,372,626.00,592.00,663.00,498.00,498.00,521.00,498.00,1,Upper,140,34,592.00,2,32,22
2026-09-15T05:55:23+00:00,372,626.00,592.00,663.00,498.00,498.00,521.00,498.00,1,Upper,140,34,592.00,2,32,22
2026-09-15T05:59:23+00:00,372,626.00,592.00,663.00,498.00,498.00,521.00,498.00,1,Upper,140,34,592.00,2,32,22
2026-09-15T06:03:25+00:00,372,626.00,592.00,663.00,498.00,498.00,521.00,498.00,1,Upper,140,34,592.00,2,32,22
2026-09-15T06:07:26+00:00,372,626.00,592.00,663.00,498.00,498.00,521.00,498.00,1,Upper,140,34,592.00,2,32,22
2026-09-15T06:11:30+00:00,372,626.00,592.00,663.00,498.00,498.00,521.00,498.00,1,Upper,140,34,592.00,2,32,22
2026-09-15T06:15:30+00:00,370,626.00,592.00,663.00,498.00,498.00,521.00,498.00,1,Upper,140,34,592.00,2,32,22
2026-09-15T06:19:32+00:00,370,626.00,592.00,663.00,498.00,498.00,521.00,498.00,1,Upper,140,34,592.00,2,32,22
2026-09-15T06:23:33+00:00,364,626.00,592.00,654.00,498.00,498.00,521.00,498.00,1,Upper,140,34,592.00,2,32,22
2026-09-15T06:27:35+00:00,363,626.00,592.00,654.00,498.00,498.00,521.00,498.00,1,Upper,140,34,592.00,2,32,22
2026-09-15T06:31:36+00:00,365,626.00,592.00,654.00,498.00,498.00,521.00,498.00,1,Upper,140,34,592.00,2,32,22
2026-09-15T06:35:38+00:00,365,626.00,592.00,654.00,498.00,498.00,521.00,498.00,1,Upper,140,34,592.00,2,32,22
2026-09-15T06:39:39+00:00,365,626.00,592.00,654.00,498.00,498.00,521.00,498.00,1,Upper,140,34,592.00,2,32,22
2026-09-15T06:43:42+00:00,365,626.00,592.00,654.00,498.00,498.00,521.00,498.00,1,Upper,140,34,592.00,2,32,22
2026-09-15T06:47:44+00:00,366,626.00,592.00,654.00,498.00,498.00,521.00,498.00,1,Upper,140,34,592.00,2,32,22
2026-09-15T06:51:45+00:00,366,626.00,592.00,654.00,498.00,498.00,521.00,498.00,1,Upper,140,34,592.00,2,32,22
2026-09-15T06:55:46+00:00,366,626.00,592.00,654.00,498.00,498.00,521.00,498.00,1,Upper,140,34,592.00,2,32,22
2026-09-15T06:59:48+00:00,366,626.00,592.00,654.00,498.00,498.00,521.00,498.00,1,Upper,140,34,592.00,2,32,22
2026-09-15T07:03:48+00:00,366,626.00,592.00,654.00,498.00,498.00,521.00,498.00,1,Upper,140,34,592.00,2,32,22
2026-09-15T07:07:50+00:00,366,626.00,592.00,654.00,498.00,498.00,521.00,498.00,1,Upper,140,34,592.00,2,32,22
2026-09-15T07:11:52+00:00,366,626.00,592.00,654.00,498.00,498.00,521.00,498.00,1,Upper,140,34,592.00,2,32,22
2026-09-15T07:15:54+00:00,366,626.00,592.00,654.00,498.00,498.00,521.00,498.00,1,Upper,140,34,592.00,2,32,22
2026-09-15T07:19:56+00:00,366,626.00,592.00,654.00,498.00,498.00,521.00,498.00,1,Upper,140,34,592.00,2,32,22
2026-09-15T07:23:56+00:00,366,626.00,592.00,662.00,498.00,498.00,521.00,498.00,1,Upper,140,34,592.00,2,32,22
2026-09-15T07:27:58+00:00,366,626.00,592.00,662.00,498.00,498.00,521.00,498.00,1,Upper,140,34,592.00,2,32,22
2026-09-15T07:31:58+00:00,366,626.00,592.00,662.00,498.00,498.00,521.00,498.00,1,Upper,140,34,592.00,2,32,22
2026-09-15T07:35:59+00:00,366,626.00,592.00,662.00,498.00,498.00,521.00,498.00,1,Upper,140,34,592.00,2,32,22
2026-09-15T07:40:01+00:00,366,626.00,592.00,662.00,498.00,498.00,521.00,498.00,1,Upper,140,34,592.00,2,32,22
2026-09-15T07:44:02+00:00,366,626.00,592.00,662.00,498.00,498.00,521.00,498.00,1,Upper,140,34,592.00,2,32,22
2026-09-15T07:48:05+00:00,366,626.00,592.00,662.00,498.00,498.00,521.00,498.00,1,Upper,140,34,592.00,2,32,22
2026-09-15T07:52:05+00:00,366,626.00,592.00,662.00,498.00,498.00,521.00,498.00,1,Upper,140,34,592.00,2,32,22
2026-09-15T07:56:07+00:00,365,626.00,592.00,654.00,498.00,498.00,521.00,498.00,1,Upper,140,34,592.00,2,32,22
2026-09-15T08:00:20+00:00,365,626.00,592.00,654.00,498.00,498.00,521.00,498.00,1,Upper,140,34,592.00,2,32,22
2026-09-15T08:04:21+00:00,367,626.00,592.00,662.00,498.00,498.00,521.00,498.00,1,Upper,140,34,592.00,2,32,22
2026-09-15T08:08:23+00:00,368,626.00,592.00,662.00,498.00,498.00,521.00,498.00,1,Upper,140,34,592.00,2,32,22
2026-09-15T08:12:24+00:00,368,626.00,592.00,662.00,498.00,498.00,521.00,498.00,1,Upper,140,34,592.00,2,32,22
2026-09-15T08:16:26+00:00,368,626.00,592.00,662.00,498.00,498.00,521.00,498.00,1,Upper,140,34,592.00,2,32,22
2026-09-15T08:20:27+00:00,368,626.00,592.00,662.00,498.00,498.00,521.00,498.00,1,Upper,140,34,592.00,2,32,22
2026-09-15T08:24:27+00:00,368,626.00,592.00,662.00,498.00,498.00,521.00,498.00,1,Upper,140,34,592.00,2,32,22
2026-09-15T08:28:28+00:00,366,626.00,592.00,662.00,498.00,498.00,521.00,498.00,1,Upper,140,34,592.00,2,32,22
2026-09-15T08:32:31+00:00,366,626.00,592.00,662.00,498.00,498.00,521.00,498.00,1,Upper,140,34,592.00,2,32,22
2026-09-15T08:36:32+00:00,366,626.00,592.00,662.00,498.00,498.00,521.00,498.00,1,Upper,140,34,592.00,2,32,22
2026-09-15T08:40:34+00:00,366,626.00,592.00,662.00,498.00,498.00,521.00,498.00,1,Upper,140,34,592.00,2,32,22
2026-09-15T08:44:35+00:00,364,626.00,592.00,654.00,498.00,498.00,521.00,498.00,1,Upper,140,34,592.00,2,32,22
2026-09-15T08:48:37+00:00,364,626.00,592.00,654.00,498.00,498.00,521.00,498.00,1,Upper,140,34,592.00,2,32,22
2026-09-15T08:52:38+00:00,364,626.00,592.00,654.00,498.00,498.00,521.00,498.00,1,Upper,140,34,592.00,2,32,22
2026-09-15T08:56:38+00:00,364,626.00,592.00,654.00,498.00,498.00,521.00,498.00,1,Upper,140,34,592.00,2,32,22
2026-09-15T09:00:40+00:00,364,626.00,592.00,654.00,498.00,498.00,521.00,498.00,1,Upper,140,34,592.00,2,32,22
2026-09-15T09:04:43+00:00,364,626.00,592.00,654.00,498.00,498.00,521.00,498.00,1,Upper,140,34,592.00,2,32,22
2026-09-15T09:08:45+00:00,364,626.00,592.00,654.00,498.00,498.00,521.00,498.00,1,Upper,140,34,592.00,2,32,22
2026-09-15T09:12:45+00:00,364,626.00,592.00,654.00,498.00,498.00,521.00,498.00,1,Upper,140,34,592.00,2,32,22
2026-09-15T09:16:46+00:00,364,626.00,592.00,654.00,498.00,498.00,521.00,498.00,1,Upper,140,34,592.00,2,32,22
2026-09-15T09:20:48+00:00,364,626.00,592.00,654.00,498.00,498.00,521.00,498.00,1,Upper,140,34,592.00,2,32,22
2026-09-15T09:24:49+00:00,366,626.00,592.00,662.00,498.00,498.00,521.00,498.00,1,Upper,140,34,592.00,2,32,22
2026-09-15T09:28:51+00:00,366,626.00,592.00,654.00,498.00,498.00,521.00,498.00,1,Upper,140,34,592.00,2,32,29
2026-09-15T09:32:52+00:00,366,626.00,592.00,654.00,498.00,498.00,521.00,498.00,1,Upper,140,34,592.00,2,32,29
2026-09-15T09:36:54+00:00,366,626.00,592.00,654.00,498.00,498.00,521.00,498.00,1,Upper,140,34,592.00,2,32,29
2026-09-15T09:40:55+00:00,366,626.00,592.00,654.00,498.00,498.00,521.00,498.00,1,Upper,140,34,592.00,2,32,29
2026-09-15T09:44:56+00:00,365,626.00,592.00,654.00,498.00,498.00,521.00,498.00,1,Upper,140,34,592.00,2,32,29
2026-09-15T09:48:57+00:00,365,626.00,592.00,654.00,498.00,498.00,521.00,498.00,1,Upper,140,34,592.00,2,32,29
2026-09-15T09:52:59+00:00,365,626.00,592.00,654.00,498.00,498.00,521.00,498.00,1,Upper,140,34,592.00,2,32,29
2026-09-15T09:57:00+00:00,365,626.00,592.00,654.00,498.00,498.00,521.00,498.00,1,Upper,140,34,592.00,2,32,29
2026-09-15T10:01:00+00:00,365,626.00,592.00,654.00,498.00,498.00,521.00,498.00,1,Upper,140,34,592.00,2,32,29
2026-09-15T10:05:01+00:00,365,626.00,592.00,654.00,498.00,498.00,521.00,498.00,1,Upper,140,34,592.00,2,32,29
2026-09-15T10:09:04+00:00,365,626.00,592.00,654.00,498.00,498.00,521.00,498.00,1,Upper,140,34,592.00,2,32,29
2026-09-15T10:13:06+00:00,365,626.00,592.00,654.00,498.00,498.00,521.00,498.00,1,Upper,140,34,592.00,2,32,29
2026-09-15T10:17:07+00:00,365,626.00,592.00,654.00,498.00,498.00,521.00,498.00,1,Upper,140,34,592.00,2,32,29
2026-09-15T10:21:08+00:00,365,626.00,592.00,654.00,498.00,498.00,521.00,498.00,1,Upper,140,34,592.00,2,32,29
2026-09-15T10:25:10+00:00,365,626.00,592.00,654.00,498.00,498.00,521.00,498.00,1,Upper,140,34,592.00,2,32,29
2026-09-15T10:29:11+00:00,365,626.00,592.00,654.00,498.00,498.00,521.00,498.00,1,Upper,140,34,592.00,2,32,29
2026-09-15T10:33:12+00:00,366,626.00,592.00,654.00,498.00,498.00,521.00,498.00,1,Upper,140,34,592.00,2,32,29
2026-09-15T10:37:13+00:00,366,626.00,592.00,654.00,498.00,498.00,521.00,498.00,1,Upper,140,34,592.00,2,32,29
2026-09-15T10:41:16+00:00,370,626.00,592.00,662.00,498.00,498.00,521.00,498.00,1,Upper,140,34,592.00,2,32,29
2026-09-15T10:45:18+00:00,370,626.00,592.00,662.00,498.00,498.00,521.00,498.00,1,Upper,140,34,592.00,2,32,29
2026-09-15T10:49:19+00:00,370,626.00,592.00,662.00,498.00,498.00,521.00,498.00,1,Upper,140,34,592.00,2,32,29
2026-09-15T10:53:20+00:00,370,626.00,592.00,662.00,498.00,498.00,521.00,498.00,1,Upper,140,34,592.00,2,32,29
2026-09-15T10:57:22+00:00,370,626.00,592.00,662.00,498.00,498.00,521.00,498.00,1,Upper,140,34,592.00,2,32,29
2026-09-15T11:01:23+00:00,370,626.00,592.00,662.00,498.00,498.00,521.00,498.00,1,Upper,140,34,592.00,2,32,29
2026-09-15T11:05:25+00:00,369,626.00,592.00,662.00,498.00,498.00,521.00,498.00,1,Upper,140,34,592.00,2,32,29
2026-09-15T11:09:26+00:00,367,626.00,592.00,662.00,498.00,498.00,521.00,498.00,1,Upper,140,34,592.00,2,32,29
2026-09-15T11:13:30+00:00,370,626.00,592.00,662.00,498.00,498.00,521.00,498.00,1,Upper,140,34,592.00,2,32,29
2026-09-15T11:17:31+00:00,369,626.00,592.00,662.00,498.00,498.00,521.00,498.00,1,Upper,140,34,592.00,2,32,29
2026-09-15T11:21:33+00:00,370,626.00,592.00,662.00,498.00,498.00,521.00,498.00,1,Upper,140,34,592.00,2,32,29
2026-09-15T11:25:34+00:00,370,626.00,592.00,662.00,498.00,498.00,521.00,498.00,1,Upper,140,34,592.00,2,32,29
2026-09-15T11:29:35+00:00,370,626.00,592.00,662.00,498.00,498.00,521.00,498.00,1,Upper,140,34,592.00,2,32,29
2026-09-15T11:33:37+00:00,370,626.00,592.00,662.00,498.00,498.00,521.00,498.00,1,Upper,140,34,592.00,2,32,29
2026-09-15T11:37:38+00:00,371,626.00,592.00,662.00,498.00,498.00,521.00,498.00,1,Upper,140,34,592.00,2,32,29
2026-09-15T11:41:40+00:00,371,626.00,592.00,662.00,498.00,498.00,521.00,498.00,1,Upper,140,34,592.00,2,32,29
2026-09-15T11:45:43+00:00,371,626.00,592.00,662.00,498.00,498.00,521.00,498.00,1,Upper,140,34,592.00,2,32,29
2026-09-15T11:49:44+00:00,371,626.00,592.00,662.00,498.00,498.00,521.00,498.00,1,Upper,140,34,592.00,2,32,29
2026-09-15T11:53:46+00:00,371,626.00,592.00,662.00,498.00,498.00,521.00,498.00,1,Upper,140,34,592.00,2,32,29
2026-09-15T11:57:46+00:00,371,626.00,592.00,662.00,498.00,498.00,521.00,498.00,1,Upper,140,34,592.00,2,32,29
2026-09-15T12:01:47+00:00,369,626.00,592.00,662.00,498.00,498.00,521.00,498.00,1,Upper,140,34,592.00,2,32,29
2026-09-15T12:05:49+00:00,370,626.00,592.00,661.00,498.00,498.00,521.00,498.00,1,Upper,140,34,592.00,2,32,29
2026-09-15T12:09:50+00:00,370,626.00,592.00,661.00,498.00,498.00,521.00,498.00,1,Upper,140,34,592.00,2,32,29
2026-09-15T12:13:52+00:00,370,626.00,592.00,661.00,498.00,498.00,521.00,498.00,1,Upper,140,34,592.00,2,32,29
2026-09-15T12:17:55+00:00,369,626.00,592.00,662.00,498.00,498.00,521.00,498.00,1,Upper,140,34,592.00,2,32,29
2026-09-15T12:21:57+00:00,369,626.00,592.00,662.00,498.00,498.00,521.00,498.00,1,Upper,140,34,592.00,2,32,29
2026-09-15T12:25:57+00:00,368,626.00,592.00,662.00,498.00,498.00,521.00,498.00,1,Upper,140,34,592.00,2,32,29
2026-09-15T12:29:58+00:00,370,626.00,592.00,662.00,498.00,498.00,521.00,498.00,1,Upper,140,34,592.00,2,32,29
2026-09-15T12:34:00+00:00,370,626.00,592.00,662.00,498.00,498.00,521.00,498.00,1,Upper,140,34,592.00,2,32,29
2026-09-15T12:38:01+00:00,370,626.00,592.00,662.00,498.00,498.00,521.00,498.00,1,Upper,140,34,592.00,2,32,29
2026-09-15T12:42:03+00:00,370,626.00,592.00,662.00,498.00,498.00,521.00,498.00,1,Upper,140,34,592.00,2,32,29
2026-09-15T12:46:04+00:00,370,626.00,592.00,662.00,498.00,498.00,521.00,498.00,1,Upper,140,34,592.00,2,32,29
2026-09-15T12:50:07+00:00,370,626.00,592.00,662.00,498.00,498.00,521.00,498.00,1,Upper,140,34,592.00,2,32,29
2026-09-15T12:54:08+00:00,368,626.00,592.00,661.00,498.00,498.00,521.00,498.00,1,Upper,140,34,592.00,2,32,29
2026-09-15T12:58:09+00:00,368,626.00,592.00,661.00,498.00,498.00,521.00,498.00,1,Upper,140,34,592.00,2,32,29
2026-09-15T13:02:22+00:00,368,626.00,592.00,661.00,498.00,498.00,521.00,498.00,1,Upper,140,34,592.00,2,32,29
2026-09-15T13:06:23+00:00,371,626.00,592.00,662.00,498.00,493.00,521.00,493.00,2,Upper,117,33,592.00,2,32,29
2026-09-15T13:10:24+00:00,371,626.00,592.00,662.00,498.00,493.00,521.00,493.00,2,Upper,117,33,592.00,2,32,29
2026-09-15T13:14:26+00:00,371,626.00,592.00,663.00,498.00,498.00,520.00,498.00,1,Upper,140,34,592.00,2,32,29
2026-09-15T13:18:28+00:00,372,626.00,592.00,663.00,498.00,498.00,520.00,498.00,1,Upper,140,34,592.00,2,32,29
2026-09-15T13:22:29+00:00,370,626.00,592.00,663.00,498.00,498.00,520.00,498.00,1,Upper,140,34,592.00,2,32,29
2026-09-15T13:26:33+00:00,370,626.00,592.00,663.00,498.00,498.00,520.00,498.00,1,Upper,140,34,592.00,2,32,29
2026-09-15T13:30:35+00:00,370,626.00,592.00,663.00,498.00,498.00,520.00,498.00,1,Upper,140,34,592.00,2,32,29
2026-09-15T13:34:38+00:00,371,626.00,592.00,663.00,498.00,498.00,520.00,498.00,1,Upper,140,34,592.00,2,32,29
2026-09-15T13:38:39+00:00,371,626.00,592.00,663.00,498.00,498.00,520.00,498.00,1,Upper,140,34,592.00,2,32,29
2026-09-15T13:42:41+00:00,371,626.00,592.00,663.00,498.00,498.00,520.00,498.00,1,Upper,140,34,592.00,2,32,29
2026-09-15T13:46:42+00:00,371,626.00,592.00,663.00,498.00,498.00,520.00,498.00,1,Upper,140,34,592.00,2,32,29
2026-09-15T13:50:44+00:00,371,626.00,592.00,663.00,498.00,498.00,520.00,498.00,1,Upper,140,34,592.00,2,32,29
2026-09-15T13:54:45+00:00,371,626.00,592.00,663.00,498.00,498.00,520.00,498.00,1,Upper,140,34,592.00,2,32,29
2026-09-15T13:58:47+00:00,371,626.00,592.00,663.00,498.00,498.00,520.00,498.00,1,Upper,140,34,592.00,2,32,29
2026-09-15T14:02:48+00:00,371,626.00,592.00,663.00,498.00,498.00,520.00,498.00,1,Upper,140,34,592.00,2,32,29
2026-09-15T14:06:51+00:00,372,626.00,592.00,663.00,498.00,498.00,520.00,498.00,1,Upper,140,34,592.00,2,32,29
2026-09-15T14:10:53+00:00,372,626.00,592.00,663.00,498.00,498.00,520.00,498.00,1,Upper,140,34,592.00,2,32,29
2026-09-15T14:14:54+00:00,372,626.00,592.00,663.00,498.00,498.00,520.00,498.00,1,Upper,140,34,592.00,2,32,29
2026-09-15T14:18:56+00:00,372,626.00,592.00,663.00,498.00,498.00,520.00,498.00,1,Upper,140,34,592.00,2,32,29
2026-09-15T14:22:57+00:00,372,626.00,592.00,663.00,498.00,498.00,520.00,498.00,1,Upper,140,34,592.00,2,32,29
2026-09-15T14:26:59+00:00,373,626.00,592.00,663.00,498.00,498.00,520.00,498.00,1,Upper,140,34,592.00,2,32,29
2026-09-15T14:31:00+00:00,369,626.00,594.00,663.00,498.00,498.00,520.00,498.00,1,Upper,140,34,594.00,2,33,43
2026-09-15T14:35:02+00:00,369,626.00,594.00,663.00,498.00,498.00,520.00,498.00,1,Upper,140,34,594.00,2,33,43
2026-09-15T14:39:05+00:00,369,626.00,594.00,663.00,498.00,498.00,520.00,498.00,1,Upper,140,34,594.00,2,33,43
2026-09-15T14:43:07+00:00,369,626.00,594.00,663.00,498.00,498.00,520.00,498.00,1,Upper,140,34,594.00,2,33,43
2026-09-15T14:47:08+00:00,371,626.00,620.00,663.00,498.00,498.00,520.00,498.00,1,Upper,140,34,620.00,2,28,56
2026-09-15T14:51:09+00:00,372,626.00,620.00,663.00,498.00,498.00,520.00,498.00,1,Upper,140,34,620.00,2,28,56
2026-09-15T14:55:11+00:00,372,626.00,620.00,663.00,498.00,498.00,520.00,498.00,1,Upper,140,34,620.00,2,28,56
2026-09-15T14:59:13+00:00,372,626.00,594.00,663.00,498.00,498.00,520.00,498.00,1,Upper,140,34,594.00,2,33,43
2026-09-15T15:03:14+00:00,373,626.00,594.00,663.00,498.00,498.00,520.00,498.00,1,Upper,140,34,594.00,2,33,43
2026-09-15T15:07:15+00:00,372,626.00,594.00,663.00,498.00,498.00,520.00,498.00,1,Upper,140,34,594.00,2,33,43
2026-09-15T15:11:18+00:00,372,626.00,594.00,663.00,498.00,498.00,520.00,498.00,1,Upper,140,34,594.00,2,33,43
2026-09-15T15:15:20+00:00,371,626.00,594.00,663.00,498.00,498.00,520.00,498.00,1,Upper,140,34,594.00,2,33,43
2026-09-15T15:19:21+00:00,369,626.00,594.00,663.00,498.00,498.00,520.00,498.00,1,Upper,140,34,594.00,2,33,43
2026-09-15T15:23:23+00:00,369,626.00,594.00,663.00,498.00,498.00,520.00,498.00,1,Upper,140,34,594.00,2,33,43
2026-09-15T15:27:24+00:00,369,626.00,594.00,663.00,498.00,498.00,520.00,498.00,1,Upper,140,34,594.00,2,33,43
2026-09-15T15:31:26+00:00,369,626.00,594.00,663.00,498.00,498.00,520.00,498.00,1,Upper,140,34,594.00,2,33,43
2026-09-15T15:35:27+00:00,369,626.00,594.00,663.00,498.00,498.00,520.00,498.00,1,Upper,140,34,594.00,2,33,43
2026-09-15T15:39:28+00:00,364,626.00,594.00,654.00,498.00,498.00,520.00,498.00,1,Upper,140,34,594.00,2,33,43
2026-09-15T15:43:31+00:00,363,626.00,594.00,654.00,498.00,498.00,520.00,498.00,1,Upper,140,34,594.00,2,33,43
2026-09-15T15:47:33+00:00,364,626.00,594.00,654.00,498.00,498.00,520.00,498.00,1,Upper,140,34,594.00,2,33,43
2026-09-15T15:51:34+00:00,364,624.00,594.00,654.00,498.00,498.00,520.00,498.00,1,Upper,140,34,594.00,2,33,43
2026-09-15T15:55:36+00:00,366,626.00,620.00,654.00,498.00,498.00,520.00,498.00,1,Upper,140,34,620.00,2,28,56
2026-09-15T15:59:37+00:00,369,626.00,594.00,663.00,498.00,498.00,520.00,498.00,1,Upper,140,34,594.00,2,33,43
2026-09-15T16:03:39+00:00,373,626.00,594.00,663.00,498.00,498.00,520.00,498.00,1,Upper,140,34,594.00,2,33,43
2026-09-15T16:07:41+00:00,366,626.00,594.00,663.00,498.00,498.00,520.00,498.00,1,Upper,140,34,594.00,2,33,43
2026-09-15T16:11:42+00:00,368,626.00,594.00,663.00,498.00,498.00,520.00,498.00,1,Upper,140,34,594.00,2,33,43
2026-09-15T16:15:45+00:00,368,626.00,594.00,663.00,498.00,498.00,520.00,498.00,1,Upper,140,34,594.00,2,33,43
2026-09-15T16:19:46+00:00,367,626.00,594.00,663.00,498.00,498.00,520.00,498.00,1,Upper,140,34,594.00,2,33,43
2026-09-15T16:23:48+00:00,368,626.00,594.00,663.00,498.00,498.00,520.00,498.00,1,Upper,140,34,594.00,2,33,43
2026-09-15T16:27:49+00:00,368,626.00,594.00,663.00,498.00,498.00,520.00,498.00,1,Upper,140,34,594.00,2,33,42
2026-09-15T16:31:51+00:00,368,626.00,594.00,663.00,498.00,498.00,520.00,498.00,1,Upper,140,34,594.00,2,33,42
2026-09-15T16:35:52+00:00,366,626.00,594.00,663.00,498.00,498.00,520.00,498.00,1,Upper,140,34,594.00,2,33,42
2026-09-15T16:39:54+00:00,367,626.00,594.00,663.00,498.00,498.00,520.00,498.00,1,Upper,140,34,594.00,2,33,42
2026-09-15T16:43:55+00:00,369,626.00,594.00,663.00,498.00,498.00,520.00,498.00,1,Upper,140,34,594.00,2,33,42
2026-09-15T16:47:58+00:00,369,626.00,594.00,663.00,498.00,498.00,520.00,498.00,1,Upper,140,34,594.00,2,33,42
2026-09-15T16:52:00+00:00,368,626.00,594.00,663.00,498.00,498.00,520.00,498.00,1,Upper,140,34,594.00,2,33,42
2026-09-15T16:56:01+00:00,365,626.00,594.00,663.00,498.00,498.00,520.00,498.00,1,Upper,140,34,594.00,2,33,42
2026-09-15T17:00:03+00:00,364,626.00,594.00,663.00,498.00,498.00,520.00,498.00,1,Upper,140,34,594.00,2,33,42
2026-09-15T17:04:05+00:00,362,626.00,594.00,663.00,498.00,498.00,520.00,498.00,1,Upper,140,34,594.00,2,33,42
2026-09-15T17:08:06+00:00,361,626.00,594.00,663.00,498.00,498.00,520.00,498.00,1,Upper,140,34,594.00,2,33,42
2026-09-15T17:12:07+00:00,361,626.00,594.00,663.00,498.00,498.00,520.00,498.00,1,Upper,140,34,594.00,2,33,42
2026-09-15T17:16:09+00:00,363,626.00,594.00,663.00,498.00,498.00,520.00,498.00,1,Upper,140,34,594.00,2,33,42
2026-09-15T17:20:13+00:00,363,626.00,594.00,663.00,498.00,498.00,520.00,498.00,1,Upper,140,34,594.00,2,33,42
2026-09-15T17:24:14+00:00,363,626.00,594.00,663.00,498.00,498.00,520.00,498.00,1,Upper,140,34,594.00,2,33,42
2026-09-15T17:28:16+00:00,362,626.00,594.00,663.00,498.00,498.00,520.00,498.00,1,Upper,140,34,594.00,2,33,42
2026-09-15T17:32:18+00:00,364,626.00,594.00,663.00,498.00,498.00,520.00,498.00,1,Upper,140,34,594.00,2,33,42
2026-09-15T17:36:19+00:00,364,626.00,594.00,663.00,498.00,498.00,520.00,498.00,1,Upper,140,34,594.00,2,33,42
2026-09-15T17:40:21+00:00,367,626.00,594.00,663.00,498.00,498.00,520.00,498.00,1,Upper,140,34,594.00,2,33,42
2026-09-15T17:44:22+00:00,371,626.00,594.00,663.00,498.00,498.00,520.00,498.00,1,Upper,140,34,594.00,2,33,42
2026-09-15T17:48:24+00:00,372,626.00,594.00,663.00,498.00,498.00,520.00,498.00,1,Upper,140,34,594.00,2,33,42
2026-09-15T17:52:28+00:00,369,607.00,602.00,663.00,498.00,493.00,520.00,493.00,2,Upper,142,33,602.00,2,28,56
2026-09-15T17:56:29+00:00,365,607.00,602.00,663.00,498.00,493.00,520.00,493.00,2,Upper,142,33,602.00,2,28,56
2026-09-15T18:00:31+00:00,365,607.00,602.00,663.00,498.00,493.00,520.00,493.00,2,Upper,142,33,602.00,2,28,56
2026-09-15T18:04:44+00:00,365,607.00,602.00,663.00,498.00,493.00,520.00,493.00,2,Upper,142,33,602.00,2,28,56
2026-09-15T18:08:45+00:00,365,607.00,600.00,663.00,498.00,493.00,520.00,493.00,2,Upper,142,33,600.00,2,30,44
2026-09-15T18:12:47+00:00,369,607.00,600.00,663.00,498.00,493.00,520.00,493.00,2,Upper,142,33,600.00,2,30,44
2026-09-15T18:16:48+00:00,369,607.00,600.00,663.00,498.00,493.00,520.00,493.00,2,Upper,142,33,600.00,2,30,44
2026-09-15T18:20:49+00:00,367,607.00,600.00,663.00,498.00,493.00,520.00,493.00,2,Upper,142,33,600.00,2,30,44
2026-09-15T18:24:51+00:00,368,607.00,600.00,663.00,498.00,493.00,520.00,493.00,2,Upper,142,33,600.00,2,30,44
2026-09-15T18:28:52+00:00,368,607.00,600.00,663.00,498.00,493.00,520.00,493.00,2,Upper,142,33,600.00,2,30,44
2026-09-15T18:32:54+00:00,374,607.00,594.00,624.00,498.00,493.00,520.00,493.00,2,Upper,142,33,594.00,2,33,42
2026-09-15T18:36:56+00:00,371,607.00,594.00,663.00,498.00,493.00,520.00,493.00,2,Upper,142,33,594.00,2,33,42
2026-09-15T18:40:58+00:00,372,607.00,594.00,663.00,498.00,493.00,520.00,493.00,2,Upper,142,33,594.00,2,33,42
2026-09-15T18:44:59+00:00,372,607.00,594.00,663.00,498.00,493.00,520.00,493.00,2,Upper,142,33,594.00,2,33,42
2026-09-15T18:49:01+00:00,372,607.00,594.00,663.00,498.00,493.00,520.00,493.00,2,Upper,142,33,594.00,2,33,42
2026-09-15T18:53:02+00:00,372,607.00,594.00,663.00,498.00,493.00,520.00,493.00,2,Upper,142,33,594.00,2,33,42
2026-09-15T18:57:03+00:00,372,607.00,594.00,663.00,498.00,493.00,520.00,493.00,2,Upper,142,33,594.00,2,33,42
2026-09-15T19:01:05+00:00,372,607.00,594.00,663.00,498.00,493.00,520.00,493.00,2,Upper,142,33,594.00,2,33,42
2026-09-15T19:05:06+00:00,372,607.00,594.00,663.00,498.00,493.00,520.00,493.00,2,Upper,142,33,594.00,2,33,42
2026-09-15T19:09:09+00:00,372,607.00,594.00,663.00,498.00,493.00,520.00,493.00,2,Upper,142,33,594.00,2,33,42
2026-09-15T19:13:10+00:00,372,607.00,594.00,663.00,498.00,493.00,520.00,493.00,2,Upper,142,33,594.00,2,33,42
2026-09-15T19:17:12+00:00,369,607.00,594.00,663.00,498.00,493.00,520.00,493.00,2,Upper,142,33,594.00,2,33,42
2026-09-15T19:21:13+00:00,365,607.00,594.00,663.00,498.00,493.00,520.00,493.00,2,Upper,142,33,594.00,2,33,42
2026-09-15T19:25:14+00:00,367,607.00,594.00,663.00,498.00,493.00,520.00,493.00,2,Upper,142,33,594.00,2,33,42
2026-09-15T19:29:16+00:00,368,607.00,594.00,663.00,498.00,493.00,520.00,493.00,2,Upper,142,33,594.00,2,33,42
2026-09-15T19:33:18+00:00,372,607.00,594.00,663.00,498.00,493.00,520.00,493.00,2,Upper,142,33,594.00,2,33,42
2026-09-15T19:37:19+00:00,371,607.00,598.00,663.00,498.00,493.00,520.00,493.00,2,Upper,142,33,598.00,2,30,44
2026-09-15T19:41:22+00:00,372,607.00,598.00,663.00,498.00,498.00,508.00,498.00,1,Upper,140,34,598.00,2,30,44
2026-09-15T19:45:23+00:00,370,607.00,597.00,663.00,498.00,498.00,508.00,498.00,1,Upper,140,34,597.00,2,30,44
2026-09-15T19:49:24+00:00,371,624.00,594.00,663.00,498.00,498.00,508.00,498.00,1,Upper,140,34,594.00,2,33,42
2026-09-15T19:53:26+00:00,374,624.00,594.00,663.00,498.00,498.00,508.00,498.00,1,Upper,140,34,594.00,2,33,42
2026-09-15T19:57:27+00:00,369,631.00,594.00,663.00,498.00,498.00,508.00,498.00,1,Upper,140,34,594.00,2,33,42
2026-09-15T20:01:28+00:00,367,631.00,594.00,663.00,498.00,498.00,508.00,498.00,1,Upper,140,34,594.00,2,33,42
2026-09-15T20:05:30+00:00,366,631.00,594.00,663.00,498.00,498.00,508.00,498.00,1,Upper,140,34,594.00,2,33,42
2026-09-15T20:09:31+00:00,365,631.00,594.00,663.00,498.00,498.00,508.00,498.00,1,Upper,140,34,594.00,2,33,42
2026-09-15T20:13:34+00:00,367,631.00,594.00,663.00,498.00,498.00,508.00,498.00,1,Upper,140,34,594.00,2,33,42
2026-09-15T20:17:35+00:00,369,631.00,594.00,663.00,498.00,498.00,508.00,498.00,1,Upper,140,34,594.00,2,33,42
2026-09-15T20:21:37+00:00,369,631.00,594.00,663.00,498.00,498.00,508.00,498.00,1,Upper,140,34,594.00,2,33,42
2026-09-15T20:25:38+00:00,369,631.00,594.00,663.00,498.00,498.00,508.00,498.00,1,Upper,140,34,594.00,2,33,42
2026-09-15T20:29:40+00:00,367,631.00,594.00,663.00,498.00,497.00,508.00,497.00,2,Upper,117,33,594.00,2,33,42
2026-09-15T20:33:41+00:00,367,631.00,594.00,663.00,498.00,497.00,508.00,497.00,2,Upper,117,33,594.00,2,33,42
2026-09-15T20:37:43+00:00,370,631.00,594.00,663.00,498.00,497.00,508.00,497.00,2,Upper,117,33,594.00,2,33,42
2026-09-15T20:41:44+00:00,369,631.00,594.00,663.00,498.00,497.00,508.00,497.00,2,Upper,117,33,594.00,2,33,42
2026-09-15T20:45:47+00:00,369,631.00,594.00,663.00,498.00,497.00,508.00,497.00,2,Upper,117,33,594.00,2,33,42
2026-09-15T20:49:48+00:00,369,631.00,594.00,663.00,498.00,497.00,508.00,497.00,2,Upper,117,33,594.00,2,33,42
2026-09-15T20:53:50+00:00,368,631.00,594.00,663.00,498.00,476.00,508.00,476.00,2,Upper,135,20,594.00,2,33,42
2026-09-15T20:57:51+00:00,367,631.00,594.00,663.00,498.00,476.00,508.00,476.00,2,Upper,135,20,594.00,2,33,42
2026-09-15T21:01:53+00:00,367,631.00,594.00,663.00,498.00,476.00,508.00,476.00,2,Upper,135,20,594.00,2,33,42
2026-09-15T21:05:54+00:00,368,631.00,594.00,663.00,498.00,476.00,508.00,476.00,2,Upper,135,20,594.00,2,33,42
2026-09-15T21:09:55+00:00,366,631.00,594.00,663.00,498.00,476.00,508.00,476.00,2,Upper,135,20,594.00,2,33,42
2026-09-15T21:13:57+00:00,369,631.00,594.00,663.00,498.00,476.00,508.00,476.00,2,Upper,135,20,594.00,2,33,42
2026-09-15T21:17:59+00:00,368,631.00,594.00,663.00,498.00,476.00,508.00,476.00,2,Upper,135,20,594.00,2,33,42
2026-09-15T21:22:01+00:00,368,631.00,594.00,663.00,498.00,476.00,508.00,476.00,2,Upper,135,20,594.00,2,33,42
2026-09-15T21:26:02+00:00,362,631.00,594.00,654.00,498.00,476.00,508.00,476.00,2,Upper,135,20,594.00,2,33,42
2026-09-15T21:30:04+00:00,362,631.00,594.00,654.00,498.00,476.00,508.00,476.00,2,Upper,135,20,594.00,2,33,42
2026-09-15T21:34:05+00:00,362,631.00,594.00,654.00,498.00,476.00,508.00,476.00,2,Upper,135,20,594.00,2,33,42
2026-09-15T21:38:07+00:00,362,631.00,594.00,654.00,498.00,476.00,508.00,476.00,2,Upper,135,20,594.00,2,33,42
2026-09-15T21:42:08+00:00,362,631.00,594.00,654.00,498.00,476.00,508.00,476.00,2,Upper,135,20,594.00,2,33,42
2026-09-15T21:46:09+00:00,368,631.00,594.00,663.00,498.00,476.00,508.00,476.00,2,Upper,135,20,594.00,2,33,42
2026-09-15T21:50:12+00:00,368,631.00,594.00,663.00,498.00,476.00,508.00,476.00,2,Upper,135,20,594.00,2,33,42
2026-09-15T21:54:13+00:00,368,631.00,594.00,663.00,498.00,476.00,508.00,476.00,2,Upper,135,20,594.00,2,33,42
2026-09-15T21:58:15+00:00,368,631.00,594.00,663.00,498.00,476.00,508.00,476.00,2,Upper,135,20,594.00,2,33,42
2026-09-15T22:02:16+00:00,368,631.00,594.00,663.00,498.00,476.00,508.00,476.00,2,Upper,135,20,594.00,2,33,42
2026-09-15T22:06:17+00:00,366,631.00,594.00,663.00,498.00,498.00,508.00,498.00,1,Upper,140,34,594.00,2,33,42
2026-09-15T22:10:19+00:00,366,631.00,594.00,624.00,498.00,476.00,508.00,476.00,2,Upper,135,20,594.00,2,33,42
2026-09-15T22:14:20+00:00,369,631.00,594.00,624.00,498.00,498.00,508.00,498.00,1,Upper,140,34,594.00,2,33,42
2026-09-15T22:18:22+00:00,370,631.00,594.00,663.00,498.00,498.00,508.00,498.00,1,Upper,140,34,594.00,2,33,42
2026-09-15T22:22:24+00:00,370,631.00,594.00,663.00,498.00,498.00,508.00,498.00,1,Upper,140,34,594.00,2,33,42
2026-09-15T22:26:26+00:00,369,631.00,594.00,663.00,498.00,498.00,508.00,498.00,1,Upper,136,34,594.00,2,33,42
2026-09-15T22:30:27+00:00,369,631.00,594.00,663.00,498.00,498.00,508.00,498.00,1,Upper,136,34,594.00,2,33,42
2026-09-15T22:34:29+00:00,369,631.00,594.00,663.00,498.00,498.00,508.00,498.00,1,Upper,136,34,594.00,2,33,42
2026-09-15T22:38:30+00:00,369,631.00,594.00,663.00,498.00,498.00,508.00,498.00,1,Upper,136,34,594.00,2,33,42
2026-09-15T22:42:31+00:00,364,631.00,594.00,654.00,498.00,498.00,508.00,498.00,1,Upper,136,34,594.00,2,33,42
2026-09-15T22:46:33+00:00,364,631.00,594.00,654.00,498.00,498.00,508.00,498.00,1,Upper,136,34,594.00,2,33,42
2026-09-15T22:50:34+00:00,320,631.00,594.00,624.00,498.00,498.00,508.00,498.00,1,Upper,136,34,594.00,2,33,42
2026-09-15T22:54:35+00:00,320,631.00,594.00,624.00,498.00,498.00,508.00,498.00,1,Upper,136,34,594.00,2,33,42
2026-09-15T22:58:37+00:00,320,631.00,594.00,624.00,498.00,498.00,508.00,498.00,1,Upper,136,34,594.00,2,33,42
2026-09-15T23:02:38+00:00,318,631.00,594.00,624.00,498.00,498.00,508.00,498.00,1,Upper,136,34,594.00,2,33,42
2026-09-15T23:06:49+00:00,318,631.00,594.00,624.00,498.00,498.00,508.00,498.00,1,Upper,136,34,594.00,2,33,42
2026-09-15T23:10:50+00:00,318,631.00,594.00,624.00,498.00,498.00,508.00,498.00,1,Upper,136,34,594.00,2,33,42
2026-09-15T23:14:51+00:00,318,631.00,594.00,624.00,498.00,498.00,508.00,498.00,1,Upper,136,34,594.00,2,33,42
2026-09-15T23:18:53+00:00,318,631.00,594.00,624.00,498.00,497.00,508.00,497.00,2,Upper,117,34,594.00,2,33,42
2026-09-15T23:22:54+00:00,318,631.00,594.00,624.00,498.00,497.00,508.00,497.00,2,Upper,117,34,594.00,2,33,42
2026-09-15T23:26:55+00:00,318,631.00,594.00,624.00,498.00,497.00,508.00,497.00,2,Upper,117,34,594.00,2,33,42
2026-09-15T23:30:56+00:00,318,631.00,594.00,624.00,498.00,497.00,508.00,497.00,2,Upper,117,34,594.00,2,33,42
2026-09-15T23:34:58+00:00,318,631.00,594.00,624.00,498.00,497.00,508.00,497.00,2,Upper,117,34,594.00,2,33,42
2026-09-15T23:39:00+00:00,318,631.00,594.00,624.00,498.00,498.00,508.00,498.00,1,Upper,136,34,594.00,2,33,42
2026-09-15T23:43:01+00:00,318,631.00,594.00,624.00,498.00,498.00,508.00,498.00,1,Upper,136,34,594.00,2,33,42
2026-09-15T23:47:03+00:00,318,631.00,594.00,624.00,498.00,498.00,508.00,498.00,1,Upper,136,34,594.00,2,33,42
2026-09-15T23:51:04+00:00,319,631.00,594.00,624.00,498.00,498.00,508.00,498.00,1,Upper,136,34,594.00,2,33,42
2026-09-15T23:55:05+00:00,319,631.00,594.00,624.00,498.00,498.00,508.00,498.00,1,Upper,136,34,594.00,2,33,42
2026-09-15T23:59:07+00:00,319,631.00,594.00,624.00,498.00,498.00,508.00,498.00,1,Upper,136,34,594.00,2,33,42
2026-09-16T00:03:08+00:00,335,631.00,594.00,663.00,498.00,498.00,508.00,498.00,1,Upper,136,34,594.00,2,33,42
2026-09-16T00:07:09+00:00,335,631.00,594.00,663.00,498.00,498.00,508.00,498.00,1,Upper,136,34,594.00,2,33,42
2026-09-16T00:11:12+00:00,333,631.00,594.00,663.00,498.00,498.00,508.00,498.00,1,Upper,136,34,594.00,2,33,42
2026-09-16T00:15:13+00:00,333,631.00,594.00,663.00,498.00,498.00,508.00,498.00,1,Upper,136,34,594.00,2,33,42
2026-09-16T00:19:15+00:00,333,631.00,594.00,663.00,498.00,498.00,508.00,498.00,1,Upper,136,34,594.00,2,33,42
2026-09-16T00:23:16+00:00,333,631.00,594.00,663.00,498.00,498.00,508.00,498.00,1,Upper,136,34,594.00,2,33,42
2026-09-16T00:27:17+00:00,333,631.00,594.00,663.00,498.00,498.00,508.00,498.00,1,Upper,136,34,594.00,2,33,42
2026-09-16T00:31:18+00:00,333,631.00,594.00,663.00,498.00,498.00,508.00,498.00,1,Upper,136,34,594.00,2,33,42
2026-09-16T00:35:20+00:00,333,631.00,594.00,663.00,498.00,498.00,508.00,498.00,1,Upper,136,34,594.00,2,33,42
2026-09-16T00:39:21+00:00,335,631.00,594.00,663.00,498.00,498.00,508.00,498.00,1,Upper,136,34,594.00,2,33,42
2026-09-16T00:43:23+00:00,336,631.00,594.00,663.00,498.00,498.00,508.00,498.00,1,Upper,136,34,594.00,2,33,42
2026-09-16T00:47:25+00:00,333,631.00,594.00,663.00,508.00,497.00,508.00,497.00,2,Upper,117,34,594.00,2,33,42
2026-09-16T00:51:26+00:00,336,631.00,594.00,663.00,508.00,497.00,508.00,497.00,2,Upper,117,34,594.00,2,33,42
2026-09-16T00:55:27+00:00,336,631.00,594.00,663.00,508.00,497.00,508.00,497.00,2,Upper,117,34,594.00,2,33,42
2026-09-16T00:59:28+00:00,334,631.00,594.00,663.00,508.00,505.00,508.00,505.00,2,Upper,117,34,594.00,2,33,42
2026-09-16T01:03:30+00:00,334,631.00,594.00,663.00,508.00,505.00,508.00,505.00,2,Upper,117,34,594.00,2,33,42
2026-09-16T01:07:31+00:00,333,631.00,594.00,663.00,508.00,501.00,508.00,501.00,2,Upper,117,34,594.00,2,33,42
2026-09-16T01:11:32+00:00,334,631.00,594.00,663.00,500.00,454.00,500.00,454.00,2,Upper,117,34,594.00,2,33,42
2026-09-16T01:15:35+00:00,334,631.00,594.00,663.00,500.00,454.00,500.00,454.00,2,Upper,117,34,594.00,2,33,42
2026-09-16T01:19:36+00:00,336,631.00,594.00,663.00,508.00,468.00,508.00,468.00,2,Upper,117,34,594.00,2,33,42
2026-09-16T01:23:38+00:00,334,631.00,594.00,663.00,508.00,468.00,508.00,468.00,2,Upper,117,34,594.00,2,33,42
2026-09-16T01:27:39+00:00,334,631.00,594.00,663.00,508.00,468.00,508.00,468.00,2,Upper,117,34,594.00,2,33,42
2026-09-16T01:31:40+00:00,334,631.00,594.00,663.00,508.00,468.00,508.00,468.00,2,Upper,117,34,594.00,2,33,42
2026-09-16T01:35:42+00:00,338,631.00,594.00,663.00,508.00,502.00,508.00,502.00,2,Upper,117,34,594.00,2,33,42
2026-09-16T01:39:43+00:00,338,631.00,594.00,663.00,508.00,502.00,508.00,502.00,2,Upper,117,34,594.00,2,33,42
2026-09-16T01:43:44+00:00,338,631.00,594.00,663.00,508.00,502.00,508.00,502.00,2,Upper,117,34,594.00,2,33,42
2026-09-16T01:47:47+00:00,338,631.00,594.00,663.00,508.00,502.00,508.00,502.00,2,Upper,117,34,594.00,2,33,42
2026-09-16T01:51:48+00:00,338,631.00,594.00,663.00,508.00,502.00,508.00,502.00,2,Upper,117,34,594.00,2,33,42
2026-09-16T01:55:49+00:00,338,631.00,594.00,663.00,508.00,502.00,508.00,502.00,2,Upper,117,34,594.00,2,33,42
2026-09-16T01:59:51+00:00,338,631.00,594.00,663.00,508.00,503.00,508.00,503.00,2,Upper,117,34,594.00,2,33,42
2026-09-16T02:03:52+00:00,338,631.00,594.00,663.00,508.00,503.00,508.00,503.00,2,Upper,117,34,594.00,2,33,42
2026-09-16T02:07:53+00:00,339,631.00,594.00,663.00,508.00,503.00,508.00,503.00,2,Upper,117,34,594.00,2,33,42
2026-09-16T02:11:55+00:00,338,631.00,594.00,663.00,508.00,503.00,508.00,503.00,2,Upper,117,34,594.00,2,33,42
2026-09-16T02:15:56+00:00,338,631.00,594.00,663.00,508.00,503.00,508.00,503.00,2,Upper,117,34,594.00,2,33,42
2026-09-16T02:19:59+00:00,338,631.00,594.00,663.00,508.00,502.00,508.00,502.00,2,Upper,117,34,594.00,2,33,42
2026-09-16T02:24:01+00:00,332,631.00,594.00,663.00,508.00,501.00,508.00,501.00,2,Upper,117,34,594.00,2,33,42
2026-09-16T02:28:02+00:00,332,631.00,594.00,663.00,508.00,501.00,508.00,501.00,2,Upper,117,34,594.00,2,33,42
2026-09-16T02:32:03+00:00,332,631.00,594.00,663.00,508.00,501.00,508.00,501.00,2,Upper,117,34,594.00,2,33,42
2026-09-16T02:36:05+00:00,332,631.00,594.00,663.00,508.00,501.00,508.00,501.00,2,Upper,117,34,594.00,2,33,42
2026-09-16T02:40:05+00:00,333,631.00,594.00,663.00,508.00,501.00,508.00,501.00,2,Upper,117,34,594.00,2,33,42
2026-09-16T02:44:06+00:00,331,631.00,594.00,663.00,508.00,501.00,508.00,501.00,2,Upper,117,34,594.00,2,33,42
2026-09-16T02:48:08+00:00,331,631.00,594.00,663.00,508.00,501.00,508.00,501.00,2,Upper,117,34,594.00,2,33,42
2026-09-16T02:52:10+00:00,334,631.00,594.00,663.00,508.00,501.00,508.00,501.00,2,Upper,117,34,594.00,2,33,42
2026-09-16T02:56:12+00:00,335,631.00,594.00,663.00,508.00,501.00,508.00,501.00,2,Upper,117,34,594.00,2,33,42
2026-09-16T03:00:13+00:00,335,631.00,594.00,663.00,508.00,501.00,508.00,501.00,2,Upper,117,34,594.00,2,33,42
2026-09-16T03:04:14+00:00,331,631.00,594.00,663.00,508.00,501.00,508.00,501.00,2,Upper,117,34,594.00,2,33,42
2026-09-16T03:08:16+00:00,331,631.00,594.00,663.00,508.00,501.00,508.00,501.00,2,Upper,117,34,594.00,2,33,42
2026-09-16T03:12:17+00:00,331,631.00,594.00,663.00,508.00,501.00,508.00,501.00,2,Upper,117,34,594.00,2,33,42
2026-09-16T03:16:18+00:00,330,631.00,594.00,663.00,508.00,501.00,508.00,501.00,2,Upper,117,34,594.00,2,33,42
2026-09-16T03:20:20+00:00,330,631.00,594.00,663.00,508.00,501.00,508.00,501.00,2,Upper,117,34,594.00,2,33,42
2026-09-16T03:24:22+00:00,330,631.00,594.00,663.00,508.00,501.00,508.00,501.00,2,Upper,117,34,594.00,2,33,42
2026-09-16T03:28:24+00:00,330,631.00,594.00,663.00,508.00,501.00,508.00,501.00,2,Upper,117,34,594.00,2,33,42
2026-09-16T03:32:25+00:00,330,631.00,594.00,663.00,508.00,501.00,508.00,501.00,2,Upper,117,34,594.00,2,33,42
2026-09-16T03:36:26+00:00,329,631.00,594.00,663.00,508.00,501.00,508.00,501.00,2,Upper,117,34,594.00,2,33,42
2026-09-16T03:40:27+00:00,331,631.00,594.00,663.00,508.00,501.00,508.00,501.00,2,Upper,117,34,594.00,2,33,42
2026-09-16T03:44:29+00:00,331,631.00,594.00,663.00,508.00,501.00,508.00,501.00,2,Upper,117,34,594.00,2,33,42
2026-09-16T03:48:30+00:00,333,631.00,594.00,663.00,508.00,501.00,508.00,501.00,2,Upper,117,34,594.00,2,33,42
2026-09-16T03:52:31+00:00,333,631.00,594.00,663.00,508.00,501.00,508.00,501.00,2,Upper,117,34,594.00,2,33,42
2026-09-16T03:56:34+00:00,329,631.00,594.00,663.00,508.00,501.00,508.00,501.00,2,Upper,117,34,594.00,2,33,42
2026-09-16T04:00:35+00:00,329,631.00,594.00,663.00,508.00,500.00,508.00,500.00,2,Upper,117,34,594.00,2,33,42
2026-09-16T04:04:36+00:00,329,631.00,594.00,663.00,508.00,500.00,508.00,500.00,2,Upper,117,34,594.00,2,33,42
2026-09-16T09:10:25+00:00,335,629.00,581.00,629.00,508.00,495.00,508.00,495.00,2,Upper,117,34,581.00,2,33,42
2026-09-16T09:14:25+00:00,335,629.00,581.00,629.00,508.00,495.00,508.00,495.00,2,Upper,117,34,581.00,2,33,42
2026-09-16T09:18:27+00:00,335,629.00,581.00,629.00,508.00,495.00,508.00,495.00,2,Upper,117,34,581.00,2,33,42
2026-09-16T09:22:27+00:00,335,629.00,581.00,629.00,508.00,495.00,508.00,495.00,2,Upper,117,34,581.00,2,33,42
2026-09-16T09:26:27+00:00,335,629.00,581.00,629.00,508.00,495.00,508.00,495.00,2,Upper,117,34,581.00,2,33,42
2026-09-16T09:30:29+00:00,335,629.00,581.00,629.00,508.00,495.00,508.00,495.00,2,Upper,117,34,581.00,2,33,42
2026-09-16T09:34:29+00:00,335,629.00,581.00,629.00,508.00,495.00,508.00,495.00,2,Upper,117,34,581.00,2,33,42
2026-09-16T09:38:31+00:00,335,629.00,581.00,629.00,508.00,494.00,508.00,494.00,2,Upper,117,34,581.00,2,33,42
2026-09-16T09:42:34+00:00,335,629.00,581.00,629.00,508.00,495.00,508.00,495.00,2,Upper,117,34,581.00,2,33,42
2026-09-16T09:46:35+00:00,335,629.00,581.00,629.00,508.00,495.00,508.00,495.00,2,Upper,117,34,581.00,2,33,42
2026-09-16T09:50:37+00:00,335,629.00,583.00,629.00,508.00,497.00,508.00,497.00,2,Upper,117,34,583.00,2,33,42
2026-09-16T09:54:38+00:00,337,629.00,583.00,629.00,508.00,497.00,508.00,497.00,2,Upper,117,34,583.00,2,33,42
2026-09-16T09:58:40+00:00,337,629.00,583.00,629.00,508.00,497.00,508.00,497.00,2,Upper,117,34,583.00,2,33,42
2026-09-16T10:02:41+00:00,337,629.00,583.00,629.00,508.00,497.00,508.00,497.00,2,Upper,117,34,583.00,2,33,42
2026-09-16T10:06:42+00:00,337,629.00,583.00,629.00,508.00,497.00,508.00,497.00,2,Upper,117,34,583.00,2,33,42
2026-09-16T10:10:42+00:00,337,629.00,583.00,629.00,508.00,497.00,508.00,497.00,2,Upper,117,34,583.00,2,33,42
2026-09-16T10:14:45+00:00,337,629.00,583.00,629.00,508.00,497.00,508.00,497.00,2,Upper,117,34,583.00,2,33,42
2026-09-16T10:18:46+00:00,337,629.00,583.00,629.00,508.00,497.00,508.00,497.00,2,Upper,117,34,583.00,2,33,42
2026-09-16T10:22:48+00:00,337,629.00,583.00,629.00,508.00,497.00,508.00,497.00,2,Upper,117,34,583.00,2,33,42
2026-09-16T10:26:48+00:00,337,629.00,583.00,629.00,508.00,497.00,508.00,497.00,2,Upper,117,34,583.00,2,33,42
2026-09-16T10:30:49+00:00,337,629.00,583.00,629.00,508.00,497.00,508.00,497.00,2,Upper,117,34,583.00,2,33,42
2026-09-16T10:34:51+00:00,337,629.00,583.00,629.00,508.00,497.00,508.00,497.00,2,Upper,117,34,583.00,2,33,42
2026-09-16T10:38:52+00:00,337,629.00,583.00,629.00,508.00,497.00,508.00,497.00,2,Upper,117,34,583.00,2,33,42
2026-09-16T10:42:54+00:00,337,629.00,583.00,629.00,508.00,497.00,508.00,497.00,2,Upper,117,34,583.00,2,33,42
2026-09-16T10:46:57+00:00,337,629.00,583.00,629.00,508.00,497.00,508.00,497.00,2,Upper,117,34,583.00,2,33,42
2026-09-16T10:50:58+00:00,337,629.00,583.00,629.00,508.00,497.00,508.00,497.00,2,Upper,117,34,583.00,2,33,42
2026-09-16T10:54:59+00:00,335,629.00,583.00,629.00,508.00,497.00,508.00,497.00,2,Upper,117,34,583.00,2,33,42
2026-09-16T10:59:01+00:00,335,629.00,583.00,629.00,508.00,497.00,508.00,497.00,2,Upper,117,34,583.00,2,33,42
2026-09-16T11:03:01+00:00,332,629.00,582.00,629.00,508.00,497.00,508.00,497.00,2,Upper,117,34,582.00,2,33,42
2026-09-16T11:07:02+00:00,334,629.00,584.00,600.00,508.00,477.00,508.00,477.00,2,Upper,117,34,584.00,2,33,42
2026-09-16T11:11:04+00:00,334,629.00,584.00,600.00,508.00,477.00,508.00,477.00,2,Upper,117,34,584.00,2,33,42
2026-09-16T11:15:06+00:00,334,629.00,584.00,600.00,508.00,477.00,508.00,477.00,2,Upper,117,34,584.00,2,33,42
2026-09-16T11:19:08+00:00,339,629.00,585.00,629.00,508.00,476.00,508.00,476.00,2,Upper,117,34,585.00,2,33,42
2026-09-16T11:23:09+00:00,338,629.00,585.00,629.00,508.00,476.00,508.00,476.00,2,Upper,117,34,585.00,2,33,42
2026-09-16T11:27:10+00:00,338,629.00,585.00,629.00,508.00,476.00,508.00,476.00,2,Upper,117,34,585.00,2,33,42
2026-09-16T11:31:12+00:00,335,629.00,579.00,595.00,508.00,476.00,508.00,476.00,2,Upper,117,34,579.00,2,33,42
2026-09-16T11:35:13+00:00,337,629.00,585.00,629.00,508.00,475.00,508.00,475.00,2,Upper,117,34,585.00,2,33,42
2026-09-16T11:39:14+00:00,336,629.00,585.00,629.00,508.00,475.00,508.00,475.00,2,Upper,117,34,585.00,2,33,42
2026-09-16T11:43:16+00:00,336,629.00,585.00,629.00,508.00,475.00,508.00,475.00,2,Upper,117,34,585.00,2,33,42
2026-09-16T11:47:17+00:00,336,629.00,585.00,629.00,508.00,475.00,508.00,475.00,2,Upper,117,34,585.00,2,33,42
2026-09-16T11:51:20+00:00,336,629.00,585.00,629.00,508.00,475.00,508.00,475.00,2,Upper,117,34,585.00,2,33,42
2026-09-16T11:55:22+00:00,336,629.00,585.00,629.00,508.00,475.00,508.00,475.00,2,Upper,117,34,585.00,2,33,42
2026-09-16T11:59:23+00:00,336,629.00,585.00,629.00,508.00,475.00,508.00,475.00,2,Upper,117,34,585.00,2,33,42
2026-09-16T12:03:25+00:00,336,629.00,585.00,629.00,508.00,475.00,508.00,475.00,2,Upper,117,34,585.00,2,33,42
2026-09-16T12:07:26+00:00,335,629.00,585.00,629.00,508.00,475.00,508.00,475.00,2,Upper,117,34,585.00,2,33,42
2026-09-16T12:11:28+00:00,335,629.00,585.00,629.00,508.00,475.00,508.00,475.00,2,Upper,117,34,585.00,2,33,42
2026-09-16T12:15:29+00:00,335,629.00,585.00,629.00,508.00,475.00,508.00,475.00,2,Upper,117,34,585.00,2,33,42
2026-09-16T12:19:31+00:00,336,629.00,585.00,629.00,508.00,475.00,508.00,475.00,2,Upper,117,34,585.00,2,33,42
2026-09-16T12:23:34+00:00,336,629.00,585.00,629.00,508.00,475.00,508.00,475.00,2,Upper,117,34,585.00,2,33,42
2026-09-16T12:27:34+00:00,337,629.00,585.00,629.00,508.00,475.00,508.00,475.00,2,Upper,117,34,585.00,2,33,42
2026-09-16T12:31:36+00:00,337,629.00,585.00,629.00,508.00,475.00,508.00,475.00,2,Upper,117,34,585.00,2,33,42
2026-09-16T12:35:37+00:00,337,629.00,585.00,629.00,508.00,475.00,508.00,475.00,2,Upper,117,34,585.00,2,33,42
2026-09-16T12:39:38+00:00,361,600.00,585.00,629.00,508.00,475.00,508.00,475.00,2,Upper,117,34,585.00,2,33,42
2026-09-16T12:43:40+00:00,361,600.00,585.00,629.00,508.00,475.00,508.00,475.00,2,Upper,117,34,585.00,2,33,42
2026-09-16T12:47:40+00:00,360,600.00,585.00,629.00,508.00,475.00,508.00,475.00,2,Upper,117,34,585.00,2,33,42
2026-09-16T12:51:42+00:00,360,600.00,585.00,629.00,508.00,475.00,508.00,475.00,2,Upper,117,34,585.00,2,33,42
2026-09-16T12:55:46+00:00,360,600.00,585.00,629.00,508.00,475.00,508.00,475.00,2,Upper,117,34,585.00,2,33,42
2026-09-16T12:59:47+00:00,360,600.00,585.00,629.00,508.00,508.00,508.00,508.00,1,Upper,116,34,585.00,2,33,42
2026-09-16T13:03:48+00:00,360,600.00,585.00,629.00,508.00,508.00,508.00,508.00,1,Upper,116,34,585.00,2,33,42
2026-09-16T13:07:50+00:00,360,600.00,585.00,629.00,508.00,508.00,508.00,508.00,1,Upper,116,34,585.00,2,33,42
2026-09-16T13:11:51+00:00,360,600.00,585.00,629.00,508.00,508.00,508.00,508.00,1,Upper,116,34,585.00,2,33,42
2026-09-16T13:15:52+00:00,360,600.00,585.00,629.00,508.00,508.00,508.00,508.00,1,Upper,116,34,585.00,2,33,42
2026-09-16T13:19:53+00:00,360,600.00,585.00,629.00,508.00,508.00,508.00,508.00,1,Upper,116,34,585.00,2,33,42
2026-09-16T13:23:54+00:00,361,600.00,585.00,629.00,508.00,508.00,508.00,508.00,1,Upper,116,34,585.00,2,33,42
2026-09-16T13:27:57+00:00,361,600.00,585.00,629.00,508.00,508.00,508.00,508.00,1,Upper,116,34,585.00,2,33,42
2026-09-16T13:31:59+00:00,361,600.00,585.00,629.00,508.00,508.00,508.00,508.00,1,Upper,116,34,585.00,2,33,42
2026-09-16T13:36:00+00:00,361,600.00,585.00,629.00,508.00,508.00,508.00,508.00,1,Upper,116,34,585.00,2,33,42
2026-09-16T13:40:02+00:00,361,600.00,585.00,629.00,508.00,508.00,508.00,508.00,1,Upper,116,34,585.00,2,33,42
2026-09-16T13:44:03+00:00,362,600.00,585.00,629.00,508.00,508.00,508.00,508.00,1,Upper,116,34,585.00,2,33,42
2026-09-16T13:48:05+00:00,364,600.00,585.00,629.00,508.00,508.00,508.00,508.00,1,Upper,116,34,585.00,2,33,42
2026-09-16T13:52:06+00:00,364,600.00,585.00,629.00,508.00,471.00,508.00,471.00,2,Upper,138,13,585.00,2,33,42
2026-09-16T13:56:07+00:00,363,600.00,585.00,629.00,508.00,508.00,508.00,508.00,1,Upper,116,34,585.00,2,33,42
2026-09-16T14:00:11+00:00,363,600.00,585.00,629.00,508.00,508.00,508.00,508.00,1,Upper,116,34,585.00,2,33,42
2026-09-16T14:04:12+00:00,364,600.00,585.00,629.00,508.00,508.00,508.00,508.00,1,Upper,116,34,585.00,2,33,42
2026-09-16T14:08:14+00:00,365,600.00,585.00,629.00,508.00,508.00,508.00,508.00,1,Upper,116,34,585.00,2,33,42
2026-09-16T14:12:26+00:00,362,601.00,585.00,629.00,508.00,508.00,508.00,508.00,1,Upper,116,34,585.00,2,33,42
2026-09-16T14:16:28+00:00,362,601.00,585.00,629.00,508.00,508.00,508.00,508.00,1,Upper,116,34,585.00,2,33,42
2026-09-16T14:20:29+00:00,361,601.00,585.00,629.00,508.00,508.00,508.00,508.00,1,Upper,116,34,585.00,2,33,42
2026-09-16T14:24:30+00:00,363,601.00,585.00,629.00,508.00,508.00,508.00,508.00,1,Upper,116,34,585.00,2,33,42
2026-09-16T14:28:31+00:00,363,601.00,585.00,629.00,508.00,508.00,508.00,508.00,1,Upper,116,34,585.00,2,33,42
2026-09-16T14:32:33+00:00,362,601.00,585.00,629.00,508.00,508.00,508.00,508.00,1,Upper,116,34,585.00,2,33,42
2026-09-16T14:36:34+00:00,363,629.00,579.00,594.00,508.00,508.00,508.00,508.00,1,Upper,116,34,579.00,2,33,42
2026-09-16T14:40:36+00:00,363,629.00,579.00,594.00,508.00,508.00,508.00,508.00,1,Upper,116,34,579.00,2,33,42
2026-09-16T14:44:38+00:00,363,629.00,579.00,594.00,508.00,508.00,508.00,508.00,1,Upper,116,34,579.00,2,33,42
2026-09-16T14:48:40+00:00,364,629.00,579.00,594.00,508.00,508.00,508.00,508.00,1,Upper,116,34,579.00,2,33,42
2026-09-16T14:52:41+00:00,363,629.00,579.00,594.00,508.00,508.00,508.00,508.00,1,Upper,116,34,579.00,2,33,42
2026-09-16T14:56:42+00:00,363,629.00,579.00,594.00,508.00,508.00,508.00,508.00,1,Upper,116,34,579.00,2,33,42
2026-09-16T15:00:44+00:00,362,629.00,581.00,595.00,508.00,508.00,508.00,508.00,1,Upper,116,34,581.00,2,33,42
2026-09-16T15:04:45+00:00,362,629.00,581.00,595.00,508.00,508.00,508.00,508.00,1,Upper,116,34,581.00,2,33,42
2026-09-16T15:08:47+00:00,361,629.00,581.00,595.00,508.00,508.00,508.00,508.00,1,Upper,116,34,581.00,2,33,42
2026-09-16T15:12:48+00:00,366,629.00,582.00,595.00,508.00,508.00,508.00,508.00,1,Upper,116,34,582.00,2,33,42
2026-09-16T15:16:50+00:00,364,629.00,581.00,595.00,508.00,508.00,508.00,508.00,1,Upper,116,34,581.00,2,33,42
2026-09-16T15:20:52+00:00,364,629.00,581.00,595.00,508.00,508.00,508.00,508.00,1,Upper,116,34,581.00,2,33,42
2026-09-16T15:24:53+00:00,364,629.00,581.00,595.00,508.00,508.00,508.00,508.00,1,Upper,116,34,581.00,2,33,42
2026-09-16T15:28:54+00:00,364,629.00,581.00,595.00,508.00,508.00,508.00,508.00,1,Upper,116,34,581.00,2,33,42
2026-09-16T15:32:56+00:00,364,629.00,581.00,595.00,508.00,508.00,508.00,508.00,1,Upper,116,34,581.00,2,33,42
2026-09-16T15:36:57+00:00,363,629.00,581.00,595.00,508.00,508.00,508.00,508.00,1,Upper,116,34,581.00,2,33,42
2026-09-16T15:40:58+00:00,365,629.00,582.00,598.00,508.00,508.00,508.00,508.00,1,Upper,116,34,582.00,2,33,42
2026-09-16T15:45:00+00:00,365,629.00,582.00,598.00,508.00,508.00,508.00,508.00,1,Upper,116,34,582.00,2,33,42
2026-09-16T15:49:03+00:00,365,629.00,582.00,598.00,508.00,508.00,508.00,508.00,1,Upper,116,34,582.00,2,33,42
2026-09-16T15:53:04+00:00,367,629.00,582.00,629.00,508.00,508.00,508.00,508.00,1,Upper,116,34,582.00,2,33,42
2026-09-16T15:57:06+00:00,363,629.00,582.00,598.00,508.00,508.00,508.00,508.00,1,Upper,116,34,582.00,2,33,42
2026-09-16T16:01:07+00:00,364,629.00,585.00,600.00,508.00,508.00,508.00,508.00,1,Upper,116,34,585.00,2,33,42
2026-09-16T16:05:08+00:00,363,629.00,585.00,629.00,508.00,508.00,508.00,508.00,1,Upper,116,34,585.00,2,33,42
2026-09-16T16:09:10+00:00,363,629.00,585.00,629.00,508.00,508.00,508.00,508.00,1,Upper,116,34,585.00,2,33,42
2026-09-16T16:13:10+00:00,364,594.00,578.00,594.00,508.00,508.00,508.00,508.00,1,Upper,116,34,578.00,2,33,42
2026-09-16T16:17:12+00:00,364,594.00,578.00,594.00,508.00,508.00,508.00,508.00,1,Upper,116,34,578.00,2,33,42
2026-09-16T16:21:14+00:00,364,594.00,578.00,594.00,508.00,508.00,508.00,508.00,1,Upper,116,34,578.00,2,33,42
2026-09-16T16:25:16+00:00,363,594.00,578.00,594.00,508.00,508.00,508.00,508.00,1,Upper,116,34,578.00,2,33,42
2026-09-16T16:29:17+00:00,363,594.00,578.00,594.00,508.00,508.00,508.00,508.00,1,Upper,116,34,578.00,2,33,42
2026-09-16T16:33:19+00:00,362,594.00,578.00,594.00,508.00,508.00,508.00,508.00,1,Upper,116,34,578.00,2,33,42
2026-09-16T16:37:20+00:00,361,594.00,578.00,594.00,508.00,508.00,508.00,508.00,1,Upper,116,34,578.00,2,33,42
2026-09-16T16:41:21+00:00,359,629.00,581.00,595.00,508.00,508.00,508.00,508.00,1,Upper,116,34,581.00,2,33,42
2026-09-16T16:45:23+00:00,363,629.00,581.00,595.00,508.00,508.00,508.00,508.00,1,Upper,116,34,581.00,2,33,42
2026-09-16T16:49:24+00:00,363,629.00,581.00,595.00,508.00,508.00,508.00,508.00,1,Upper,116,34,581.00,2,33,42
2026-09-16T16:53:27+00:00,362,594.00,579.00,594.00,508.00,508.00,508.00,508.00,1,Upper,116,34,579.00,2,33,42
2026-09-16T16:57:28+00:00,362,594.00,579.00,594.00,508.00,508.00,508.00,508.00,1,Upper,116,34,579.00,2,33,42
2026-09-16T17:01:30+00:00,366,629.00,582.00,629.00,508.00,508.00,508.00,508.00,1,Upper,116,34,582.00,2,33,42
2026-09-16T17:05:31+00:00,366,629.00,582.00,629.00,508.00,508.00,508.00,508.00,1,Upper,116,34,582.00,2,33,42
2026-09-16T17:09:33+00:00,366,629.00,582.00,629.00,508.00,508.00,508.00,508.00,1,Upper,116,34,582.00,2,33,42
2026-09-16T17:13:34+00:00,363,629.00,582.00,629.00,508.00,508.00,508.00,508.00,1,Upper,116,34,582.00,2,33,42
2026-09-16T17:17:36+00:00,357,597.00,582.00,597.00,508.00,508.00,508.00,508.00,1,Upper,116,34,582.00,2,33,42
2026-09-16T17:21:37+00:00,358,597.00,582.00,597.00,508.00,508.00,508.00,508.00,1,Upper,116,34,582.00,2,33,42
2026-09-16T17:25:40+00:00,358,597.00,582.00,597.00,508.00,508.00,508.00,508.00,1,Upper,116,34,582.00,2,33,42
2026-09-16T17:29:41+00:00,358,597.00,582.00,597.00,508.00,508.00,508.00,508.00,1,Upper,116,34,582.00,2,33,42
2026-09-16T17:33:43+00:00,358,597.00,582.00,597.00,508.00,508.00,508.00,508.00,1,Upper,116,34,582.00,2,33,42
2026-09-16T17:37:44+00:00,361,597.00,582.00,597.00,508.00,508.00,508.00,508.00,1,Upper,116,34,582.00,2,33,42
2026-09-16T17:41:46+00:00,361,597.00,582.00,597.00,508.00,508.00,508.00,508.00,1,Upper,116,34,582.00,2,33,42
2026-09-16T17:45:47+00:00,364,595.00,581.00,595.00,508.00,508.00,508.00,508.00,1,Upper,116,34,581.00,2,33,42
2026-09-16T17:49:48+00:00,364,595.00,581.00,595.00,508.00,508.00,508.00,508.00,1,Upper,116,34,581.00,2,33,42
2026-09-16T17:53:50+00:00,362,594.00,578.00,594.00,508.00,508.00,508.00,508.00,1,Upper,116,34,578.00,2,33,42
2026-09-16T17:57:53+00:00,363,594.00,578.00,594.00,508.00,508.00,508.00,508.00,1,Upper,116,34,578.00,2,33,42
2026-09-16T18:01:55+00:00,362,594.00,578.00,594.00,508.00,508.00,508.00,508.00,1,Upper,116,34,578.00,2,33,42
2026-09-16T18:05:56+00:00,362,594.00,578.00,594.00,508.00,508.00,508.00,508.00,1,Upper,116,34,578.00,2,33,42
2026-09-16T18:09:58+00:00,359,598.00,583.00,598.00,508.00,508.00,508.00,508.00,1,Upper,116,34,583.00,2,33,42
2026-09-16T18:13:59+00:00,359,598.00,583.00,598.00,508.00,499.00,508.00,499.00,2,Upper,143,22,583.00,2,33,42
2026-09-16T18:18:00+00:00,362,622.00,583.00,597.00,508.00,499.00,508.00,499.00,2,Upper,143,22,583.00,2,33,42
2026-09-16T18:22:02+00:00,362,622.00,583.00,597.00,508.00,499.00,508.00,499.00,2,Upper,143,22,583.00,2,33,42
2026-09-16T18:26:03+00:00,362,622.00,583.00,597.00,508.00,499.00,508.00,499.00,2,Upper,143,22,583.00,2,33,42
2026-09-16T18:30:06+00:00,358,622.00,582.00,597.00,508.00,499.00,508.00,499.00,2,Upper,143,22,582.00,2,33,42
2026-09-16T18:34:08+00:00,358,622.00,582.00,597.00,508.00,499.00,508.00,499.00,2,Upper,143,22,582.00,2,33,42
2026-09-16T18:38:09+00:00,358,622.00,579.00,595.00,497.00,497.00,497.00,497.00,1,Upper,116,34,579.00,2,33,42
2026-09-16T18:42:11+00:00,358,622.00,585.00,601.00,497.00,497.00,497.00,497.00,1,Upper,116,34,585.00,2,33,42
2026-09-16T18:46:12+00:00,362,622.00,585.00,601.00,497.00,491.00,497.00,491.00,2,Upper,142,32,585.00,2,33,42
2026-09-16T18:50:13+00:00,360,622.00,582.00,598.00,497.00,491.00,497.00,491.00,2,Upper,142,32,582.00,2,33,42
2026-09-16T18:54:15+00:00,361,622.00,584.00,599.00,514.00,491.00,514.00,491.00,2,Upper,142,32,584.00,2,33,42
2026-09-16T18:58:16+00:00,359,622.00,584.00,599.00,514.00,491.00,514.00,491.00,2,Upper,142,32,584.00,2,33,42
2026-09-16T19:02:19+00:00,358,622.00,584.00,600.00,514.00,499.00,514.00,499.00,2,Upper,143,22,584.00,2,33,42
2026-09-16T19:06:20+00:00,359,622.00,584.00,600.00,514.00,499.00,514.00,499.00,2,Upper,143,22,584.00,2,33,42
2026-09-16T19:10:22+00:00,359,622.00,584.00,600.00,514.00,499.00,514.00,499.00,2,Upper,143,22,584.00,2,33,42
2026-09-16T19:14:34+00:00,358,622.00,585.00,600.00,514.00,499.00,514.00,499.00,2,Upper,143,22,585.00,2,33,42
2026-09-16T19:18:35+00:00,357,622.00,585.00,600.00,514.00,499.00,514.00,499.00,2,Upper,143,22,585.00,2,33,42
2026-09-16T19:22:37+00:00,357,622.00,585.00,600.00,514.00,499.00,514.00,499.00,2,Upper,143,22,585.00,2,33,42
2026-09-16T19:26:38+00:00,357,622.00,584.00,600.00,514.00,499.00,514.00,499.00,2,Upper,143,22,584.00,2,33,42
2026-09-16T19:30:40+00:00,358,622.00,587.00,602.00,514.00,499.00,514.00,499.00,2,Upper,143,22,587.00,2,33,42
2026-09-16T19:34:41+00:00,358,622.00,587.00,602.00,514.00,499.00,514.00,499.00,2,Upper,143,22,587.00,2,33,42
2026-09-16T19:38:42+00:00,358,622.00,587.00,602.00,514.00,499.00,514.00,499.00,2,Upper,143,22,587.00,2,33,42
2026-09-16T19:42:44+00:00,355,622.00,585.00,600.00,514.00,499.00,514.00,499.00,2,Upper,143,22,585.00,2,33,42
2026-09-16T19:46:47+00:00,355,622.00,585.00,600.00,514.00,499.00,514.00,499.00,2,Upper,143,22,585.00,2,33,42
2026-09-16T19:50:48+00:00,360,622.00,587.00,602.00,514.00,499.00,514.00,499.00,2,Upper,143,22,587.00,2,33,42
2026-09-16T19:54:50+00:00,360,622.00,587.00,602.00,514.00,499.00,514.00,499.00,2,Upper,143,22,587.00,2,33,42
2026-09-16T19:58:51+00:00,360,622.00,587.00,602.00,514.00,499.00,514.00,499.00,2,Upper,143,22,587.00,2,33,42
2026-09-16T20:02:53+00:00,361,622.00,587.00,602.00,514.00,499.00,514.00,499.00,2,Upper,143,22,587.00,2,33,42
2026-09-16T20:06:54+00:00,356,622.00,584.00,600.00,514.00,499.00,514.00,499.00,2,Upper,143,22,584.00,2,33,42
2026-09-16T20:10:56+00:00,356,622.00,584.00,600.00,514.00,499.00,514.00,499.00,2,Upper,143,22,584.00,2,33,42
2026-09-16T20:14:57+00:00,356,622.00,584.00,600.00,514.00,463.00,514.00,463.00,2,Upper,142,25,584.00,2,33,42
2026-09-16T20:19:01+00:00,356,622.00,584.00,600.00,514.00,463.00,514.00,463.00,2,Upper,142,25,584.00,2,33,42
2026-09-16T20:23:03+00:00,356,622.00,584.00,600.00,514.00,499.00,514.00,499.00,2,Upper,143,22,584.00,2,33,42
2026-09-16T20:27:04+00:00,358,622.00,582.00,598.00,514.00,499.00,514.00,499.00,2,Upper,143,22,582.00,2,33,42
2026-09-16T20:31:05+00:00,358,622.00,582.00,598.00,514.00,499.00,514.00,499.00,2,Upper,143,22,582.00,2,33,42
2026-09-16T20:35:06+00:00,360,622.00,582.00,598.00,509.00,499.00,509.00,499.00,2,Upper,143,22,582.00,2,33,42
2026-09-16T20:39:08+00:00,359,622.00,582.00,598.00,509.00,499.00,509.00,499.00,2,Upper,143,22,582.00,2,33,42
2026-09-16T20:43:09+00:00,357,622.00,584.00,599.00,509.00,499.00,509.00,499.00,2,Upper,143,22,584.00,2,33,42
2026-09-16T20:47:11+00:00,357,622.00,584.00,599.00,509.00,499.00,509.00,499.00,2,Upper,143,22,584.00,2,33,42
2026-09-16T20:51:13+00:00,354,622.00,584.00,599.00,509.00,499.00,509.00,499.00,2,Upper,143,22,584.00,2,33,42
2026-09-16T20:55:15+00:00,354,622.00,584.00,599.00,509.00,499.00,509.00,499.00,2,Upper,143,22,584.00,2,33,42
2026-09-16T20:59:16+00:00,358,622.00,584.00,622.00,509.00,499.00,509.00,499.00,2,Upper,143,22,584.00,2,33,42
2026-09-16T21:03:18+00:00,357,622.00,583.00,598.00,509.00,499.00,509.00,499.00,2,Upper,143,22,583.00,2,33,42
2026-09-16T21:07:19+00:00,356,622.00,583.00,598.00,509.00,499.00,509.00,499.00,2,Upper,143,22,583.00,2,33,42
2026-09-16T21:11:21+00:00,356,622.00,583.00,598.00,509.00,499.00,509.00,499.00,2,Upper,143,22,583.00,2,33,42
2026-09-16T21:15:22+00:00,356,622.00,583.00,598.00,509.00,499.00,509.00,499.00,2,Upper,143,22,583.00,2,33,42
2026-09-16T21:19:24+00:00,357,598.00,583.00,598.00,509.00,499.00,509.00,499.00,2,Upper,143,22,583.00,2,33,42
2026-09-16T21:23:26+00:00,359,598.00,583.00,598.00,509.00,499.00,509.00,499.00,2,Upper,143,22,583.00,2,33,42
2026-09-16T21:27:28+00:00,360,598.00,583.00,598.00,509.00,499.00,509.00,499.00,2,Upper,143,22,583.00,2,33,42
2026-09-16T21:31:29+00:00,360,599.00,583.00,599.00,509.00,499.00,509.00,499.00,2,Upper,143,22,583.00,2,33,42
2026-09-16T21:35:31+00:00,360,599.00,583.00,599.00,509.00,499.00,509.00,499.00,2,Upper,143,22,583.00,2,33,42
2026-09-16T21:39:32+00:00,359,599.00,583.00,599.00,509.00,499.00,509.00,499.00,2,Upper,143,22,583.00,2,33,42
2026-09-16T21:43:34+00:00,353,622.00,584.00,600.00,509.00,499.00,509.00,499.00,2,Upper,143,22,584.00,2,33,42
2026-09-16T21:47:35+00:00,361,622.00,584.00,600.00,509.00,499.00,509.00,499.00,2,Upper,143,22,584.00,2,33,42
2026-09-16T21:51:36+00:00,359,622.00,584.00,622.00,509.00,499.00,509.00,499.00,2,Upper,143,22,584.00,2,33,42
2026-09-16T21:55:39+00:00,361,622.00,584.00,622.00,509.00,499.00,509.00,499.00,2,Upper,143,22,584.00,2,33,42
2026-09-16T21:59:40+00:00,360,622.00,584.00,622.00,509.00,499.00,509.00,499.00,2,Upper,143,22,584.00,2,33,42
2026-09-16T22:03:42+00:00,360,622.00,584.00,622.00,509.00,499.00,509.00,499.00,2,Upper,143,22,584.00,2,33,42
2026-09-16T22:07:43+00:00,363,622.00,584.00,622.00,509.00,499.00,509.00,499.00,2,Upper,143,22,584.00,2,33,42
2026-09-16T22:11:45+00:00,365,622.00,584.00,622.00,509.00,499.00,509.00,499.00,2,Upper,143,22,584.00,2,33,42
2026-09-16T22:15:46+00:00,356,622.00,587.00,622.00,509.00,499.00,509.00,499.00,2,Upper,143,22,587.00,2,33,42
2026-09-16T22:19:48+00:00,356,622.00,584.00,597.00,497.00,497.00,497.00,497.00,1,Upper,117,27,584.00,2,33,42
2026-09-16T22:23:49+00:00,360,597.00,584.00,597.00,497.00,497.00,497.00,497.00,1,Upper,117,27,584.00,2,33,42
2026-09-16T22:27:52+00:00,360,597.00,584.00,597.00,498.00,498.00,498.00,498.00,1,Upper,117,27,584.00,2,33,42
2026-09-16T22:31:54+00:00,359,597.00,584.00,597.00,498.00,498.00,498.00,498.00,1,Upper,117,27,584.00,2,33,42
2026-09-16T22:35:55+00:00,359,597.00,584.00,597.00,498.00,498.00,498.00,498.00,1,Upper,117,27,584.00,2,33,42
2026-09-16T22:39:56+00:00,362,622.00,584.00,597.00,453.00,453.00,453.00,453.00,1,Upper,117,32,584.00,2,33,42
2026-09-16T22:43:58+00:00,361,622.00,584.00,597.00,452.00,452.00,452.00,452.00,1,Upper,117,32,584.00,2,33,42
2026-09-16T22:48:00+00:00,363,622.00,584.00,597.00,452.00,452.00,452.00,452.00,1,Upper,117,32,584.00,2,33,42
2026-09-16T22:52:01+00:00,364,601.00,587.00,601.00,455.00,455.00,455.00,455.00,1,Upper,117,32,587.00,2,33,42
2026-09-16T22:56:02+00:00,363,622.00,582.00,597.00,460.00,499.00,460.00,460.00,1,Upper,117,32,582.00,2,33,42
2026-09-16T23:00:05+00:00,363,622.00,582.00,597.00,460.00,499.00,460.00,460.00,1,Upper,117,32,582.00,2,33,42
2026-09-16T23:04:07+00:00,358,622.00,578.00,593.00,451.00,495.00,451.00,451.00,1,Upper,117,32,578.00,2,33,42
2026-09-16T23:08:08+00:00,359,622.00,578.00,593.00,433.00,476.00,433.00,433.00,1,Upper,117,32,578.00,2,33,42
2026-09-16T23:12:10+00:00,364,622.00,578.00,593.00,433.00,476.00,433.00,433.00,1,Upper,117,32,578.00,2,33,42
2026-09-16T23:16:11+00:00,361,622.00,578.00,593.00,433.00,476.00,433.00,433.00,1,Upper,117,32,578.00,2,33,42
2026-09-16T23:20:12+00:00,355,627.00,569.00,622.00,388.00,426.00,388.00,388.00,1,Upper,117,32,569.00,2,33,42
2026-09-16T23:24:22+00:00,355,627.00,569.00,622.00,388.00,426.00,388.00,388.00,1,Upper,117,32,569.00,2,33,42
2026-09-16T23:28:23+00:00,355,627.00,569.00,622.00,388.00,426.00,388.00,388.00,1,Upper,117,32,569.00,2,33,42
2026-09-16T23:32:26+00:00,355,627.00,569.00,622.00,388.00,426.00,388.00,388.00,1,Upper,117,32,569.00,2,33,42
2026-09-16T23:36:27+00:00,358,591.00,569.00,591.00,388.00,388.00,388.00,388.00,1,Upper,117,32,569.00,2,33,42
2026-09-16T23:40:29+00:00,358,591.00,569.00,591.00,388.00,388.00,388.00,388.00,1,Upper,117,32,569.00,2,33,42
2026-09-16T23:44:31+00:00,358,590.00,569.00,590.00,388.00,388.00,388.00,388.00,1,Upper,117,32,569.00,2,33,42
2026-09-16T23:48:32+00:00,353,622.00,561.00,590.00,388.00,388.00,388.00,388.00,1,Upper,117,32,561.00,2,33,42
2026-09-16T23:52:34+00:00,358,622.00,561.00,590.00,405.00,405.00,405.00,405.00,1,Upper,117,32,561.00,2,33,42
2026-09-16T23:56:35+00:00,359,622.00,561.00,590.00,402.00,402.00,402.00,402.00,1,Upper,117,32,561.00,2,33,42
2026-09-17T00:00:37+00:00,359,622.00,561.00,590.00,403.00,403.00,403.00,403.00,1,Upper,117,32,561.00,2,33,42
2026-09-17T00:04:40+00:00,359,622.00,561.00,590.00,403.00,403.00,403.00,403.00,1,Upper,117,32,561.00,2,33,42
2026-09-17T00:08:41+00:00,363,622.00,578.00,593.00,470.00,470.00,470.00,470.00,1,Upper,117,32,578.00,2,33,42
2026-09-17T00:12:43+00:00,361,622.00,578.00,593.00,469.00,469.00,469.00,469.00,1,Upper,117,32,578.00,2,33,42
2026-09-17T00:16:54+00:00,361,622.00,577.00,593.00,447.00,409.00,447.00,409.00,2,Upper,117,27,577.00,2,33,42
2026-09-17T00:20:56+00:00,363,622.00,577.00,595.00,409.00,409.00,409.00,409.00,1,Upper,117,32,577.00,2,33,42
2026-09-17T00:24:57+00:00,363,622.00,577.00,595.00,409.00,409.00,409.00,409.00,1,Upper,117,32,577.00,2,33,42
2026-09-17T00:28:59+00:00,363,622.00,577.00,595.00,409.00,409.00,409.00,409.00,1,Upper,117,32,577.00,2,33,42
2026-09-17T00:33:00+00:00,359,622.00,577.00,595.00,409.00,409.00,409.00,409.00,1,Upper,117,32,577.00,2,33,42
2026-09-17T00:37:02+00:00,355,622.00,563.00,590.00,414.00,414.00,414.00,414.00,1,Upper,117,32,563.00,2,33,42
2026-09-17T00:41:03+00:00,357,622.00,574.00,591.00,409.00,409.00,409.00,409.00,1,Upper,117,32,574.00,2,33,42
2026-09-17T00:45:04+00:00,357,622.00,574.00,591.00,409.00,409.00,409.00,409.00,1,Upper,117,32,574.00,2,33,42
2026-09-17T00:49:07+00:00,364,622.00,574.00,591.00,409.00,409.00,409.00,409.00,1,Upper,117,32,574.00,2,33,42
2026-09-17T00:53:09+00:00,361,590.00,563.00,590.00,420.00,420.00,420.00,420.00,1,Upper,117,32,563.00,2,33,42
2026-09-17T00:57:10+00:00,361,590.00,563.00,590.00,420.00,420.00,420.00,420.00,1,Upper,117,32,563.00,2,33,42
2026-09-17T01:01:11+00:00,361,590.00,563.00,590.00,420.00,420.00,420.00,420.00,1,Upper,117,32,563.00,2,33,42
2026-09-17T01:05:13+00:00,363,622.00,575.00,591.00,415.00,415.00,415.00,415.00,1,Upper,117,32,575.00,2,33,42
2026-09-17T01:09:14+00:00,360,622.00,575.00,591.00,415.00,415.00,415.00,415.00,1,Upper,117,32,575.00,2,33,42
2026-09-17T01:13:16+00:00,362,622.00,576.00,592.00,410.00,410.00,410.00,410.00,1,Upper,117,32,576.00,2,33,42
2026-09-17T01:17:18+00:00,359,622.00,576.00,592.00,410.00,410.00,410.00,410.00,1,Upper,117,32,576.00,2,33,42
2026-09-17T01:21:21+00:00,359,622.00,576.00,592.00,410.00,410.00,410.00,410.00,1,Upper,117,32,576.00,2,33,42
2026-09-17T01:25:22+00:00,358,622.00,576.00,592.00,451.00,410.00,451.00,410.00,2,Upper,117,27,576.00,2,33,42
2026-09-17T01:29:24+00:00,359,622.00,576.00,592.00,451.00,410.00,451.00,410.00,2,Upper,117,27,576.00,2,33,42
2026-09-17T01:33:25+00:00,359,622.00,576.00,592.00,451.00,410.00,451.00,410.00,2,Upper,117,27,576.00,2,33,42
2026-09-17T01:37:27+00:00,358,622.00,576.00,592.00,451.00,410.00,451.00,410.00,2,Upper,117,27,576.00,2,33,42
2026-09-17T01:41:29+00:00,360,622.00,562.00,590.00,457.00,416.00,457.00,416.00,2,Upper,117,27,562.00,2,33,42
2026-09-17T01:45:30+00:00,360,622.00,562.00,590.00,457.00,416.00,457.00,416.00,2,Upper,117,27,562.00,2,33,42
2026-09-17T01:49:32+00:00,360,622.00,562.00,590.00,457.00,416.00,457.00,416.00,2,Upper,117,27,562.00,2,33,42
2026-09-17T01:53:34+00:00,359,590.00,562.00,590.00,457.00,416.00,457.00,416.00,2,Upper,117,27,562.00,2,33,42
2026-09-17T01:57:36+00:00,360,622.00,562.00,590.00,457.00,416.00,457.00,416.00,2,Upper,117,27,562.00,2,33,42
2026-09-17T02:01:37+00:00,360,622.00,563.00,590.00,456.00,415.00,456.00,415.00,2,Upper,117,27,563.00,2,33,42
2026-09-17T02:05:39+00:00,360,622.00,563.00,590.00,456.00,415.00,456.00,415.00,2,Upper,117,27,563.00,2,33,42
2026-09-17T02:09:40+00:00,360,622.00,563.00,590.00,456.00,415.00,456.00,415.00,2,Upper,117,27,563.00,2,33,42
2026-09-17T02:13:42+00:00,360,622.00,561.00,590.00,459.00,417.00,459.00,417.00,2,Upper,117,27,561.00,2,33,42
2026-09-17T02:17:43+00:00,360,622.00,561.00,590.00,459.00,417.00,459.00,417.00,2,Upper,117,27,561.00,2,33,42
2026-09-17T02:21:44+00:00,362,622.00,561.00,590.00,459.00,417.00,459.00,417.00,2,Upper,117,27,561.00,2,33,42
2026-09-17T02:25:47+00:00,363,622.00,561.00,590.00,464.00,422.00,464.00,422.00,2,Upper,117,27,561.00,2,33,42
2026-09-17T02:29:48+00:00,363,622.00,561.00,590.00,464.00,422.00,464.00,422.00,2,Upper,117,27,561.00,2,33,42
2026-09-17T02:33:50+00:00,363,622.00,561.00,590.00,459.00,417.00,459.00,417.00,2,Upper,117,27,561.00,2,33,42
2026-09-17T02:37:52+00:00,363,622.00,561.00,590.00,459.00,417.00,459.00,417.00,2,Upper,117,27,561.00,2,33,42
2026-09-17T02:41:53+00:00,365,622.00,561.00,590.00,459.00,417.00,459.00,417.00,2,Upper,117,27,561.00,2,33,42
2026-09-17T02:45:55+00:00,363,622.00,561.00,590.00,464.00,423.00,464.00,423.00,2,Upper,117,27,561.00,2,33,42
2026-09-17T02:49:56+00:00,364,622.00,561.00,590.00,463.00,421.00,463.00,421.00,2,Upper,117,27,561.00,2,33,42
2026-09-17T02:53:58+00:00,363,622.00,561.00,590.00,463.00,421.00,463.00,421.00,2,Upper,117,27,561.00,2,33,42
2026-09-17T02:58:00+00:00,357,622.00,561.00,590.00,464.00,422.00,464.00,422.00,2,Upper,117,27,561.00,2,33,42
2026-09-17T03:02:02+00:00,360,622.00,561.00,590.00,466.00,423.00,466.00,423.00,2,Upper,117,27,561.00,2,33,42
2026-09-17T03:06:04+00:00,360,622.00,561.00,590.00,466.00,423.00,466.00,423.00,2,Upper,117,27,561.00,2,33,42
2026-09-17T03:10:05+00:00,361,622.00,574.00,622.00,471.00,429.00,471.00,429.00,2,Upper,117,27,574.00,2,33,42
2026-09-17T03:14:07+00:00,361,592.00,563.00,622.00,471.00,429.00,471.00,429.00,2,Upper,117,27,563.00,2,30,44
2026-09-17T03:18:08+00:00,357,622.00,561.00,590.00,468.00,425.00,468.00,425.00,2,Upper,117,27,561.00,2,33,42
2026-09-17T03:22:10+00:00,362,622.00,574.00,622.00,472.00,430.00,472.00,430.00,2,Upper,117,27,574.00,2,33,42
2026-09-17T03:26:11+00:00,362,622.00,564.00,590.00,476.00,432.00,476.00,432.00,2,Upper,117,27,564.00,2,33,42
2026-09-17T03:30:14+00:00,361,622.00,564.00,590.00,476.00,432.00,476.00,432.00,2,Upper,117,27,564.00,2,33,42
2026-09-17T03:34:15+00:00,361,622.00,564.00,590.00,476.00,432.00,476.00,432.00,2,Upper,117,27,564.00,2,33,42
2026-09-17T03:38:17+00:00,361,622.00,564.00,590.00,476.00,432.00,476.00,432.00,2,Upper,117,27,564.00,2,33,42
2026-09-17T03:42:18+00:00,355,622.00,564.00,590.00,476.00,432.00,476.00,432.00,2,Upper,117,27,564.00,2,33,42
2026-09-17T03:46:20+00:00,355,622.00,564.00,590.00,476.00,432.00,476.00,432.00,2,Upper,117,27,564.00,2,33,42
2026-09-17T03:50:22+00:00,358,622.00,561.00,617.00,474.00,431.00,474.00,431.00,2,Upper,117,27,561.00,2,33,42
2026-09-17T03:54:23+00:00,358,622.00,561.00,617.00,474.00,431.00,474.00,431.00,2,Upper,117,27,561.00,2,33,42
2026-09-17T03:58:24+00:00,359,622.00,561.00,617.00,474.00,431.00,474.00,431.00,2,Upper,117,27,561.00,2,33,42
2026-09-17T04:02:27+00:00,359,622.00,561.00,617.00,474.00,431.00,474.00,431.00,2,Upper,117,27,561.00,2,33,42
2026-09-17T04:06:29+00:00,359,622.00,561.00,617.00,431.00,431.00,431.00,431.00,1,Upper,117,30,561.00,2,33,42
2026-09-17T04:10:30+00:00,358,622.00,561.00,617.00,431.00,431.00,431.00,431.00,1,Upper,117,30,561.00,2,33,42
2026-09-17T04:14:31+00:00,359,622.00,561.00,617.00,431.00,431.00,431.00,431.00,1,Upper,117,30,561.00,2,33,42
2026-09-17T04:18:33+00:00,360,622.00,561.00,617.00,431.00,431.00,431.00,431.00,1,Upper,117,30,561.00,2,33,42
2026-09-17T04:22:36+00:00,358,622.00,561.00,590.00,460.00,460.00,460.00,460.00,1,Upper,117,30,561.00,2,33,42
2026-09-17T04:26:37+00:00,358,622.00,561.00,590.00,460.00,460.00,460.00,460.00,1,Upper,117,30,561.00,2,33,42
2026-09-17T04:30:39+00:00,359,622.00,561.00,590.00,460.00,460.00,460.00,460.00,1,Upper,117,30,561.00,2,33,42
2026-09-17T04:34:41+00:00,359,622.00,561.00,590.00,459.00,459.00,459.00,459.00,1,Upper,117,30,561.00,2,33,42
2026-09-17T04:38:43+00:00,359,622.00,561.00,590.00,459.00,459.00,459.00,459.00,1,Upper,117,30,561.00,2,33,42
2026-09-17T04:42:45+00:00,359,622.00,561.00,590.00,459.00,459.00,459.00,459.00,1,Upper,117,30,561.00,2,33,42
2026-09-17T04:46:46+00:00,359,622.00,561.00,590.00,459.00,459.00,459.00,459.00,1,Upper,117,30,561.00,2,33,42
2026-09-17T04:50:49+00:00,359,622.00,561.00,590.00,459.00,459.00,459.00,459.00,1,Upper,117,30,561.00,2,33,42
2026-09-17T04:54:50+00:00,361,622.00,561.00,590.00,459.00,459.00,459.00,459.00,1,Upper,117,30,561.00,2,33,42
2026-09-17T04:58:52+00:00,361,622.00,561.00,590.00,459.00,459.00,459.00,459.00,1,Upper,117,30,561.00,2,33,42
2026-09-17T05:02:53+00:00,360,622.00,561.00,590.00,459.00,459.00,459.00,459.00,1,Upper,117,30,561.00,2,33,42
2026-09-17T05:06:56+00:00,360,622.00,561.00,590.00,459.00,459.00,459.00,459.00,1,Upper,117,30,561.00,2,33,42
2026-09-17T05:10:58+00:00,360,622.00,561.00,590.00,459.00,459.00,459.00,459.00,1,Upper,117,30,561.00,2,33,42
2026-09-17T05:14:59+00:00,360,622.00,561.00,590.00,459.00,459.00,459.00,459.00,1,Upper,117,30,561.00,2,33,42
2026-09-17T05:19:10+00:00,357,622.00,556.00,584.00,463.00,463.00,463.00,463.00,1,Upper,117,30,556.00,2,33,42
2026-09-17T05:23:12+00:00,358,622.00,556.00,584.00,463.00,463.00,463.00,463.00,1,Upper,117,30,556.00,2,33,42
2026-09-17T05:27:13+00:00,358,622.00,556.00,584.00,463.00,463.00,463.00,463.00,1,Upper,117,30,556.00,2,33,42
2026-09-17T05:31:15+00:00,360,622.00,556.00,584.00,463.00,463.00,463.00,463.00,1,Upper,117,30,556.00,2,33,42
2026-09-17T05:35:16+00:00,358,622.00,556.00,584.00,463.00,463.00,463.00,463.00,1,Upper,117,30,556.00,2,33,42
2026-09-17T05:39:18+00:00,358,622.00,556.00,584.00,463.00,463.00,463.00,463.00,1,Upper,117,30,556.00,2,33,42
2026-09-17T05:43:19+00:00,358,622.00,556.00,584.00,463.00,463.00,463.00,463.00,1,Upper,117,30,556.00,2,33,42
2026-09-17T05:47:21+00:00,358,622.00,556.00,584.00,463.00,463.00,463.00,463.00,1,Upper,117,30,556.00,2,33,42
2026-09-17T05:51:24+00:00,358,622.00,556.00,584.00,463.00,463.00,463.00,463.00,1,Upper,117,30,556.00,2,33,42
2026-09-17T05:55:25+00:00,359,622.00,556.00,584.00,463.00,463.00,463.00,463.00,1,Upper,117,30,556.00,2,33,42
2026-09-17T05:59:27+00:00,359,622.00,556.00,584.00,463.00,463.00,463.00,463.00,1,Upper,117,30,556.00,2,33,42
2026-09-17T06:03:27+00:00,359,622.00,556.00,584.00,463.00,463.00,463.00,463.00,1,Upper,117,30,556.00,2,33,42
2026-09-17T06:07:29+00:00,359,622.00,556.00,584.00,463.00,463.00,463.00,463.00,1,Upper,117,30,556.00,2,33,42
2026-09-17T06:11:30+00:00,360,622.00,556.00,584.00,463.00,463.00,463.00,463.00,1,Upper,117,30,556.00,2,33,42
2026-09-17T06:15:32+00:00,360,622.00,556.00,584.00,463.00,463.00,463.00,463.00,1,Upper,117,30,556.00,2,33,42
2026-09-17T06:19:33+00:00,352,608.00,544.00,571.00,432.00,432.00,432.00,432.00,1,Upper,117,30,544.00,2,33,42
2026-09-17T06:23:36+00:00,352,608.00,544.00,571.00,432.00,432.00,432.00,432.00,1,Upper,117,30,544.00,2,33,42
2026-09-17T06:27:38+00:00,352,608.00,544.00,571.00,432.00,432.00,432.00,432.00,1,Upper,117,30,544.00,2,33,42
2026-09-17T06:31:39+00:00,354,608.00,544.00,598.00,432.00,432.00,432.00,432.00,1,Upper,117,30,544.00,2,33,42
2026-09-17T06:35:41+00:00,355,608.00,544.00,598.00,432.00,432.00,432.00,432.00,1,Upper,117,30,544.00,2,33,42
2026-09-17T06:39:43+00:00,355,608.00,544.00,598.00,432.00,432.00,432.00,432.00,1,Upper,117,30,544.00,2,33,42
2026-09-17T06:43:44+00:00,355,608.00,544.00,598.00,432.00,432.00,432.00,432.00,1,Upper,117,30,544.00,2,33,42
2026-09-17T06:47:46+00:00,355,608.00,544.00,598.00,432.00,432.00,432.00,432.00,1,Upper,117,30,544.00,2,33,42
2026-09-17T06:51:47+00:00,355,608.00,544.00,598.00,432.00,432.00,432.00,432.00,1,Upper,117,30,544.00,2,33,42
2026-09-17T06:55:50+00:00,355,608.00,544.00,598.00,432.00,432.00,432.00,432.00,1,Upper,117,30,544.00,2,33,42
2026-09-17T06:59:50+00:00,355,608.00,544.00,598.00,432.00,432.00,432.00,432.00,1,Upper,117,30,544.00,2,33,42
2026-09-17T07:03:50+00:00,355,608.00,544.00,598.00,432.00,432.00,432.00,432.00,1,Upper,117,30,544.00,2,33,42
2026-09-17T07:07:52+00:00,353,608.00,544.00,571.00,432.00,432.00,432.00,432.00,1,Upper,117,30,544.00,2,33,42
2026-09-17T07:11:54+00:00,359,608.00,544.00,571.00,383.00,383.00,383.00,383.00,1,Upper,117,30,544.00,2,33,42
2026-09-17T07:16:03+00:00,361,608.00,544.00,571.00,383.00,378.00,383.00,378.00,2,Upper,144,24,544.00,2,33,42
2026-09-17T07:20:13+00:00,361,608.00,544.00,571.00,383.00,378.00,383.00,378.00,2,Upper,144,24,544.00,2,33,42
2026-09-17T07:24:14+00:00,361,608.00,544.00,571.00,383.00,378.00,383.00,378.00,2,Upper,144,24,544.00,2,33,42
2026-09-17T07:28:17+00:00,361,608.00,544.00,571.00,383.00,378.00,383.00,378.00,2,Upper,144,24,544.00,2,33,42
2026-09-17T07:32:18+00:00,358,608.00,544.00,571.00,383.00,378.00,383.00,378.00,2,Upper,144,24,544.00,2,33,42
2026-09-17T07:36:18+00:00,358,608.00,544.00,571.00,383.00,378.00,383.00,378.00,2,Upper,144,24,544.00,2,33,42
2026-09-17T07:40:20+00:00,358,608.00,544.00,571.00,383.00,378.00,383.00,378.00,2,Upper,144,24,544.00,2,33,42
2026-09-17T07:44:21+00:00,358,608.00,544.00,571.00,383.00,378.00,383.00,378.00,2,Upper,144,24,544.00,2,33,42
2026-09-17T07:48:23+00:00,359,608.00,560.00,577.00,406.00,378.00,406.00,378.00,2,Upper,144,24,560.00,2,33,42
2026-09-17T07:52:25+00:00,360,608.00,560.00,577.00,406.00,378.00,406.00,378.00,2,Upper,144,24,560.00,2,33,42
2026-09-17T07:56:26+00:00,360,608.00,560.00,577.00,406.00,378.00,406.00,378.00,2,Upper,144,24,560.00,2,33,42
2026-09-17T08:00:29+00:00,360,608.00,560.00,577.00,406.00,378.00,406.00,378.00,2,Upper,144,24,560.00,2,33,42
2026-09-17T08:04:29+00:00,360,608.00,560.00,577.00,406.00,378.00,406.00,378.00,2,Upper,144,24,560.00,2,33,42
2026-09-17T08:08:29+00:00,360,608.00,560.00,577.00,406.00,378.00,406.00,378.00,2,Upper,144,24,560.00,2,33,42
2026-09-17T08:12:30+00:00,360,608.00,560.00,577.00,406.00,378.00,406.00,378.00,2,Upper,144,24,560.00,2,33,42
2026-09-17T08:16:32+00:00,360,608.00,560.00,577.00,406.00,378.00,406.00,378.00,2,Upper,144,24,560.00,2,33,42
2026-09-17T08:20:34+00:00,360,608.00,560.00,577.00,406.00,378.00,406.00,378.00,2,Upper,144,24,560.00,2,33,42
2026-09-17T08:24:35+00:00,360,608.00,563.00,581.00,387.00,378.00,387.00,378.00,2,Upper,144,24,563.00,2,33,42
2026-09-17T08:28:36+00:00,358,608.00,563.00,581.00,387.00,378.00,387.00,378.00,2,Upper,144,24,563.00,2,33,42
2026-09-17T08:32:40+00:00,359,608.00,563.00,581.00,387.00,378.00,387.00,378.00,2,Upper,144,24,563.00,2,33,42
2026-09-17T08:36:41+00:00,359,608.00,563.00,581.00,387.00,378.00,387.00,378.00,2,Upper,144,24,563.00,2,33,42
2026-09-17T08:40:43+00:00,359,608.00,563.00,581.00,387.00,378.00,387.00,378.00,2,Upper,144,24,563.00,2,33,42
2026-09-17T08:44:43+00:00,359,608.00,563.00,581.00,387.00,378.00,387.00,378.00,2,Upper,144,24,563.00,2,33,42
2026-09-17T08:48:44+00:00,359,608.00,563.00,581.00,387.00,378.00,387.00,378.00,2,Upper,144,24,563.00,2,33,42
2026-09-17T08:52:46+00:00,359,608.00,563.00,581.00,387.00,378.00,387.00,378.00,2,Upper,144,24,563.00,2,33,42
2026-09-17T08:56:46+00:00,359,608.00,563.00,581.00,387.00,378.00,387.00,378.00,2,Upper,144,24,563.00,2,33,42
2026-09-17T09:00:48+00:00,359,608.00,563.00,581.00,387.00,378.00,387.00,378.00,2,Upper,144,24,563.00,2,33,42
2026-09-17T09:04:50+00:00,359,608.00,563.00,581.00,387.00,378.00,387.00,378.00,2,Upper,144,24,563.00,2,33,42
2026-09-17T09:08:52+00:00,359,608.00,563.00,581.00,387.00,378.00,387.00,378.00,2,Upper,144,24,563.00,2,33,42
2026-09-17T09:12:53+00:00,359,608.00,563.00,581.00,387.00,378.00,387.00,378.00,2,Upper,144,24,563.00,2,33,42
2026-09-17T09:16:55+00:00,359,608.00,563.00,581.00,387.00,378.00,387.00,378.00,2,Upper,144,24,563.00,2,33,42
2026-09-17T09:21:05+00:00,359,608.00,563.00,581.00,387.00,378.00,387.00,378.00,2,Upper,144,24,563.00,2,33,42
2026-09-17T09:25:07+00:00,359,608.00,563.00,581.00,387.00,378.00,387.00,378.00,2,Upper,144,24,563.00,2,33,42
2026-09-17T09:29:07+00:00,358,608.00,563.00,581.00,387.00,387.00,387.00,387.00,1,Upper,117,30,563.00,2,33,42
2026-09-17T09:33:16+00:00,358,608.00,563.00,581.00,387.00,387.00,387.00,387.00,1,Upper,117,30,563.00,2,33,42
2026-09-17T09:37:19+00:00,358,608.00,563.00,581.00,387.00,387.00,387.00,387.00,1,Upper,117,30,563.00,2,33,42
2026-09-17T09:41:19+00:00,358,608.00,563.00,581.00,387.00,387.00,387.00,387.00,1,Upper,117,30,563.00,2,33,42
2026-09-17T09:45:21+00:00,358,608.00,563.00,581.00,387.00,387.00,387.00,387.00,1,Upper,117,30,563.00,2,33,42
2026-09-17T09:49:22+00:00,358,608.00,563.00,581.00,387.00,387.00,387.00,387.00,1,Upper,117,30,563.00,2,33,42
2026-09-17T09:53:24+00:00,358,608.00,563.00,581.00,387.00,387.00,387.00,387.00,1,Upper,117,30,563.00,2,33,42
2026-09-17T09:57:25+00:00,358,608.00,560.00,577.00,406.00,388.00,406.00,388.00,2,Upper,144,24,560.00,2,33,42
2026-09-17T10:01:35+00:00,359,608.00,560.00,577.00,406.00,388.00,406.00,388.00,2,Upper,144,24,560.00,2,33,42
2026-09-17T10:05:36+00:00,358,608.00,560.00,577.00,406.00,388.00,406.00,388.00,2,Upper,144,24,560.00,2,33,42
2026-09-17T10:09:39+00:00,358,608.00,560.00,577.00,406.00,388.00,406.00,388.00,2,Upper,144,24,560.00,2,33,42
2026-09-17T10:13:41+00:00,361,608.00,560.00,577.00,406.00,406.00,406.00,406.00,1,Upper,117,30,560.00,2,33,42
2026-09-17T10:17:42+00:00,351,608.00,544.00,571.00,433.00,433.00,433.00,433.00,1,Upper,117,30,544.00,2,33,42
2026-09-17T10:21:53+00:00,353,608.00,544.00,598.00,433.00,433.00,433.00,433.00,1,Upper,117,30,544.00,2,33,42
2026-09-17T10:25:55+00:00,353,608.00,544.00,598.00,433.00,433.00,433.00,433.00,1,Upper,117,30,544.00,2,33,42
2026-09-17T10:29:55+00:00,353,608.00,544.00,598.00,433.00,433.00,433.00,433.00,1,Upper,117,30,544.00,2,33,42
2026-09-17T10:33:55+00:00,354,608.00,544.00,598.00,433.00,433.00,433.00,433.00,1,Upper,117,30,544.00,2,33,42
2026-09-17T10:37:57+00:00,354,608.00,544.00,598.00,433.00,433.00,433.00,433.00,1,Upper,117,30,544.00,2,33,42
2026-09-17T10:41:58+00:00,354,608.00,544.00,598.00,433.00,433.00,433.00,433.00,1,Upper,117,30,544.00,2,33,42
2026-09-17T10:46:00+00:00,354,608.00,544.00,598.00,433.00,433.00,433.00,433.00,1,Upper,117,30,544.00,2,33,42
2026-09-17T10:50:01+00:00,354,608.00,544.00,598.00,433.00,433.00,433.00,433.00,1,Upper,117,30,544.00,2,33,42
2026-09-17T10:54:04+00:00,354,608.00,544.00,598.00,433.00,433.00,433.00,433.00,1,Upper,117,30,544.00,2,33,42
2026-09-17T10:58:05+00:00,355,608.00,544.00,598.00,433.00,433.00,433.00,433.00,1,Upper,117,30,544.00,2,33,42
2026-09-17T11:02:07+00:00,355,608.00,544.00,598.00,433.00,433.00,433.00,433.00,1,Upper,117,30,544.00,2,33,42
2026-09-17T11:06:08+00:00,355,608.00,544.00,571.00,433.00,433.00,433.00,433.00,1,Upper,117,30,544.00,2,33,42
2026-09-17T11:10:10+00:00,355,608.00,544.00,571.00,433.00,433.00,433.00,433.00,1,Upper,117,30,544.00,2,33,42
2026-09-17T11:14:10+00:00,355,608.00,544.00,571.00,433.00,433.00,433.00,433.00,1,Upper,117,30,544.00,2,33,42
2026-09-17T11:18:12+00:00,354,608.00,544.00,571.00,433.00,433.00,433.00,433.00,1,Upper,117,30,544.00,2,33,42
2026-09-17T11:22:13+00:00,354,608.00,544.00,571.00,433.00,433.00,433.00,433.00,1,Upper,117,30,544.00,2,33,42
2026-09-17T11:26:17+00:00,354,608.00,544.00,571.00,433.00,433.00,433.00,433.00,1,Upper,117,30,544.00,2,33,42
2026-09-17T11:30:18+00:00,354,608.00,544.00,571.00,433.00,433.00,433.00,433.00,1,Upper,117,30,544.00,2,33,42
2026-09-17T11:34:18+00:00,354,608.00,544.00,571.00,433.00,433.00,433.00,433.00,1,Upper,117,30,544.00,2,33,42
2026-09-17T11:38:20+00:00,353,608.00,544.00,571.00,433.00,433.00,433.00,433.00,1,Upper,117,30,544.00,2,33,42
2026-09-17T11:42:21+00:00,353,608.00,544.00,571.00,433.00,433.00,433.00,433.00,1,Upper,117,30,544.00,2,33,42
2026-09-17T11:46:23+00:00,351,608.00,544.00,571.00,433.00,433.00,433.00,433.00,1,Upper,117,30,544.00,2,33,42
2026-09-17T11:50:24+00:00,352,608.00,544.00,571.00,433.00,433.00,433.00,433.00,1,Upper,117,30,544.00,2,33,42
2026-09-17T11:54:26+00:00,352,608.00,544.00,571.00,433.00,433.00,433.00,433.00,1,Upper,117,30,544.00,2,33,42
2026-09-17T11:58:29+00:00,352,608.00,544.00,571.00,433.00,433.00,433.00,433.00,1,Upper,117,30,544.00,2,33,42
2026-09-17T12:02:29+00:00,352,608.00,544.00,571.00,433.00,433.00,433.00,433.00,1,Upper,117,30,544.00,2,33,42
2026-09-17T12:06:30+00:00,350,608.00,544.00,571.00,433.00,433.00,433.00,433.00,1,Upper,117,30,544.00,2,33,42
2026-09-17T12:10:32+00:00,350,608.00,544.00,571.00,433.00,433.00,433.00,433.00,1,Upper,117,30,544.00,2,33,42
2026-09-17T12:14:33+00:00,349,598.00,544.00,571.00,432.00,432.00,432.00,432.00,1,Upper,117,30,544.00,2,33,42
2026-09-17T12:18:35+00:00,349,598.00,544.00,571.00,432.00,432.00,432.00,432.00,1,Upper,117,30,544.00,2,33,42
2026-09-17T12:22:37+00:00,349,608.00,544.00,571.00,432.00,432.00,432.00,432.00,1,Upper,117,30,544.00,2,33,42
2026-09-17T12:26:38+00:00,349,608.00,544.00,571.00,432.00,432.00,432.00,432.00,1,Upper,117,30,544.00,2,33,42
2026-09-17T12:30:41+00:00,349,608.00,544.00,598.00,432.00,432.00,432.00,432.00,1,Upper,117,30,544.00,2,33,42
2026-09-17T12:34:42+00:00,352,608.00,544.00,598.00,432.00,432.00,432.00,432.00,1,Upper,117,30,544.00,2,33,42
2026-09-17T12:38:44+00:00,352,608.00,544.00,598.00,432.00,432.00,432.00,432.00,1,Upper,117,30,544.00,2,33,42
2026-09-17T12:42:45+00:00,352,608.00,544.00,598.00,432.00,432.00,432.00,432.00,1,Upper,117,30,544.00,2,33,42
2026-09-17T12:46:47+00:00,347,608.00,544.00,571.00,432.00,432.00,432.00,432.00,1,Upper,117,30,544.00,2,33,42
2026-09-17T12:50:49+00:00,350,608.00,548.00,571.00,424.00,424.00,424.00,424.00,1,Upper,117,30,548.00,2,33,42
2026-09-17T12:54:50+00:00,351,608.00,571.00,608.00,426.00,426.00,426.00,426.00,1,Upper,117,30,571.00,2,33,42
2026-09-17T12:58:52+00:00,355,608.00,571.00,608.00,426.00,426.00,426.00,426.00,1,Upper,117,30,571.00,2,33,42
2026-09-17T13:02:55+00:00,355,608.00,571.00,608.00,426.00,426.00,426.00,426.00,1,Upper,117,30,571.00,2,33,42
2026-09-17T13:06:56+00:00,355,608.00,571.00,608.00,426.00,426.00,426.00,426.00,1,Upper,117,30,571.00,2,33,42
2026-09-17T13:10:58+00:00,355,608.00,571.00,608.00,426.00,426.00,426.00,426.00,1,Upper,117,30,571.00,2,33,42
2026-09-17T13:15:00+00:00,355,608.00,571.00,608.00,426.00,426.00,426.00,426.00,1,Upper,117,30,571.00,2,33,42
2026-09-17T13:19:02+00:00,355,608.00,571.00,608.00,426.00,426.00,426.00,426.00,1,Upper,117,30,571.00,2,33,42
2026-09-17T13:23:04+00:00,355,608.00,571.00,608.00,426.00,426.00,426.00,426.00,1,Upper,117,30,571.00,2,33,42
2026-09-17T13:27:05+00:00,355,608.00,571.00,608.00,426.00,426.00,426.00,426.00,1,Upper,117,30,571.00,2,33,42
2026-09-17T13:31:07+00:00,356,608.00,571.00,608.00,426.00,426.00,426.00,426.00,1,Upper,117,30,571.00,2,33,42
2026-09-17T13:35:10+00:00,356,608.00,571.00,608.00,426.00,426.00,426.00,426.00,1,Upper,117,30,571.00,2,33,42
2026-09-17T13:39:11+00:00,356,608.00,571.00,608.00,426.00,426.00,426.00,426.00,1,Upper,117,30,571.00,2,33,42
2026-09-17T13:43:13+00:00,356,608.00,571.00,608.00,426.00,426.00,426.00,426.00,1,Upper,117,30,571.00,2,33,42
2026-09-17T13:47:15+00:00,351,571.00,549.00,571.00,423.00,423.00,423.00,423.00,1,Upper,117,30,549.00,2,33,42
2026-09-17T13:51:16+00:00,349,571.00,549.00,571.00,423.00,423.00,423.00,423.00,1,Upper,117,30,549.00,2,33,42
2026-09-17T13:55:18+00:00,349,571.00,549.00,571.00,423.00,423.00,423.00,423.00,1,Upper,117,30,549.00,2,33,42
2026-09-17T13:59:19+00:00,349,571.00,549.00,571.00,423.00,423.00,423.00,423.00,1,Upper,117,30,549.00,2,33,42
2026-09-17T14:03:20+00:00,351,571.00,549.00,571.00,423.00,423.00,423.00,423.00,1,Upper,117,27,549.00,2,33,42
2026-09-17T14:07:23+00:00,351,571.00,549.00,571.00,423.00,423.00,423.00,423.00,1,Upper,117,27,549.00,2,33,42
2026-09-17T14:11:25+00:00,351,571.00,549.00,571.00,423.00,423.00,423.00,423.00,1,Upper,117,27,549.00,2,33,42
2026-09-17T14:15:25+00:00,351,571.00,549.00,571.00,423.00,423.00,423.00,423.00,1,Upper,117,27,549.00,2,33,42
2026-09-17T14:19:27+00:00,355,608.00,558.00,574.00,437.00,437.00,437.00,437.00,1,Upper,117,27,558.00,2,33,42
2026-09-17T14:23:28+00:00,355,608.00,558.00,574.00,437.00,437.00,437.00,437.00,1,Upper,117,27,558.00,2,33,42
2026-09-17T14:27:30+00:00,353,608.00,558.00,574.00,437.00,437.00,437.00,437.00,1,Upper,117,30,558.00,2,33,42
2026-09-17T14:31:31+00:00,346,608.00,556.00,572.00,480.00,470.00,480.00,470.00,2,Upper,142,25,556.00,2,33,42
2026-09-17T14:35:33+00:00,344,571.00,544.00,571.00,476.00,470.00,476.00,470.00,2,Upper,142,25,544.00,2,33,42
2026-09-17T14:39:36+00:00,344,571.00,544.00,571.00,476.00,470.00,476.00,470.00,2,Upper,142,25,544.00,2,33,42
2026-09-17T14:43:37+00:00,350,608.00,547.00,571.00,468.00,468.00,468.00,468.00,1,Upper,117,28,547.00,2,33,42
2026-09-17T14:47:39+00:00,352,608.00,548.00,571.00,467.00,467.00,467.00,467.00,1,Upper,117,28,548.00,2,33,42
2026-09-17T14:51:40+00:00,352,608.00,548.00,571.00,467.00,467.00,467.00,467.00,1,Upper,117,28,548.00,2,33,42
2026-09-17T14:55:42+00:00,351,608.00,548.00,571.00,467.00,467.00,467.00,467.00,1,Upper,117,28,548.00,2,33,42
2026-09-17T14:59:43+00:00,349,608.00,547.00,571.00,469.00,469.00,469.00,469.00,1,Upper,117,28,547.00,2,33,42
2026-09-17T15:03:45+00:00,349,608.00,547.00,571.00,469.00,469.00,469.00,469.00,1,Upper,117,28,547.00,2,33,42
2026-09-17T15:07:46+00:00,347,608.00,548.00,571.00,472.00,470.00,472.00,470.00,2,Upper,142,25,548.00,2,33,42
2026-09-17T15:11:49+00:00,347,608.00,548.00,571.00,472.00,470.00,472.00,470.00,2,Upper,142,25,548.00,2,33,42
2026-09-17T15:15:51+00:00,346,608.00,544.00,571.00,475.00,470.00,475.00,470.00,2,Upper,142,25,544.00,2,33,42
2026-09-17T15:19:52+00:00,348,608.00,544.00,571.00,475.00,470.00,475.00,470.00,2,Upper,142,25,544.00,2,33,42
2026-09-17T15:24:06+00:00,348,608.00,544.00,571.00,475.00,470.00,475.00,470.00,2,Upper,142,25,544.00,2,33,42
2026-09-17T15:28:08+00:00,350,608.00,544.00,598.00,478.00,470.00,478.00,470.00,2,Upper,142,25,544.00,2,33,42
2026-09-17T15:32:10+00:00,348,608.00,544.00,571.00,478.00,470.00,478.00,470.00,2,Upper,142,25,544.00,2,33,42
2026-09-17T15:36:12+00:00,348,608.00,544.00,571.00,476.00,468.00,476.00,468.00,2,Upper,141,16,544.00,2,33,42
2026-09-17T15:40:14+00:00,348,608.00,544.00,571.00,476.00,468.00,476.00,468.00,2,Upper,141,16,544.00,2,33,42
2026-09-17T15:44:16+00:00,349,608.00,544.00,598.00,476.00,468.00,476.00,468.00,2,Upper,141,16,544.00,2,33,42
2026-09-17T15:48:16+00:00,345,608.00,544.00,571.00,421.00,421.00,421.00,421.00,1,Upper,117,28,544.00,2,33,42
2026-09-17T15:52:18+00:00,345,608.00,544.00,571.00,421.00,421.00,421.00,421.00,1,Upper,117,28,544.00,2,33,42
2026-09-17T15:56:21+00:00,345,608.00,544.00,571.00,421.00,421.00,421.00,421.00,1,Upper,117,28,544.00,2,33,42
2026-09-17T16:00:23+00:00,346,608.00,544.00,571.00,421.00,421.00,421.00,421.00,1,Upper,117,28,544.00,2,33,42
2026-09-17T16:04:25+00:00,346,608.00,544.00,571.00,421.00,421.00,421.00,421.00,1,Upper,117,28,544.00,2,33,42
2026-09-17T16:08:27+00:00,346,599.00,544.00,571.00,421.00,421.00,421.00,421.00,1,Upper,117,28,544.00,2,33,42
2026-09-17T16:12:29+00:00,348,599.00,544.00,571.00,421.00,421.00,421.00,421.00,1,Upper,117,28,544.00,2,33,42
2026-09-17T16:16:30+00:00,348,599.00,544.00,571.00,421.00,421.00,421.00,421.00,1,Upper,117,31,544.00,2,33,42
2026-09-17T16:20:32+00:00,349,599.00,544.00,571.00,421.00,421.00,421.00,421.00,1,Upper,117,28,544.00,2,33,42
2026-09-17T16:24:34+00:00,344,599.00,544.00,571.00,428.00,428.00,428.00,428.00,1,Upper,117,28,544.00,2,33,42
2026-09-17T16:28:37+00:00,344,599.00,544.00,571.00,428.00,428.00,428.00,428.00,1,Upper,117,28,544.00,2,33,42
2026-09-17T16:32:39+00:00,344,599.00,544.00,571.00,390.00,390.00,390.00,390.00,1,Upper,117,31,544.00,2,33,42
2026-09-17T16:36:49+00:00,344,599.00,544.00,598.00,383.00,383.00,383.00,383.00,1,Upper,117,31,544.00,2,33,42
2026-09-17T16:40:59+00:00,343,599.00,544.00,598.00,421.00,421.00,421.00,421.00,1,Upper,117,28,544.00,2,33,42
2026-09-17T16:45:00+00:00,347,572.00,555.00,572.00,421.00,421.00,421.00,421.00,1,Upper,117,28,555.00,2,33,42
2026-09-17T16:49:02+00:00,352,571.00,555.00,571.00,430.00,430.00,430.00,430.00,1,Upper,117,28,555.00,2,33,42
2026-09-17T16:53:04+00:00,351,571.00,555.00,571.00,430.00,430.00,430.00,430.00,1,Upper,117,28,555.00,2,33,42
2026-09-17T16:57:05+00:00,348,571.00,544.00,571.00,432.00,432.00,432.00,432.00,1,Upper,117,28,544.00,2,33,42
2026-09-17T17:01:09+00:00,348,571.00,544.00,571.00,432.00,432.00,432.00,432.00,1,Upper,117,28,544.00,2,33,42
2026-09-17T17:05:11+00:00,353,571.00,544.00,571.00,432.00,432.00,432.00,432.00,1,Upper,117,28,544.00,2,33,42
2026-09-17T17:09:13+00:00,353,571.00,544.00,571.00,432.00,432.00,432.00,432.00,1,Upper,117,28,544.00,2,33,42
2026-09-17T17:13:14+00:00,353,571.00,544.00,571.00,432.00,432.00,432.00,432.00,1,Upper,117,28,544.00,2,33,42
2026-09-17T17:17:16+00:00,353,571.00,544.00,571.00,432.00,432.00,432.00,432.00,1,Upper,117,28,544.00,2,33,42
2026-09-17T17:21:18+00:00,347,571.00,544.00,571.00,440.00,440.00,440.00,440.00,1,Upper,117,28,544.00,2,33,42
2026-09-17T17:25:19+00:00,349,571.00,544.00,571.00,440.00,440.00,440.00,440.00,1,Upper,117,28,544.00,2,33,42
2026-09-17T17:29:21+00:00,352,572.00,554.00,572.00,429.00,429.00,429.00,429.00,1,Upper,117,28,554.00,2,33,42
2026-09-17T17:33:24+00:00,347,571.00,544.00,571.00,434.00,395.00,434.00,395.00,2,Upper,117,28,544.00,2,33,42
2026-09-17T17:37:34+00:00,347,571.00,544.00,571.00,434.00,395.00,434.00,395.00,2,Upper,117,28,544.00,2,33,42
2026-09-17T17:41:36+00:00,348,571.00,544.00,571.00,433.00,394.00,433.00,394.00,2,Upper,117,28,544.00,2,33,42
2026-09-17T17:45:46+00:00,350,571.00,544.00,571.00,433.00,394.00,433.00,394.00,2,Upper,117,28,544.00,2,33,42
2026-09-17T17:49:48+00:00,348,571.00,544.00,571.00,433.00,394.00,433.00,394.00,2,Upper,117,28,544.00,2,33,42
2026-09-17T17:53:49+00:00,351,571.00,544.00,571.00,434.00,395.00,434.00,395.00,2,Upper,117,28,544.00,2,33,42
2026-09-17T17:57:51+00:00,351,571.00,544.00,571.00,434.00,395.00,434.00,395.00,2,Upper,117,28,544.00,2,33,42
2026-09-17T18:01:53+00:00,349,571.00,544.00,571.00,434.00,395.00,434.00,395.00,2,Upper,117,28,544.00,2,33,42
2026-09-17T18:05:56+00:00,357,576.00,544.00,571.00,490.00,446.00,490.00,446.00,2,Upper,117,28,544.00,2,33,42
2026-09-17T18:09:58+00:00,355,576.00,544.00,571.00,490.00,446.00,490.00,446.00,2,Upper,117,28,544.00,2,33,42
2026-09-17T18:14:00+00:00,355,576.00,544.00,571.00,490.00,446.00,490.00,446.00,2,Upper,117,28,544.00,2,33,42
2026-09-17T18:18:02+00:00,352,571.00,544.00,571.00,494.00,449.00,494.00,449.00,2,Upper,117,28,544.00,2,33,42
2026-09-17T18:22:03+00:00,352,571.00,544.00,571.00,494.00,449.00,494.00,449.00,2,Upper,117,28,544.00,2,33,42
2026-09-17T18:26:05+00:00,352,571.00,544.00,571.00,494.00,449.00,494.00,449.00,2,Upper,117,28,544.00,2,33,42
2026-09-17T18:30:07+00:00,354,571.00,544.00,571.00,494.00,449.00,494.00,449.00,2,Upper,117,28,544.00,2,33,42
2026-09-17T18:34:08+00:00,355,571.00,544.00,571.00,494.00,449.00,494.00,449.00,2,Upper,117,28,544.00,2,33,42
2026-09-17T18:38:12+00:00,354,571.00,544.00,571.00,494.00,449.00,494.00,449.00,2,Upper,117,28,544.00,2,33,42
2026-09-17T18:42:14+00:00,354,571.00,544.00,571.00,494.00,449.00,494.00,449.00,2,Upper,117,28,544.00,2,33,42
2026-09-17T18:46:16+00:00,352,571.00,544.00,571.00,494.00,449.00,494.00,449.00,2,Upper,117,28,544.00,2,33,42
2026-09-17T18:50:18+00:00,356,571.00,544.00,571.00,493.00,448.00,493.00,448.00,2,Upper,117,28,544.00,2,33,42
2026-09-17T18:54:19+00:00,359,576.00,544.00,571.00,494.00,449.00,494.00,449.00,2,Upper,117,28,544.00,2,33,42
2026-09-17T18:58:21+00:00,359,576.00,544.00,571.00,494.00,449.00,494.00,449.00,2,Upper,117,28,544.00,2,33,42
2026-09-17T19:02:23+00:00,358,576.00,544.00,571.00,494.00,449.00,494.00,449.00,2,Upper,117,28,544.00,2,33,42
2026-09-17T19:06:25+00:00,358,576.00,544.00,571.00,494.00,449.00,494.00,449.00,2,Upper,117,28,544.00,2,33,42
2026-09-17T19:10:28+00:00,352,571.00,545.00,571.00,494.00,449.00,494.00,449.00,2,Upper,117,28,545.00,2,30,44
2026-09-17T19:14:30+00:00,352,571.00,545.00,571.00,495.00,449.00,495.00,449.00,2,Upper,117,28,545.00,2,30,44
2026-09-17T19:18:32+00:00,353,571.00,545.00,571.00,495.00,451.00,495.00,451.00,2,Upper,117,28,545.00,2,30,44
2026-09-17T19:22:34+00:00,356,571.00,544.00,576.00,482.00,438.00,482.00,438.00,2,Upper,117,28,544.00,2,33,42
2026-09-17T19:26:35+00:00,360,571.00,544.00,576.00,482.00,438.00,482.00,438.00,2,Upper,117,28,544.00,2,33,42
2026-09-17T19:30:37+00:00,357,571.00,544.00,571.00,482.00,438.00,482.00,438.00,2,Upper,117,28,544.00,2,33,42
2026-09-17T19:34:39+00:00,357,571.00,544.00,571.00,482.00,438.00,482.00,438.00,2,Upper,117,28,544.00,2,33,42
2026-09-17T19:38:41+00:00,357,571.00,544.00,571.00,482.00,438.00,482.00,438.00,2,Upper,117,28,544.00,2,33,42
2026-09-17T19:42:44+00:00,356,571.00,544.00,571.00,485.00,440.00,485.00,440.00,2,Upper,117,28,544.00,2,33,42
2026-09-17T19:46:46+00:00,352,576.00,544.00,576.00,494.00,451.00,494.00,451.00,2,Upper,117,28,544.00,2,33,42
2026-09-17T19:50:47+00:00,352,576.00,544.00,576.00,494.00,451.00,494.00,451.00,2,Upper,117,28,544.00,2,33,42
2026-09-17T19:54:49+00:00,352,576.00,544.00,576.00,494.00,449.00,494.00,449.00,2,Upper,117,28,544.00,2,33,42
2026-09-17T19:58:51+00:00,351,576.00,544.00,576.00,494.00,449.00,494.00,449.00,2,Upper,117,28,544.00,2,33,42
2026-09-17T20:02:53+00:00,351,576.00,545.00,576.00,494.00,449.00,494.00,449.00,2,Upper,117,28,545.00,2,30,44
2026-09-17T20:06:54+00:00,357,576.00,544.00,571.00,459.00,417.00,459.00,417.00,2,Upper,117,28,544.00,2,33,42
2026-09-17T20:10:56+00:00,357,576.00,544.00,571.00,459.00,417.00,459.00,417.00,2,Upper,117,28,544.00,2,33,42
2026-09-17T20:15:00+00:00,354,571.00,544.00,571.00,455.00,414.00,455.00,414.00,2,Upper,117,28,544.00,2,33,42
2026-09-17T20:19:01+00:00,356,576.00,544.00,571.00,455.00,414.00,455.00,414.00,2,Upper,117,28,544.00,2,33,42
2026-09-17T20:23:03+00:00,355,576.00,544.00,571.00,414.00,414.00,414.00,414.00,1,Upper,117,28,544.00,2,33,42
2026-09-17T20:27:50+00:00,353,576.00,544.00,571.00,406.00,406.00,406.00,406.00,1,Upper,117,28,544.00,2,33,42
2026-09-17T20:31:52+00:00,351,571.00,544.00,571.00,406.00,406.00,406.00,406.00,1,Upper,117,28,544.00,2,33,42
2026-09-17T20:35:54+00:00,349,571.00,545.00,571.00,406.00,406.00,406.00,406.00,1,Upper,117,28,545.00,2,30,44
2026-09-17T20:39:55+00:00,348,576.00,545.00,571.00,433.00,433.00,433.00,433.00,1,Upper,117,29,545.00,2,30,44
2026-09-17T20:43:57+00:00,346,571.00,545.00,571.00,433.00,394.00,433.00,394.00,2,Upper,117,28,545.00,2,30,44
2026-09-17T20:48:06+00:00,347,576.00,544.00,571.00,433.00,433.00,433.00,433.00,1,Upper,117,29,544.00,2,33,42
2026-09-17T20:52:08+00:00,348,576.00,544.00,571.00,433.00,433.00,433.00,433.00,1,Upper,117,29,544.00,2,33,42
2026-09-17T20:56:09+00:00,348,576.00,544.00,571.00,433.00,433.00,433.00,433.00,1,Upper,117,29,544.00,2,33,42
2026-09-17T21:00:12+00:00,348,576.00,544.00,571.00,433.00,433.00,433.00,433.00,1,Upper,117,29,544.00,2,33,42
2026-09-17T21:04:14+00:00,350,576.00,571.00,571.00,433.00,433.00,433.00,433.00,1,Upper,117,29,571.00,2,34,29
2026-09-17T21:08:16+00:00,350,576.00,571.00,571.00,433.00,433.00,433.00,433.00,1,Upper,117,29,571.00,2,34,29
2026-09-17T21:12:17+00:00,350,576.00,571.00,571.00,433.00,433.00,433.00,433.00,1,Upper,117,29,571.00,2,34,29
2026-09-17T21:16:19+00:00,349,576.00,544.00,571.00,433.00,433.00,433.00,433.00,1,Upper,117,29,544.00,2,33,42
2026-09-17T21:20:20+00:00,349,571.00,544.00,571.00,433.00,433.00,433.00,433.00,1,Upper,117,29,544.00,2,33,42
2026-09-17T21:24:21+00:00,350,571.00,545.00,571.00,433.00,433.00,433.00,433.00,1,Upper,117,29,545.00,2,30,44
2026-09-17T21:28:23+00:00,349,571.00,545.00,571.00,433.00,433.00,433.00,433.00,1,Upper,117,29,545.00,2,30,44
2026-09-17T21:32:26+00:00,346,571.00,544.00,571.00,440.00,440.00,440.00,440.00,1,Upper,117,29,544.00,2,33,42
2026-09-17T21:36:27+00:00,349,571.00,544.00,571.00,440.00,440.00,440.00,440.00,1,Upper,117,29,544.00,2,33,42
2026-09-17T21:40:29+00:00,348,571.00,544.00,571.00,440.00,440.00,440.00,440.00,1,Upper,117,29,544.00,2,33,42
2026-09-17T21:44:31+00:00,348,571.00,544.00,571.00,440.00,440.00,440.00,440.00,1,Upper,117,29,544.00,2,33,42
2026-09-17T21:48:32+00:00,347,571.00,544.00,571.00,440.00,440.00,440.00,440.00,1,Upper,117,29,544.00,2,33,42
2026-09-17T21:52:34+00:00,347,571.00,544.00,571.00,440.00,440.00,440.00,440.00,1,Upper,117,29,544.00,2,33,42
2026-09-17T21:56:34+00:00,348,571.00,544.00,571.00,440.00,440.00,440.00,440.00,1,Upper,117,29,544.00,2,33,42
2026-09-17T22:00:35+00:00,348,571.00,544.00,571.00,440.00,440.00,440.00,440.00,1,Upper,117,29,544.00,2,33,42
2026-09-17T22:04:38+00:00,347,571.00,544.00,571.00,440.00,440.00,440.00,440.00,1,Upper,117,29,544.00,2,33,42
2026-09-17T22:08:40+00:00,345,571.00,544.00,571.00,433.00,433.00,433.00,433.00,1,Upper,117,29,544.00,2,33,42
2026-09-17T22:12:41+00:00,358,628.00,588.00,634.00,479.00,457.00,479.00,457.00,2,Upper,143,22,588.00,2,34,39
2026-09-17T22:16:43+00:00,359,628.00,588.00,634.00,479.00,457.00,479.00,457.00,2,Upper,143,22,588.00,2,34,39
2026-09-17T22:20:44+00:00,359,628.00,588.00,634.00,479.00,457.00,479.00,457.00,2,Upper,143,22,588.00,2,34,39
2026-09-17T22:24:46+00:00,359,628.00,588.00,634.00,479.00,457.00,479.00,457.00,2,Upper,143,22,588.00,2,34,39
2026-09-17T22:28:48+00:00,359,626.00,594.00,634.00,479.00,457.00,479.00,457.00,2,Upper,143,22,594.00,2,33,45
2026-09-17T22:32:49+00:00,360,626.00,588.00,634.00,479.00,457.00,479.00,457.00,2,Upper,143,22,588.00,2,34,39
2026-09-17T22:36:52+00:00,359,626.00,588.00,634.00,479.00,457.00,479.00,457.00,2,Upper,143,22,588.00,2,34,39
2026-09-17T22:40:54+00:00,360,626.00,588.00,634.00,479.00,457.00,479.00,457.00,2,Upper,143,22,588.00,2,34,39
2026-09-17T22:44:55+00:00,360,626.00,588.00,634.00,479.00,457.00,479.00,457.00,2,Upper,143,22,588.00,2,34,39
2026-09-17T22:48:56+00:00,360,626.00,588.00,634.00,479.00,457.00,479.00,457.00,2,Upper,143,22,588.00,2,34,39
2026-09-17T22:52:58+00:00,359,626.00,588.00,634.00,479.00,457.00,479.00,457.00,2,Upper,143,22,588.00,2,34,39
2026-09-17T22:56:59+00:00,358,626.00,588.00,628.00,479.00,457.00,479.00,457.00,2,Upper,143,22,588.00,2,34,39
2026-09-17T23:01:01+00:00,359,626.00,588.00,628.00,479.00,457.00,479.00,457.00,2,Upper,143,22,588.00,2,34,39
2026-09-17T23:05:02+00:00,359,626.00,588.00,628.00,479.00,457.00,479.00,457.00,2,Upper,143,22,588.00,2,34,39
2026-09-17T23:09:05+00:00,359,626.00,588.00,628.00,479.00,415.00,479.00,415.00,2,Upper,134,23,588.00,2,34,39
2026-09-17T23:13:07+00:00,360,626.00,588.00,628.00,479.00,415.00,479.00,415.00,2,Upper,134,23,588.00,2,34,39
2026-09-17T23:17:08+00:00,358,626.00,588.00,627.00,484.00,415.00,484.00,415.00,2,Upper,134,23,588.00,2,34,39
2026-09-17T23:21:10+00:00,358,626.00,588.00,627.00,484.00,415.00,484.00,415.00,2,Upper,134,23,588.00,2,34,39
2026-09-17T23:25:11+00:00,359,626.00,588.00,627.00,484.00,415.00,484.00,415.00,2,Upper,134,23,588.00,2,34,39
2026-09-17T23:29:13+00:00,359,626.00,588.00,627.00,484.00,415.00,484.00,415.00,2,Upper,134,23,588.00,2,34,39
2026-09-17T23:33:14+00:00,355,626.00,588.00,627.00,484.00,415.00,484.00,415.00,2,Upper,134,23,588.00,2,34,39
2026-09-17T23:37:16+00:00,355,626.00,588.00,627.00,484.00,415.00,484.00,415.00,2,Upper,134,23,588.00,2,34,39
2026-09-17T23:41:18+00:00,355,626.00,588.00,627.00,484.00,415.00,484.00,415.00,2,Upper,134,23,588.00,2,34,39
2026-09-17T23:45:19+00:00,357,626.00,588.00,627.00,484.00,415.00,484.00,415.00,2,Upper,134,23,588.00,2,34,39
2026-09-17T23:49:20+00:00,360,626.00,594.00,627.00,484.00,415.00,484.00,415.00,2,Upper,134,23,594.00,2,33,45
2026-09-17T23:53:22+00:00,360,626.00,594.00,627.00,484.00,415.00,484.00,415.00,2,Upper,134,23,594.00,2,33,45
2026-09-17T23:57:24+00:00,360,626.00,594.00,627.00,484.00,415.00,484.00,415.00,2,Upper,134,23,594.00,2,33,45
2026-09-18T00:01:25+00:00,360,626.00,594.00,627.00,484.00,415.00,484.00,415.00,2,Upper,134,23,594.00,2,33,45
2026-09-18T00:05:27+00:00,361,626.00,594.00,627.00,484.00,415.00,484.00,415.00,2,Upper,134,23,594.00,2,33,45
2026-09-18T00:09:29+00:00,358,626.00,594.00,627.00,484.00,415.00,484.00,415.00,2,Upper,134,23,594.00,2,33,45
2026-09-18T00:13:32+00:00,358,626.00,594.00,627.00,484.00,415.00,484.00,415.00,2,Upper,134,23,594.00,2,33,45
2026-09-18T00:17:33+00:00,358,626.00,594.00,627.00,484.00,457.00,484.00,457.00,2,Upper,143,22,594.00,2,33,45
2026-09-18T00:21:35+00:00,357,626.00,594.00,627.00,484.00,457.00,484.00,457.00,2,Upper,143,22,594.00,2,33,45
2026-09-18T00:25:37+00:00,356,626.00,594.00,627.00,484.00,457.00,484.00,457.00,2,Upper,143,22,594.00,2,33,45
2026-09-18T00:29:38+00:00,355,626.00,594.00,627.00,484.00,415.00,484.00,415.00,2,Upper,134,21,594.00,2,33,45
2026-09-18T00:33:40+00:00,355,626.00,594.00,627.00,484.00,437.00,484.00,437.00,2,Upper,134,21,594.00,2,33,45
2026-09-18T00:37:41+00:00,355,626.00,594.00,627.00,484.00,437.00,484.00,437.00,2,Upper,134,21,594.00,2,33,45
2026-09-18T00:41:42+00:00,356,626.00,594.00,627.00,484.00,457.00,484.00,457.00,2,Upper,143,22,594.00,2,33,45
2026-09-18T00:45:45+00:00,357,626.00,594.00,627.00,484.00,457.00,484.00,457.00,2,Upper,143,22,594.00,2,33,45
2026-09-18T00:49:47+00:00,358,626.00,594.00,627.00,484.00,457.00,484.00,457.00,2,Upper,143,22,594.00,2,33,45
2026-09-18T00:53:48+00:00,358,626.00,594.00,627.00,484.00,457.00,484.00,457.00,2,Upper,143,22,594.00,2,33,45
2026-09-18T00:57:50+00:00,358,626.00,594.00,627.00,484.00,457.00,484.00,457.00,2,Upper,143,22,594.00,2,33,45
2026-09-18T01:01:52+00:00,356,626.00,594.00,627.00,484.00,457.00,484.00,457.00,2,Upper,143,22,594.00,2,33,45
2026-09-18T01:05:53+00:00,358,626.00,594.00,627.00,484.00,457.00,484.00,457.00,2,Upper,143,22,594.00,2,33,45
2026-09-18T01:09:55+00:00,358,626.00,594.00,627.00,484.00,457.00,484.00,457.00,2,Upper,143,22,594.00,2,33,45
2026-09-18T01:13:56+00:00,358,626.00,594.00,627.00,484.00,457.00,484.00,457.00,2,Upper,143,22,594.00,2,33,45
2026-09-18T01:17:59+00:00,358,626.00,594.00,627.00,484.00,457.00,484.00,457.00,2,Upper,143,22,594.00,2,33,45
2026-09-18T01:22:01+00:00,358,626.00,594.00,627.00,484.00,457.00,484.00,457.00,2,Upper,143,22,594.00,2,33,45
2026-09-18T01:26:02+00:00,358,626.00,594.00,627.00,484.00,457.00,484.00,457.00,2,Upper,143,22,594.00,2,33,45
2026-09-18T01:30:14+00:00,358,626.00,594.00,627.00,484.00,457.00,484.00,457.00,2,Upper,143,22,594.00,2,33,45
2026-09-18T01:34:15+00:00,358,626.00,594.00,627.00,484.00,457.00,484.00,457.00,2,Upper,143,22,594.00,2,33,45
2026-09-18T01:38:17+00:00,364,623.00,588.00,628.00,484.00,457.00,484.00,457.00,2,Upper,143,22,588.00,2,34,39
2026-09-18T01:42:19+00:00,363,623.00,588.00,628.00,484.00,457.00,484.00,457.00,2,Upper,143,22,588.00,2,34,39
2026-09-18T01:46:20+00:00,363,623.00,588.00,628.00,484.00,457.00,484.00,457.00,2,Upper,143,22,588.00,2,34,39
2026-09-18T01:50:22+00:00,363,623.00,588.00,628.00,484.00,457.00,484.00,457.00,2,Upper,143,22,588.00,2,34,39
2026-09-18T01:54:23+00:00,363,623.00,588.00,628.00,484.00,457.00,484.00,457.00,2,Upper,143,22,588.00,2,34,39
2026-09-18T01:58:25+00:00,363,623.00,588.00,628.00,484.00,457.00,484.00,457.00,2,Upper,143,22,588.00,2,34,39
2026-09-18T02:02:28+00:00,364,623.00,588.00,628.00,484.00,457.00,484.00,457.00,2,Upper,143,22,588.00,2,34,39
2026-09-18T02:06:30+00:00,364,623.00,588.00,628.00,484.00,457.00,484.00,457.00,2,Upper,143,22,588.00,2,34,39
2026-09-18T02:10:32+00:00,364,623.00,588.00,628.00,484.00,457.00,484.00,457.00,2,Upper,143,22,588.00,2,34,39
2026-09-18T02:14:33+00:00,364,623.00,588.00,628.00,484.00,457.00,484.00,457.00,2,Upper,143,22,588.00,2,34,39
2026-09-18T02:18:35+00:00,364,623.00,588.00,628.00,484.00,457.00,484.00,457.00,2,Upper,143,22,588.00,2,34,39
2026-09-18T02:22:36+00:00,364,623.00,588.00,628.00,484.00,457.00,484.00,457.00,2,Upper,143,22,588.00,2,34,39
2026-09-18T02:26:38+00:00,363,623.00,588.00,628.00,484.00,457.00,484.00,457.00,2,Upper,143,22,588.00,2,34,39
2026-09-18T02:30:40+00:00,364,623.00,588.00,628.00,484.00,457.00,484.00,457.00,2,Upper,143,22,588.00,2,34,39
2026-09-18T02:34:43+00:00,364,623.00,588.00,628.00,484.00,457.00,484.00,457.00,2,Upper,143,22,588.00,2,34,39
2026-09-18T02:38:44+00:00,364,623.00,588.00,628.00,484.00,457.00,484.00,457.00,2,Upper,143,22,588.00,2,34,39
2026-09-18T02:42:45+00:00,364,623.00,588.00,628.00,484.00,457.00,484.00,457.00,2,Upper,143,22,588.00,2,34,39
2026-09-18T02:46:46+00:00,364,623.00,588.00,628.00,484.00,457.00,484.00,457.00,2,Upper,143,22,588.00,2,34,39
2026-09-18T02:50:48+00:00,364,623.00,588.00,628.00,484.00,457.00,484.00,457.00,2,Upper,143,22,588.00,2,34,39
2026-09-18T02:54:49+00:00,364,623.00,588.00,628.00,484.00,457.00,484.00,457.00,2,Upper,143,22,588.00,2,34,39
2026-09-18T02:58:51+00:00,364,623.00,588.00,628.00,484.00,457.00,484.00,457.00,2,Upper,143,22,588.00,2,34,39
2026-09-18T03:02:52+00:00,363,623.00,588.00,628.00,484.00,457.00,484.00,457.00,2,Upper,143,22,588.00,2,34,39
2026-09-18T03:06:55+00:00,363,623.00,588.00,628.00,484.00,457.00,484.00,457.00,2,Upper,143,22,588.00,2,34,39
2026-09-18T03:10:57+00:00,364,623.00,588.00,628.00,484.00,457.00,484.00,457.00,2,Upper,143,22,588.00,2,34,39
2026-09-18T03:14:58+00:00,364,623.00,588.00,628.00,484.00,457.00,484.00,457.00,2,Upper,143,22,588.00,2,34,39
2026-09-18T03:18:59+00:00,364,623.00,588.00,628.00,484.00,457.00,484.00,457.00,2,Upper,143,22,588.00,2,34,39
2026-09-18T03:23:00+00:00,364,623.00,588.00,628.00,484.00,457.00,484.00,457.00,2,Upper,143,22,588.00,2,34,39
2026-09-18T03:27:02+00:00,364,623.00,588.00,628.00,484.00,457.00,484.00,457.00,2,Upper,143,22,588.00,2,34,39
2026-09-18T03:31:03+00:00,364,623.00,588.00,628.00,484.00,457.00,484.00,457.00,2,Upper,143,22,588.00,2,34,39
2026-09-18T03:35:05+00:00,364,623.00,588.00,628.00,484.00,457.00,484.00,457.00,2,Upper,143,22,588.00,2,34,39
2026-09-18T03:39:08+00:00,364,623.00,588.00,628.00,484.00,457.00,484.00,457.00,2,Upper,143,22,588.00,2,34,39
2026-09-18T03:43:09+00:00,364,623.00,588.00,628.00,484.00,457.00,484.00,457.00,2,Upper,143,22,588.00,2,34,39
2026-09-18T03:47:11+00:00,364,623.00,588.00,628.00,484.00,457.00,484.00,457.00,2,Upper,143,22,588.00,2,34,39
2026-09-18T03:51:13+00:00,365,623.00,588.00,628.00,484.00,457.00,484.00,457.00,2,Upper,143,22,588.00,2,34,39
2026-09-18T03:55:14+00:00,365,623.00,588.00,628.00,484.00,457.00,484.00,457.00,2,Upper,143,22,588.00,2,34,39
2026-09-18T03:59:16+00:00,365,623.00,588.00,628.00,484.00,457.00,484.00,457.00,2,Upper,143,22,588.00,2,34,39
2026-09-18T04:03:17+00:00,365,623.00,588.00,628.00,484.00,457.00,484.00,457.00,2,Upper,143,22,588.00,2,34,39
2026-09-18T04:07:19+00:00,365,623.00,588.00,628.00,484.00,457.00,484.00,457.00,2,Upper,143,22,588.00,2,34,39
2026-09-18T04:11:22+00:00,365,623.00,588.00,628.00,484.00,457.00,484.00,457.00,2,Upper,143,22,588.00,2,34,39
2026-09-18T04:15:24+00:00,365,623.00,588.00,628.00,484.00,457.00,484.00,457.00,2,Upper,143,22,588.00,2,34,39
2026-09-18T04:19:25+00:00,365,623.00,588.00,628.00,484.00,457.00,484.00,457.00,2,Upper,143,22,588.00,2,34,39
2026-09-18T04:23:27+00:00,365,623.00,588.00,628.00,484.00,457.00,484.00,457.00,2,Upper,143,22,588.00,2,34,39
2026-09-18T04:27:28+00:00,365,623.00,588.00,628.00,484.00,457.00,484.00,457.00,2,Upper,143,22,588.00,2,34,39
2026-09-18T04:31:30+00:00,365,623.00,588.00,628.00,484.00,457.00,484.00,457.00,2,Upper,143,22,588.00,2,34,39
2026-09-18T04:35:32+00:00,365,623.00,588.00,628.00,484.00,457.00,484.00,457.00,2,Upper,143,22,588.00,2,34,39
2026-09-18T04:39:33+00:00,365,623.00,588.00,628.00,484.00,457.00,484.00,457.00,2,Upper,143,22,588.00,2,34,39
2026-09-18T04:43:35+00:00,365,623.00,588.00,628.00,484.00,457.00,484.00,457.00,2,Upper,143,22,588.00,2,34,39
2026-09-18T04:47:37+00:00,364,623.00,588.00,628.00,484.00,457.00,484.00,457.00,2,Upper,143,22,588.00,2,34,39
2026-09-18T04:51:38+00:00,364,623.00,588.00,628.00,484.00,457.00,484.00,457.00,2,Upper,143,22,588.00,2,34,39
2026-09-18T04:55:40+00:00,364,623.00,588.00,628.00,484.00,457.00,484.00,457.00,2,Upper,143,22,588.00,2,34,39
2026-09-18T04:59:41+00:00,364,623.00,588.00,628.00,484.00,457.00,484.00,457.00,2,Upper,143,22,588.00,2,34,39
2026-09-18T05:03:42+00:00,364,623.00,588.00,628.00,484.00,457.00,484.00,457.00,2,Upper,143,22,588.00,2,34,39
2026-09-18T05:07:43+00:00,364,623.00,588.00,628.00,484.00,457.00,484.00,457.00,2,Upper,143,22,588.00,2,34,39
2026-09-18T05:11:45+00:00,364,623.00,588.00,628.00,484.00,457.00,484.00,457.00,2,Upper,143,22,588.00,2,34,39
2026-09-18T05:15:48+00:00,364,623.00,588.00,628.00,484.00,457.00,484.00,457.00,2,Upper,143,22,588.00,2,34,39
2026-09-18T05:19:50+00:00,363,623.00,588.00,628.00,484.00,457.00,484.00,457.00,2,Upper,143,22,588.00,2,34,39
2026-09-18T05:23:51+00:00,363,623.00,588.00,628.00,484.00,457.00,484.00,457.00,2,Upper,143,22,588.00,2,34,39
2026-09-18T05:27:53+00:00,363,623.00,588.00,628.00,484.00,457.00,484.00,457.00,2,Upper,143,22,588.00,2,34,39
2026-09-18T05:31:53+00:00,363,623.00,588.00,628.00,484.00,457.00,484.00,457.00,2,Upper,143,22,588.00,2,34,39
2026-09-18T05:35:54+00:00,363,623.00,588.00,628.00,484.00,457.00,484.00,457.00,2,Upper,143,22,588.00,2,34,39
2026-09-18T05:39:55+00:00,363,623.00,588.00,628.00,484.00,457.00,484.00,457.00,2,Upper,143,22,588.00,2,34,39
2026-09-18T05:43:56+00:00,363,623.00,588.00,628.00,484.00,457.00,484.00,457.00,2,Upper,143,22,588.00,2,34,39
2026-09-18T05:47:59+00:00,363,623.00,588.00,628.00,484.00,457.00,484.00,457.00,2,Upper,143,22,588.00,2,34,39
2026-09-18T05:52:01+00:00,363,623.00,588.00,628.00,484.00,457.00,484.00,457.00,2,Upper,143,22,588.00,2,34,39
2026-09-18T05:56:02+00:00,363,623.00,588.00,628.00,484.00,457.00,484.00,457.00,2,Upper,143,22,588.00,2,34,39
2026-09-18T06:00:04+00:00,363,623.00,588.00,628.00,484.00,457.00,484.00,457.00,2,Upper,143,22,588.00,2,34,39
2026-09-18T06:04:06+00:00,363,623.00,588.00,628.00,484.00,457.00,484.00,457.00,2,Upper,143,22,588.00,2,34,39
2026-09-18T06:08:07+00:00,363,623.00,588.00,628.00,484.00,457.00,484.00,457.00,2,Upper,143,22,588.00,2,34,39
2026-09-18T06:12:07+00:00,363,623.00,588.00,628.00,484.00,457.00,484.00,457.00,2,Upper,143,22,588.00,2,34,39
2026-09-18T06:16:09+00:00,363,623.00,588.00,628.00,484.00,457.00,484.00,457.00,2,Upper,143,22,588.00,2,34,39
2026-09-18T06:20:12+00:00,360,623.00,588.00,628.00,514.00,457.00,514.00,457.00,2,Upper,143,22,588.00,2,34,39
2026-09-18T06:24:13+00:00,360,623.00,588.00,628.00,514.00,457.00,514.00,457.00,2,Upper,143,22,588.00,2,34,39
2026-09-18T06:28:14+00:00,360,623.00,588.00,628.00,514.00,457.00,514.00,457.00,2,Upper,143,22,588.00,2,34,39
2026-09-18T06:32:26+00:00,363,623.00,588.00,628.00,514.00,457.00,514.00,457.00,2,Upper,143,22,588.00,2,34,39
2026-09-18T06:36:27+00:00,365,623.00,588.00,628.00,514.00,457.00,514.00,457.00,2,Upper,143,22,588.00,2,34,39
2026-09-18T06:40:29+00:00,365,623.00,588.00,628.00,514.00,457.00,514.00,457.00,2,Upper,143,22,588.00,2,34,39
2026-09-18T06:44:31+00:00,365,623.00,588.00,628.00,514.00,457.00,514.00,457.00,2,Upper,143,22,588.00,2,34,39
2026-09-18T06:48:31+00:00,365,623.00,588.00,628.00,514.00,457.00,514.00,457.00,2,Upper,143,22,588.00,2,34,39
2026-09-18T06:52:33+00:00,365,623.00,588.00,628.00,514.00,457.00,514.00,457.00,2,Upper,143,22,588.00,2,34,39
2026-09-18T06:56:34+00:00,366,623.00,588.00,628.00,514.00,457.00,514.00,457.00,2,Upper,143,22,588.00,2,34,39
2026-09-18T07:00:35+00:00,365,623.00,588.00,628.00,514.00,457.00,514.00,457.00,2,Upper,143,22,588.00,2,34,39
2026-09-18T07:04:39+00:00,365,623.00,588.00,628.00,514.00,457.00,514.00,457.00,2,Upper,143,22,588.00,2,34,39
2026-09-18T07:08:41+00:00,365,623.00,588.00,628.00,514.00,457.00,514.00,457.00,2,Upper,143,22,588.00,2,34,39
2026-09-18T07:12:42+00:00,365,623.00,588.00,628.00,514.00,457.00,514.00,457.00,2,Upper,143,22,588.00,2,34,39
2026-09-18T07:16:43+00:00,365,623.00,588.00,628.00,514.00,457.00,514.00,457.00,2,Upper,143,22,588.00,2,34,39
2026-09-18T07:20:45+00:00,363,623.00,588.00,628.00,514.00,457.00,514.00,457.00,2,Upper,143,22,588.00,2,34,39
2026-09-18T07:24:46+00:00,363,623.00,588.00,628.00,514.00,457.00,514.00,457.00,2,Upper,143,22,588.00,2,34,39
2026-09-18T07:28:48+00:00,363,623.00,588.00,628.00,514.00,457.00,514.00,457.00,2,Upper,143,22,588.00,2,34,39
2026-09-18T07:32:50+00:00,364,623.00,588.00,628.00,514.00,457.00,514.00,457.00,2,Upper,143,22,588.00,2,34,39
2026-09-18T07:36:54+00:00,364,623.00,588.00,628.00,514.00,457.00,514.00,457.00,2,Upper,143,22,588.00,2,34,39
2026-09-18T07:40:55+00:00,364,623.00,588.00,628.00,514.00,457.00,514.00,457.00,2,Upper,143,22,588.00,2,34,39
2026-09-18T07:44:57+00:00,364,623.00,588.00,628.00,514.00,457.00,514.00,457.00,2,Upper,143,22,588.00,2,34,39
2026-09-18T07:48:57+00:00,364,623.00,588.00,628.00,514.00,457.00,514.00,457.00,2,Upper,143,22,588.00,2,34,39
2026-09-18T07:52:58+00:00,364,623.00,588.00,628.00,514.00,457.00,514.00,457.00,2,Upper,143,22,588.00,2,34,39
2026-09-18T07:57:00+00:00,364,623.00,588.00,628.00,514.00,457.00,514.00,457.00,2,Upper,143,22,588.00,2,34,39
2026-09-18T08:01:02+00:00,364,623.00,588.00,628.00,514.00,457.00,514.00,457.00,2,Upper,143,22,588.00,2,34,39
2026-09-18T08:05:04+00:00,364,623.00,588.00,628.00,514.00,457.00,514.00,457.00,2,Upper,143,22,588.00,2,34,39
2026-09-18T08:09:06+00:00,364,623.00,588.00,628.00,514.00,457.00,514.00,457.00,2,Upper,143,22,588.00,2,34,39
2026-09-18T08:13:06+00:00,364,623.00,588.00,628.00,514.00,457.00,514.00,457.00,2,Upper,143,22,588.00,2,34,39
2026-09-18T08:17:08+00:00,364,623.00,588.00,628.00,514.00,457.00,514.00,457.00,2,Upper,143,22,588.00,2,34,39
2026-09-18T08:21:10+00:00,364,623.00,588.00,628.00,514.00,457.00,514.00,457.00,2,Upper,143,22,588.00,2,34,39
2026-09-18T08:25:10+00:00,364,623.00,588.00,628.00,514.00,457.00,514.00,457.00,2,Upper,143,22,588.00,2,34,39
2026-09-18T08:29:10+00:00,364,623.00,588.00,628.00,514.00,457.00,514.00,457.00,2,Upper,143,22,588.00,2,34,39
2026-09-18T08:33:12+00:00,364,623.00,588.00,628.00,514.00,457.00,514.00,457.00,2,Upper,143,22,588.00,2,34,39
2026-09-18T08:37:13+00:00,364,623.00,588.00,628.00,514.00,457.00,514.00,457.00,2,Upper,143,22,588.00,2,34,39
2026-09-18T08:41:15+00:00,364,623.00,588.00,628.00,514.00,457.00,514.00,457.00,2,Upper,143,22,588.00,2,34,39
2026-09-18T08:45:17+00:00,364,623.00,588.00,628.00,514.00,457.00,514.00,457.00,2,Upper,143,22,588.00,2,34,39
2026-09-18T08:49:17+00:00,364,623.00,588.00,628.00,514.00,457.00,514.00,457.00,2,Upper,143,22,588.00,2,34,39
2026-09-18T08:53:19+00:00,364,623.00,588.00,628.00,514.00,457.00,514.00,457.00,2,Upper,143,22,588.00,2,34,39
2026-09-18T08:57:20+00:00,364,623.00,588.00,628.00,514.00,457.00,514.00,457.00,2,Upper,143,22,588.00,2,34,39
2026-09-18T09:01:21+00:00,363,623.00,588.00,628.00,514.00,457.00,514.00,457.00,2,Upper,143,22,588.00,2,34,39
2026-09-18T09:05:23+00:00,363,623.00,588.00,628.00,514.00,457.00,514.00,457.00,2,Upper,143,22,588.00,2,34,39
2026-09-18T09:09:25+00:00,363,623.00,588.00,628.00,514.00,457.00,514.00,457.00,2,Upper,143,22,588.00,2,34,39
2026-09-18T09:13:27+00:00,363,623.00,588.00,628.00,514.00,457.00,514.00,457.00,2,Upper,143,22,588.00,2,34,39
2026-09-18T09:17:29+00:00,363,623.00,588.00,628.00,514.00,457.00,514.00,457.00,2,Upper,143,22,588.00,2,34,39
2026-09-18T09:21:29+00:00,363,623.00,588.00,628.00,514.00,457.00,514.00,457.00,2,Upper,143,22,588.00,2,34,39
2026-09-18T09:25:31+00:00,363,623.00,588.00,628.00,514.00,457.00,514.00,457.00,2,Upper,143,22,588.00,2,34,39
2026-09-18T09:29:32+00:00,363,623.00,588.00,628.00,514.00,457.00,514.00,457.00,2,Upper,143,22,588.00,2,34,39
2026-09-18T09:33:32+00:00,363,623.00,588.00,628.00,514.00,457.00,514.00,457.00,2,Upper,143,22,588.00,2,34,39
2026-09-18T09:37:34+00:00,363,623.00,588.00,628.00,514.00,457.00,514.00,457.00,2,Upper,143,22,588.00,2,34,39
2026-09-18T09:41:36+00:00,363,623.00,588.00,628.00,514.00,457.00,514.00,457.00,2,Upper,143,22,588.00,2,34,39
2026-09-18T09:45:39+00:00,363,623.00,588.00,628.00,514.00,457.00,514.00,457.00,2,Upper,143,22,588.00,2,34,39
2026-09-18T09:49:40+00:00,363,623.00,588.00,628.00,514.00,457.00,514.00,457.00,2,Upper,143,22,588.00,2,34,39
2026-09-18T09:53:41+00:00,363,623.00,588.00,628.00,514.00,457.00,514.00,457.00,2,Upper,143,22,588.00,2,34,39
2026-09-18T09:57:42+00:00,363,623.00,588.00,628.00,514.00,457.00,514.00,457.00,2,Upper,143,22,588.00,2,34,39
2026-09-18T10:01:42+00:00,363,623.00,588.00,628.00,514.00,457.00,514.00,457.00,2,Upper,143,22,588.00,2,34,39
2026-09-18T10:05:44+00:00,364,623.00,588.00,628.00,514.00,457.00,514.00,457.00,2,Upper,143,22,588.00,2,34,39
2026-09-18T10:09:46+00:00,364,623.00,588.00,628.00,514.00,457.00,514.00,457.00,2,Upper,143,22,588.00,2,34,39
2026-09-18T10:13:48+00:00,364,623.00,588.00,628.00,514.00,457.00,514.00,457.00,2,Upper,143,22,588.00,2,34,39
2026-09-18T10:17:51+00:00,364,623.00,588.00,628.00,514.00,457.00,514.00,457.00,2,Upper,143,22,588.00,2,34,39
2026-09-18T10:21:52+00:00,364,623.00,588.00,628.00,514.00,457.00,514.00,457.00,2,Upper,143,22,588.00,2,34,39
2026-09-18T10:25:52+00:00,364,623.00,588.00,628.00,514.00,457.00,514.00,457.00,2,Upper,143,22,588.00,2,34,39
2026-09-18T10:29:54+00:00,364,623.00,588.00,628.00,514.00,457.00,514.00,457.00,2,Upper,143,22,588.00,2,34,39
2026-09-18T10:33:56+00:00,364,623.00,588.00,628.00,514.00,457.00,514.00,457.00,2,Upper,143,22,588.00,2,34,39
2026-09-18T10:37:57+00:00,364,623.00,588.00,628.00,514.00,457.00,514.00,457.00,2,Upper,143,22,588.00,2,34,39
2026-09-18T10:41:59+00:00,364,623.00,588.00,628.00,514.00,457.00,514.00,457.00,2,Upper,143,22,588.00,2,34,39
2026-09-18T10:45:59+00:00,363,623.00,588.00,628.00,514.00,457.00,514.00,457.00,2,Upper,143,22,588.00,2,34,39
2026-09-18T10:50:03+00:00,363,623.00,588.00,628.00,514.00,457.00,514.00,457.00,2,Upper,143,22,588.00,2,34,39
2026-09-18T10:54:03+00:00,363,623.00,588.00,628.00,514.00,457.00,514.00,457.00,2,Upper,143,22,588.00,2,34,39
2026-09-18T10:58:04+00:00,363,623.00,588.00,628.00,514.00,457.00,514.00,457.00,2,Upper,143,22,588.00,2,34,39
2026-09-18T11:02:05+00:00,363,623.00,588.00,628.00,514.00,457.00,514.00,457.00,2,Upper,143,22,588.00,2,34,39
2026-09-18T11:06:07+00:00,363,623.00,588.00,628.00,514.00,457.00,514.00,457.00,2,Upper,143,22,588.00,2,34,39
2026-09-18T11:10:09+00:00,363,623.00,588.00,628.00,514.00,457.00,514.00,457.00,2,Upper,143,22,588.00,2,34,39
2026-09-18T11:14:11+00:00,363,623.00,588.00,628.00,514.00,457.00,514.00,457.00,2,Upper,143,22,588.00,2,34,39
2026-09-18T11:18:13+00:00,363,623.00,588.00,628.00,514.00,457.00,514.00,457.00,2,Upper,143,22,588.00,2,34,39
2026-09-18T11:22:16+00:00,363,623.00,588.00,628.00,514.00,457.00,514.00,457.00,2,Upper,143,22,588.00,2,34,39
2026-09-18T11:26:18+00:00,363,623.00,588.00,628.00,514.00,457.00,514.00,457.00,2,Upper,143,22,588.00,2,34,39
2026-09-18T11:30:20+00:00,363,623.00,588.00,628.00,514.00,457.00,514.00,457.00,2,Upper,143,22,588.00,2,34,39
2026-09-18T11:34:32+00:00,363,623.00,588.00,628.00,514.00,457.00,514.00,457.00,2,Upper,143,22,588.00,2,34,39
2026-09-18T11:38:34+00:00,363,623.00,588.00,628.00,514.00,457.00,514.00,457.00,2,Upper,143,22,588.00,2,34,39
2026-09-18T11:42:36+00:00,363,623.00,588.00,628.00,514.00,457.00,514.00,457.00,2,Upper,143,22,588.00,2,34,39
2026-09-18T11:46:37+00:00,363,623.00,588.00,628.00,514.00,457.00,514.00,457.00,2,Upper,143,22,588.00,2,34,39
2026-09-18T11:50:37+00:00,359,623.00,588.00,628.00,514.00,457.00,514.00,457.00,2,Upper,143,22,588.00,2,34,39
2026-09-18T11:54:39+00:00,359,623.00,588.00,628.00,514.00,457.00,514.00,457.00,2,Upper,143,22,588.00,2,34,39
2026-09-18T11:58:40+00:00,359,623.00,588.00,628.00,514.00,457.00,514.00,457.00,2,Upper,143,22,588.00,2,34,39
2026-09-18T12:02:41+00:00,363,623.00,588.00,628.00,514.00,457.00,514.00,457.00,2,Upper,143,22,588.00,2,34,39
2026-09-18T12:06:43+00:00,363,623.00,588.00,628.00,514.00,457.00,514.00,457.00,2,Upper,143,22,588.00,2,34,39
2026-09-18T12:10:45+00:00,363,623.00,588.00,628.00,514.00,457.00,514.00,457.00,2,Upper,143,22,588.00,2,34,39
2026-09-18T12:14:47+00:00,363,623.00,588.00,628.00,514.00,457.00,514.00,457.00,2,Upper,143,22,588.00,2,34,39
2026-09-18T12:18:48+00:00,363,623.00,588.00,628.00,514.00,457.00,514.00,457.00,2,Upper,143,22,588.00,2,34,39
2026-09-18T12:22:50+00:00,365,623.00,588.00,628.00,514.00,457.00,514.00,457.00,2,Upper,143,22,588.00,2,34,39
2026-09-18T12:26:52+00:00,365,623.00,588.00,628.00,514.00,457.00,514.00,457.00,2,Upper,143,22,588.00,2,34,39
2026-09-18T12:30:53+00:00,362,623.00,588.00,628.00,514.00,457.00,514.00,457.00,2,Upper,143,22,588.00,2,34,39
2026-09-18T12:34:55+00:00,362,623.00,588.00,628.00,514.00,457.00,514.00,457.00,2,Upper,143,22,588.00,2,34,39
2026-09-18T12:38:58+00:00,362,623.00,588.00,628.00,514.00,457.00,514.00,457.00,2,Upper,143,22,588.00,2,34,39
2026-09-18T12:42:59+00:00,362,623.00,588.00,628.00,514.00,457.00,514.00,457.00,2,Upper,143,22,588.00,2,34,39
2026-09-18T12:47:01+00:00,362,623.00,588.00,628.00,514.00,457.00,514.00,457.00,2,Upper,143,22,588.00,2,34,39
2026-09-18T12:51:01+00:00,362,623.00,588.00,628.00,514.00,457.00,514.00,457.00,2,Upper,143,22,588.00,2,34,39
2026-09-18T12:55:01+00:00,362,623.00,588.00,628.00,514.00,457.00,514.00,457.00,2,Upper,143,22,588.00,2,34,39
2026-09-18T12:59:03+00:00,362,623.00,588.00,628.00,514.00,457.00,514.00,457.00,2,Upper,143,22,588.00,2,34,39
2026-09-18T13:03:04+00:00,364,623.00,588.00,628.00,514.00,457.00,514.00,457.00,2,Upper,143,22,588.00,2,34,39
2026-09-18T13:07:06+00:00,364,623.00,588.00,628.00,514.00,457.00,514.00,457.00,2,Upper,143,22,588.00,2,34,39
2026-09-18T13:11:08+00:00,365,623.00,588.00,628.00,514.00,457.00,514.00,457.00,2,Upper,143,22,588.00,2,34,39
2026-09-18T13:15:09+00:00,364,623.00,588.00,628.00,514.00,457.00,514.00,457.00,2,Upper,143,22,588.00,2,34,39
2026-09-18T13:19:11+00:00,364,623.00,588.00,628.00,514.00,457.00,514.00,457.00,2,Upper,143,22,588.00,2,34,39
2026-09-18T13:23:12+00:00,364,623.00,588.00,628.00,514.00,457.00,514.00,457.00,2,Upper,143,22,588.00,2,34,39
2026-09-18T13:27:14+00:00,366,623.00,588.00,628.00,514.00,457.00,514.00,457.00,2,Upper,143,22,588.00,2,34,39
2026-09-18T13:31:16+00:00,366,623.00,588.00,628.00,514.00,457.00,514.00,457.00,2,Upper,143,22,588.00,2,34,39
2026-09-18T13:35:17+00:00,366,623.00,588.00,628.00,514.00,457.00,514.00,457.00,2,Upper,143,22,588.00,2,34,39
2026-09-18T13:39:19+00:00,370,623.00,588.00,628.00,514.00,457.00,514.00,457.00,2,Upper,143,22,588.00,2,34,39
2026-09-18T13:43:22+00:00,366,623.00,588.00,628.00,514.00,457.00,514.00,457.00,2,Upper,143,22,588.00,2,34,39
2026-09-18T13:47:23+00:00,366,623.00,588.00,628.00,514.00,457.00,514.00,457.00,2,Upper,143,22,588.00,2,34,39
2026-09-18T13:51:25+00:00,367,623.00,588.00,628.00,514.00,457.00,514.00,457.00,2,Upper,143,22,588.00,2,34,39
2026-09-18T13:55:27+00:00,367,623.00,588.00,628.00,514.00,457.00,514.00,457.00,2,Upper,143,22,588.00,2,34,39
2026-09-18T13:59:28+00:00,367,623.00,588.00,628.00,514.00,457.00,514.00,457.00,2,Upper,143,22,588.00,2,34,39
2026-09-18T14:03:30+00:00,367,623.00,588.00,628.00,514.00,457.00,514.00,457.00,2,Upper,143,22,588.00,2,34,39
2026-09-18T14:07:31+00:00,369,623.00,588.00,628.00,514.00,457.00,514.00,457.00,2,Upper,143,22,588.00,2,34,39
2026-09-18T14:11:33+00:00,369,623.00,588.00,628.00,514.00,457.00,514.00,457.00,2,Upper,143,22,588.00,2,34,39
2026-09-18T14:15:35+00:00,362,623.00,594.00,628.00,514.00,457.00,514.00,457.00,2,Upper,143,22,594.00,2,33,45
2026-09-18T14:19:36+00:00,363,623.00,588.00,628.00,514.00,453.00,514.00,453.00,2,Upper,119,21,588.00,2,34,39
2026-09-18T14:23:38+00:00,366,623.00,588.00,628.00,510.00,453.00,510.00,453.00,2,Upper,119,21,588.00,2,34,39
2026-09-18T14:27:40+00:00,366,623.00,588.00,628.00,510.00,453.00,510.00,453.00,2,Upper,119,21,588.00,2,34,39
2026-09-18T14:31:41+00:00,370,623.00,588.00,628.00,510.00,457.00,510.00,457.00,2,Upper,143,22,588.00,2,34,39
2026-09-18T14:35:43+00:00,372,623.00,588.00,628.00,510.00,457.00,479.00,457.00,2,Upper,143,22,588.00,2,34,39
2026-09-18T14:39:44+00:00,371,623.00,588.00,628.00,510.00,457.00,479.00,457.00,2,Upper,143,22,588.00,2,34,39
2026-09-18T14:43:46+00:00,371,623.00,588.00,628.00,510.00,457.00,479.00,457.00,2,Upper,143,22,588.00,2,34,39
2026-09-18T14:47:49+00:00,373,623.00,588.00,628.00,510.00,457.00,479.00,457.00,2,Upper,143,22,588.00,2,34,39
2026-09-18T14:51:51+00:00,372,623.00,588.00,628.00,510.00,457.00,510.00,457.00,2,Upper,143,22,588.00,2,34,39
2026-09-18T14:55:53+00:00,372,623.00,588.00,628.00,510.00,457.00,510.00,457.00,2,Upper,143,22,588.00,2,34,39
2026-09-18T14:59:54+00:00,369,623.00,588.00,628.00,510.00,457.00,510.00,457.00,2,Upper,143,22,588.00,2,34,39
2026-09-18T15:03:56+00:00,374,623.00,588.00,628.00,510.00,457.00,510.00,457.00,2,Upper,143,22,588.00,2,34,39
2026-09-18T15:07:57+00:00,374,623.00,588.00,628.00,510.00,457.00,510.00,457.00,2,Upper,143,22,588.00,2,34,39
2026-09-18T15:11:58+00:00,374,623.00,588.00,628.00,510.00,457.00,510.00,457.00,2,Upper,143,22,588.00,2,34,39
2026-09-18T15:15:59+00:00,372,623.00,588.00,628.00,510.00,457.00,510.00,457.00,2,Upper,143,22,588.00,2,34,39
2026-09-18T15:20:03+00:00,371,623.00,588.00,628.00,510.00,457.00,510.00,457.00,2,Upper,143,22,588.00,2,34,39
2026-09-18T15:24:04+00:00,371,623.00,588.00,628.00,510.00,457.00,510.00,457.00,2,Upper,143,22,588.00,2,34,39
2026-09-18T15:28:06+00:00,370,623.00,588.00,628.00,510.00,457.00,510.00,457.00,2,Upper,143,22,588.00,2,34,39
2026-09-18T15:32:07+00:00,370,623.00,588.00,628.00,510.00,457.00,510.00,457.00,2,Upper,143,22,588.00,2,34,39
2026-09-18T15:36:09+00:00,370,623.00,588.00,628.00,510.00,457.00,510.00,457.00,2,Upper,143,22,588.00,2,34,39
2026-09-18T15:40:10+00:00,370,623.00,588.00,628.00,510.00,457.00,510.00,457.00,2,Upper,143,22,588.00,2,34,39
2026-09-18T15:44:12+00:00,369,623.00,588.00,628.00,510.00,457.00,510.00,457.00,2,Upper,143,22,588.00,2,34,39
2026-09-18T15:48:13+00:00,370,623.00,588.00,628.00,510.00,457.00,510.00,457.00,2,Upper,143,22,588.00,2,34,39
2026-09-18T15:52:16+00:00,370,623.00,588.00,628.00,510.00,457.00,510.00,457.00,2,Upper,143,22,588.00,2,34,39
2026-09-18T15:56:18+00:00,371,623.00,588.00,628.00,510.00,457.00,510.00,457.00,2,Upper,143,22,588.00,2,34,39
2026-09-18T16:00:20+00:00,372,623.00,588.00,628.00,510.00,457.00,456.00,456.00,3,Upper,136,23,588.00,2,34,39
2026-09-18T16:04:21+00:00,372,623.00,588.00,628.00,510.00,457.00,456.00,456.00,3,Upper,136,23,588.00,2,34,39
2026-09-18T16:08:23+00:00,370,623.00,588.00,628.00,510.00,457.00,456.00,456.00,3,Upper,136,23,588.00,2,34,39
2026-09-18T16:12:24+00:00,371,623.00,588.00,628.00,510.00,457.00,456.00,456.00,3,Upper,136,23,588.00,2,34,39
2026-09-18T16:16:26+00:00,372,623.00,588.00,628.00,510.00,457.00,456.00,456.00,3,Upper,136,23,588.00,2,34,39
2026-09-18T16:20:28+00:00,372,623.00,588.00,628.00,510.00,457.00,456.00,456.00,3,Upper,136,23,588.00,2,34,39
2026-09-18T16:24:31+00:00,372,623.00,588.00,628.00,510.00,457.00,456.00,456.00,3,Upper,136,23,588.00,2,34,39
2026-09-18T16:28:33+00:00,370,623.00,588.00,628.00,510.00,457.00,456.00,456.00,3,Upper,136,23,588.00,2,34,39
2026-09-18T16:32:34+00:00,370,623.00,588.00,628.00,510.00,457.00,456.00,456.00,3,Upper,136,23,588.00,2,34,39
2026-09-18T16:36:46+00:00,369,623.00,588.00,628.00,510.00,457.00,456.00,456.00,3,Upper,136,23,588.00,2,34,39
2026-09-18T16:40:48+00:00,369,623.00,588.00,628.00,510.00,457.00,456.00,456.00,3,Upper,136,23,588.00,2,34,39
2026-09-18T16:44:49+00:00,369,623.00,588.00,628.00,510.00,457.00,456.00,456.00,3,Upper,136,23,588.00,2,34,39
2026-09-18T16:48:51+00:00,371,623.00,588.00,628.00,510.00,457.00,456.00,456.00,3,Upper,136,23,588.00,2,34,39
2026-09-18T16:52:53+00:00,371,623.00,588.00,628.00,510.00,457.00,456.00,456.00,3,Upper,136,23,588.00,2,34,39
2026-09-18T16:56:54+00:00,369,623.00,588.00,628.00,510.00,457.00,456.00,456.00,3,Upper,136,23,588.00,2,34,39
2026-09-18T17:00:56+00:00,369,623.00,588.00,628.00,510.00,457.00,456.00,456.00,3,Upper,136,23,588.00,2,34,39
2026-09-18T17:04:57+00:00,373,623.00,588.00,628.00,510.00,457.00,456.00,456.00,3,Upper,136,23,588.00,2,34,39
2026-09-18T17:09:00+00:00,375,623.00,588.00,628.00,510.00,457.00,456.00,456.00,3,Upper,136,23,588.00,2,34,39
2026-09-18T17:13:02+00:00,375,623.00,588.00,628.00,510.00,457.00,456.00,456.00,3,Upper,136,23,588.00,2,34,39
2026-09-18T17:17:03+00:00,377,623.00,588.00,628.00,510.00,457.00,456.00,456.00,3,Upper,136,23,588.00,2,34,39
2026-09-18T17:21:05+00:00,375,623.00,588.00,628.00,510.00,457.00,456.00,456.00,3,Upper,136,23,588.00,2,34,39
2026-09-18T17:25:07+00:00,371,623.00,588.00,628.00,510.00,457.00,456.00,456.00,3,Upper,136,23,588.00,2,34,39
2026-09-18T17:29:08+00:00,370,623.00,588.00,628.00,502.00,457.00,456.00,456.00,3,Upper,136,23,588.00,2,34,39
2026-09-18T17:33:10+00:00,369,623.00,588.00,628.00,502.00,457.00,456.00,456.00,3,Upper,136,23,588.00,2,34,39
2026-09-18T17:37:11+00:00,369,623.00,588.00,628.00,502.00,457.00,456.00,456.00,3,Upper,136,23,588.00,2,34,39
2026-09-18T17:41:14+00:00,369,623.00,588.00,628.00,502.00,457.00,456.00,456.00,3,Upper,136,23,588.00,2,34,39
2026-09-18T17:45:16+00:00,369,623.00,588.00,628.00,502.00,457.00,456.00,456.00,3,Upper,136,23,588.00,2,34,39
2026-09-18T17:49:18+00:00,370,623.00,588.00,628.00,502.00,457.00,456.00,456.00,3,Upper,136,23,588.00,2,34,39
2026-09-18T17:53:19+00:00,369,623.00,588.00,628.00,502.00,457.00,456.00,456.00,3,Upper,136,23,588.00,2,34,39
2026-09-18T17:57:21+00:00,369,623.00,588.00,628.00,502.00,457.00,456.00,456.00,3,Upper,136,23,588.00,2,34,39
2026-09-18T18:01:23+00:00,370,623.00,588.00,628.00,502.00,457.00,456.00,456.00,3,Upper,136,23,588.00,2,34,39
2026-09-18T18:05:25+00:00,369,623.00,588.00,628.00,502.00,457.00,456.00,456.00,3,Upper,136,23,588.00,2,34,39
2026-09-18T18:09:26+00:00,369,623.00,588.00,628.00,502.00,457.00,456.00,456.00,3,Upper,136,23,588.00,2,34,39
2026-09-18T18:13:29+00:00,369,623.00,588.00,628.00,502.00,457.00,456.00,456.00,3,Upper,136,23,588.00,2,34,39
2026-09-18T18:17:31+00:00,369,623.00,588.00,628.00,502.00,457.00,456.00,456.00,3,Upper,136,23,588.00,2,34,39
2026-09-18T18:21:32+00:00,370,623.00,588.00,628.00,502.00,457.00,456.00,456.00,3,Upper,136,23,588.00,2,34,39
2026-09-18T18:25:34+00:00,370,623.00,588.00,628.00,502.00,457.00,456.00,456.00,3,Upper,136,23,588.00,2,34,39
2026-09-18T18:29:36+00:00,370,623.00,588.00,628.00,502.00,457.00,456.00,456.00,3,Upper,136,23,588.00,2,34,39
2026-09-18T18:33:37+00:00,370,623.00,588.00,628.00,502.00,457.00,456.00,456.00,3,Upper,136,23,588.00,2,34,39
2026-09-18T18:37:39+00:00,370,623.00,588.00,628.00,502.00,457.00,456.00,456.00,3,Upper,136,23,588.00,2,34,39
2026-09-18T18:41:40+00:00,370,623.00,588.00,628.00,502.00,443.00,456.00,443.00,2,Upper,138,12,588.00,2,34,39
2026-09-18T18:45:43+00:00,370,623.00,588.00,628.00,502.00,443.00,456.00,443.00,2,Upper,138,12,588.00,2,34,39
2026-09-18T18:49:45+00:00,364,623.00,588.00,628.00,502.00,443.00,456.00,443.00,2,Upper,138,12,588.00,2,34,39
2026-09-18T18:53:46+00:00,364,623.00,588.00,628.00,502.00,443.00,456.00,443.00,2,Upper,138,12,588.00,2,34,39
2026-09-18T18:57:48+00:00,363,623.00,588.00,628.00,502.00,443.00,456.00,443.00,2,Upper,138,12,588.00,2,34,39
2026-09-18T19:01:49+00:00,363,623.00,588.00,628.00,502.00,443.00,456.00,443.00,2,Upper,138,12,588.00,2,34,39
2026-09-18T19:05:51+00:00,369,623.00,588.00,628.00,502.00,443.00,456.00,443.00,2,Upper,138,12,588.00,2,34,39
2026-09-18T19:09:53+00:00,374,623.00,588.00,628.00,502.00,443.00,456.00,443.00,2,Upper,138,12,588.00,2,34,39
2026-09-18T19:13:54+00:00,373,623.00,588.00,628.00,502.00,443.00,456.00,443.00,2,Upper,138,12,588.00,2,34,39
2026-09-18T19:17:57+00:00,373,623.00,588.00,628.00,502.00,443.00,456.00,443.00,2,Upper,138,12,588.00,2,34,39
2026-09-18T19:21:59+00:00,372,623.00,588.00,628.00,502.00,443.00,456.00,443.00,2,Upper,138,12,588.00,2,34,39
2026-09-18T19:26:00+00:00,372,623.00,588.00,628.00,502.00,443.00,456.00,443.00,2,Upper,138,12,588.00,2,34,39
2026-09-18T19:30:02+00:00,371,623.00,588.00,628.00,502.00,443.00,456.00,443.00,2,Upper,138,12,588.00,2,34,39
2026-09-18T19:34:03+00:00,372,623.00,588.00,628.00,502.00,443.00,456.00,443.00,2,Upper,138,12,588.00,2,34,39
2026-09-18T19:38:05+00:00,373,623.00,588.00,628.00,502.00,443.00,456.00,443.00,2,Upper,138,12,588.00,2,34,39
2026-09-18T19:42:07+00:00,375,623.00,588.00,628.00,502.00,443.00,456.00,443.00,2,Upper,138,12,588.00,2,34,39
2026-09-18T19:46:08+00:00,375,623.00,588.00,628.00,502.00,443.00,456.00,443.00,2,Upper,138,12,588.00,2,34,39
2026-09-18T19:50:11+00:00,372,623.00,588.00,628.00,502.00,443.00,456.00,443.00,2,Upper,138,12,588.00,2,34,39
2026-09-18T19:54:13+00:00,371,623.00,588.00,628.00,502.00,443.00,456.00,443.00,2,Upper,138,12,588.00,2,34,39
2026-09-18T19:58:14+00:00,373,623.00,588.00,628.00,502.00,443.00,456.00,443.00,2,Upper,138,12,588.00,2,34,39
2026-09-18T20:02:16+00:00,372,623.00,588.00,628.00,502.00,443.00,456.00,443.00,2,Upper,138,12,588.00,2,34,39
2026-09-18T20:06:18+00:00,374,623.00,588.00,628.00,502.00,443.00,456.00,443.00,2,Upper,138,12,588.00,2,34,39
2026-09-18T20:10:19+00:00,374,623.00,588.00,628.00,502.00,443.00,456.00,443.00,2,Upper,138,12,588.00,2,34,39
2026-09-18T20:14:21+00:00,374,623.00,588.00,628.00,502.00,443.00,456.00,443.00,2,Upper,138,12,588.00,2,34,39
2026-09-18T20:18:22+00:00,374,623.00,588.00,628.00,502.00,443.00,456.00,443.00,2,Upper,138,12,588.00,2,34,39
2026-09-18T20:22:25+00:00,371,623.00,588.00,628.00,502.00,443.00,456.00,443.00,2,Upper,138,12,588.00,2,34,39
2026-09-18T20:26:27+00:00,371,623.00,588.00,628.00,502.00,443.00,456.00,443.00,2,Upper,138,12,588.00,2,34,39
2026-09-18T20:30:29+00:00,375,623.00,588.00,628.00,491.00,443.00,456.00,443.00,2,Upper,138,12,588.00,2,34,39
2026-09-18T20:34:30+00:00,379,623.00,588.00,628.00,491.00,443.00,456.00,443.00,2,Upper,138,12,588.00,2,34,39
2026-09-18T20:38:32+00:00,377,623.00,588.00,628.00,491.00,443.00,456.00,443.00,2,Upper,138,12,588.00,2,34,39
2026-09-18T20:42:34+00:00,377,623.00,588.00,628.00,491.00,443.00,456.00,443.00,2,Upper,138,12,588.00,2,34,39
2026-09-18T20:46:35+00:00,377,623.00,588.00,628.00,491.00,443.00,456.00,443.00,2,Upper,138,12,588.00,2,34,39
2026-09-18T20:50:37+00:00,377,623.00,588.00,628.00,491.00,443.00,456.00,443.00,2,Upper,138,12,588.00,2,34,39
2026-09-18T20:54:40+00:00,377,623.00,588.00,628.00,491.00,443.00,456.00,443.00,2,Upper,138,12,588.00,2,34,39
2026-09-18T20:58:41+00:00,377,623.00,588.00,628.00,491.00,443.00,456.00,443.00,2,Upper,138,12,588.00,2,34,39
2026-09-18T21:02:43+00:00,368,623.00,588.00,628.00,491.00,443.00,456.00,443.00,2,Upper,138,12,588.00,2,34,39
2026-09-18T21:06:44+00:00,368,623.00,588.00,628.00,491.00,443.00,472.00,443.00,2,Upper,138,12,588.00,2,34,39
2026-09-18T21:10:46+00:00,370,623.00,588.00,628.00,491.00,443.00,472.00,443.00,2,Upper,138,12,588.00,2,34,39
2026-09-18T21:14:48+00:00,370,623.00,588.00,628.00,491.00,443.00,445.00,443.00,2,Upper,138,12,588.00,2,34,39
2026-09-18T21:18:49+00:00,370,623.00,588.00,628.00,491.00,443.00,445.00,443.00,2,Upper,138,12,588.00,2,34,39
2026-09-18T21:22:51+00:00,369,623.00,588.00,628.00,491.00,443.00,445.00,443.00,2,Upper,138,12,588.00,2,34,39
2026-09-18T21:26:54+00:00,373,623.00,594.00,628.00,491.00,443.00,445.00,443.00,2,Upper,138,12,594.00,2,33,45
2026-09-18T21:30:56+00:00,373,623.00,594.00,628.00,491.00,443.00,445.00,443.00,2,Upper,138,12,594.00,2,33,45
2026-09-18T21:34:57+00:00,374,623.00,594.00,628.00,491.00,443.00,445.00,443.00,2,Upper,138,12,594.00,2,33,45
2026-09-19T02:41:34+00:00,371,626.00,588.00,628.00,491.00,459.00,491.00,459.00,2,Upper,142,25,588.00,2,34,39
2026-09-19T02:45:36+00:00,370,626.00,588.00,628.00,491.00,459.00,491.00,459.00,2,Upper,142,25,588.00,2,34,39
2026-09-19T02:49:37+00:00,368,626.00,588.00,628.00,480.00,459.00,480.00,459.00,2,Upper,142,25,588.00,2,34,39
2026-09-19T02:53:39+00:00,368,626.00,588.00,628.00,480.00,459.00,480.00,459.00,2,Upper,142,25,588.00,2,34,39
2026-09-19T02:57:41+00:00,370,626.00,588.00,628.00,480.00,459.00,480.00,459.00,2,Upper,142,25,588.00,2,34,39
2026-09-19T03:01:42+00:00,366,626.00,588.00,628.00,480.00,459.00,480.00,459.00,2,Upper,142,25,588.00,2,34,39
2026-09-19T03:05:44+00:00,366,626.00,588.00,628.00,480.00,459.00,480.00,459.00,2,Upper,142,25,588.00,2,34,39
2026-09-19T03:09:46+00:00,366,626.00,588.00,628.00,480.00,459.00,480.00,459.00,2,Upper,142,25,588.00,2,34,39
2026-09-19T03:13:48+00:00,366,626.00,588.00,628.00,480.00,459.00,480.00,459.00,2,Upper,142,25,588.00,2,34,39
2026-09-19T03:17:50+00:00,366,626.00,588.00,628.00,480.00,459.00,480.00,459.00,2,Upper,142,25,588.00,2,34,39
2026-09-19T03:21:52+00:00,366,626.00,588.00,628.00,480.00,459.00,480.00,459.00,2,Upper,142,25,588.00,2,34,39
2026-09-19T03:25:53+00:00,366,626.00,588.00,628.00,480.00,459.00,480.00,459.00,2,Upper,142,25,588.00,2,34,39
2026-09-19T03:29:55+00:00,366,626.00,588.00,628.00,480.00,459.00,480.00,459.00,2,Upper,142,25,588.00,2,34,39
2026-09-19T03:33:57+00:00,366,626.00,588.00,628.00,480.00,459.00,480.00,459.00,2,Upper,142,25,588.00,2,34,39
2026-09-19T03:37:58+00:00,367,623.00,594.00,628.00,480.00,459.00,480.00,459.00,2,Upper,142,25,594.00,2,33,45
2026-09-19T03:42:00+00:00,367,623.00,594.00,628.00,480.00,459.00,480.00,459.00,2,Upper,142,25,594.00,2,33,45
2026-09-19T03:46:03+00:00,367,626.00,594.00,628.00,480.00,459.00,480.00,459.00,2,Upper,142,25,594.00,2,33,45
2026-09-19T03:50:04+00:00,366,626.00,594.00,628.00,480.00,459.00,480.00,459.00,2,Upper,142,25,594.00,2,33,45
2026-09-19T03:54:06+00:00,367,626.00,594.00,628.00,480.00,459.00,480.00,459.00,2,Upper,142,25,594.00,2,33,45
2026-09-19T03:58:08+00:00,367,626.00,594.00,628.00,480.00,459.00,480.00,459.00,2,Upper,142,25,594.00,2,33,45
2026-09-19T04:02:09+00:00,367,626.00,594.00,628.00,480.00,459.00,480.00,459.00,2,Upper,142,25,594.00,2,33,45
2026-09-19T04:06:11+00:00,367,626.00,594.00,628.00,480.00,459.00,480.00,459.00,2,Upper,142,25,594.00,2,33,45
2026-09-19T04:10:13+00:00,367,626.00,594.00,628.00,480.00,459.00,480.00,459.00,2,Upper,142,25,594.00,2,33,45
2026-09-19T04:14:14+00:00,366,626.00,594.00,628.00,480.00,459.00,480.00,459.00,2,Upper,142,25,594.00,2,33,45
2026-09-19T04:18:17+00:00,366,626.00,594.00,628.00,480.00,459.00,480.00,459.00,2,Upper,142,25,594.00,2,33,45
2026-09-19T04:22:19+00:00,367,626.00,594.00,628.00,480.00,459.00,480.00,459.00,2,Upper,142,25,594.00,2,33,45
2026-09-19T04:26:20+00:00,367,626.00,594.00,628.00,480.00,459.00,480.00,459.00,2,Upper,142,25,594.00,2,33,45
2026-09-19T04:30:21+00:00,366,626.00,594.00,628.00,480.00,459.00,480.00,459.00,2,Upper,142,25,594.00,2,33,45
2026-09-19T04:34:22+00:00,366,626.00,594.00,628.00,480.00,459.00,480.00,459.00,2,Upper,142,25,594.00,2,33,45
2026-09-19T04:38:24+00:00,366,626.00,594.00,628.00,480.00,459.00,480.00,459.00,2,Upper,142,25,594.00,2,33,45
2026-09-19T04:42:24+00:00,364,626.00,594.00,628.00,480.00,459.00,480.00,459.00,2,Upper,142,25,594.00,2,33,45
2026-09-19T04:46:26+00:00,364,626.00,594.00,628.00,480.00,459.00,480.00,459.00,2,Upper,142,25,594.00,2,33,45
2026-09-19T04:50:29+00:00,367,626.00,594.00,628.00,480.00,459.00,480.00,459.00,2,Upper,142,25,594.00,2,33,45
2026-09-19T04:54:31+00:00,367,626.00,594.00,628.00,480.00,459.00,480.00,459.00,2,Upper,142,25,594.00,2,33,45
2026-09-19T04:58:32+00:00,366,626.00,594.00,628.00,480.00,459.00,480.00,459.00,2,Upper,142,25,594.00,2,33,45
2026-09-19T05:02:34+00:00,368,626.00,594.00,628.00,480.00,459.00,480.00,459.00,2,Upper,142,25,594.00,2,33,45
2026-09-19T05:06:35+00:00,368,626.00,594.00,628.00,480.00,459.00,480.00,459.00,2,Upper,142,25,594.00,2,33,45
2026-09-19T05:10:37+00:00,370,626.00,594.00,628.00,480.00,459.00,480.00,459.00,2,Upper,142,25,594.00,2,33,45
2026-09-19T05:14:39+00:00,370,626.00,594.00,628.00,480.00,459.00,480.00,459.00,2,Upper,142,25,594.00,2,33,45
2026-09-19T05:18:40+00:00,370,626.00,594.00,628.00,480.00,459.00,480.00,459.00,2,Upper,142,25,594.00,2,33,45
2026-09-19T05:22:43+00:00,370,626.00,594.00,628.00,480.00,459.00,480.00,459.00,2,Upper,142,25,594.00,2,33,45
2026-09-19T05:26:45+00:00,371,626.00,594.00,628.00,480.00,459.00,480.00,459.00,2,Upper,142,25,594.00,2,33,45
2026-09-19T05:30:46+00:00,371,626.00,594.00,628.00,480.00,459.00,480.00,459.00,2,Upper,142,25,594.00,2,33,45
2026-09-19T05:34:47+00:00,371,626.00,594.00,628.00,480.00,459.00,480.00,459.00,2,Upper,142,25,594.00,2,33,45
2026-09-19T05:38:48+00:00,371,626.00,594.00,628.00,480.00,459.00,480.00,459.00,2,Upper,142,25,594.00,2,33,45
2026-09-19T05:42:50+00:00,371,626.00,594.00,628.00,480.00,459.00,480.00,459.00,2,Upper,142,25,594.00,2,33,45
2026-09-19T05:46:50+00:00,370,626.00,594.00,628.00,480.00,459.00,480.00,459.00,2,Upper,142,25,594.00,2,33,45
2026-09-19T05:50:51+00:00,370,626.00,594.00,628.00,480.00,459.00,480.00,459.00,2,Upper,142,25,594.00,2,33,45
2026-09-19T05:54:54+00:00,370,626.00,594.00,628.00,480.00,459.00,480.00,459.00,2,Upper,142,25,594.00,2,33,45
2026-09-19T05:58:56+00:00,370,626.00,594.00,628.00,480.00,459.00,480.00,459.00,2,Upper,142,25,594.00,2,33,45
2026-09-19T06:02:58+00:00,370,626.00,594.00,628.00,480.00,459.00,480.00,459.00,2,Upper,142,25,594.00,2,33,45
2026-09-19T06:07:00+00:00,370,626.00,594.00,628.00,480.00,459.00,480.00,459.00,2,Upper,142,25,594.00,2,33,45
2026-09-19T06:11:01+00:00,370,626.00,594.00,628.00,480.00,459.00,480.00,459.00,2,Upper,142,25,594.00,2,33,45
2026-09-19T06:15:03+00:00,366,619.00,594.00,619.00,480.00,459.00,480.00,459.00,2,Upper,142,25,594.00,2,33,45
2026-09-19T06:19:04+00:00,361,586.00,566.00,601.00,480.00,459.00,480.00,459.00,2,Upper,142,25,566.00,2,33,42
2026-09-19T06:23:06+00:00,361,586.00,566.00,601.00,480.00,459.00,480.00,459.00,2,Upper,142,25,566.00,2,33,42
2026-09-19T06:27:09+00:00,360,586.00,566.00,601.00,480.00,459.00,480.00,459.00,2,Upper,142,25,566.00,2,33,42
2026-09-19T06:31:11+00:00,360,586.00,566.00,601.00,480.00,459.00,480.00,459.00,2,Upper,142,25,566.00,2,33,42
2026-09-19T06:35:13+00:00,360,586.00,566.00,601.00,480.00,459.00,480.00,459.00,2,Upper,142,25,566.00,2,33,42
2026-09-19T06:39:14+00:00,360,586.00,566.00,601.00,480.00,459.00,480.00,459.00,2,Upper,142,25,566.00,2,33,42
2026-09-19T06:43:16+00:00,360,586.00,569.00,601.00,480.00,459.00,480.00,459.00,2,Upper,142,25,569.00,2,30,44
2026-09-19T06:47:18+00:00,360,586.00,569.00,601.00,480.00,459.00,480.00,459.00,2,Upper,142,25,569.00,2,30,44
2026-09-19T06:51:19+00:00,360,586.00,569.00,601.00,480.00,459.00,480.00,459.00,2,Upper,142,25,569.00,2,30,44
2026-09-19T06:55:21+00:00,360,586.00,569.00,601.00,480.00,459.00,480.00,459.00,2,Upper,142,25,569.00,2,30,44
2026-09-19T06:59:24+00:00,360,586.00,569.00,601.00,480.00,459.00,480.00,459.00,2,Upper,142,25,569.00,2,30,44
2026-09-19T07:03:25+00:00,360,586.00,569.00,601.00,480.00,459.00,480.00,459.00,2,Upper,142,25,569.00,2,30,44
2026-09-19T07:07:27+00:00,360,586.00,569.00,601.00,480.00,459.00,480.00,459.00,2,Upper,142,25,569.00,2,30,44
2026-09-19T07:11:29+00:00,360,586.00,569.00,601.00,480.00,459.00,480.00,459.00,2,Upper,142,25,569.00,2,30,44
2026-09-19T07:15:30+00:00,360,586.00,569.00,586.00,480.00,459.00,480.00,459.00,2,Upper,142,25,569.00,2,30,44
2026-09-19T07:19:32+00:00,360,586.00,569.00,586.00,480.00,459.00,480.00,459.00,2,Upper,142,25,569.00,2,30,44
2026-09-19T07:23:33+00:00,360,586.00,569.00,586.00,480.00,459.00,480.00,459.00,2,Upper,142,25,569.00,2,30,44
2026-09-19T07:27:35+00:00,360,586.00,569.00,586.00,480.00,459.00,480.00,459.00,2,Upper,142,25,569.00,2,30,44
2026-09-19T07:31:37+00:00,360,586.00,569.00,586.00,480.00,459.00,480.00,459.00,2,Upper,142,25,569.00,2,30,44
2026-09-19T07:35:38+00:00,360,586.00,569.00,586.00,480.00,459.00,480.00,459.00,2,Upper,142,25,569.00,2,30,44
2026-09-19T07:39:40+00:00,360,586.00,569.00,586.00,480.00,459.00,480.00,459.00,2,Upper,142,25,569.00,2,30,44
2026-09-19T07:43:51+00:00,360,586.00,569.00,586.00,480.00,459.00,480.00,459.00,2,Upper,142,25,569.00,2,30,44
2026-09-19T07:47:53+00:00,360,586.00,569.00,586.00,480.00,459.00,480.00,459.00,2,Upper,142,25,569.00,2,30,44
2026-09-19T07:51:54+00:00,360,586.00,569.00,586.00,480.00,459.00,480.00,459.00,2,Upper,142,25,569.00,2,30,44
2026-09-19T07:55:55+00:00,360,586.00,569.00,586.00,480.00,459.00,480.00,459.00,2,Upper,142,25,569.00,2,30,44
2026-09-19T07:59:55+00:00,360,586.00,569.00,586.00,480.00,459.00,480.00,459.00,2,Upper,142,25,569.00,2,30,44
2026-09-19T08:03:55+00:00,360,586.00,569.00,586.00,480.00,459.00,480.00,459.00,2,Upper,142,25,569.00,2,30,44
2026-09-19T08:07:56+00:00,360,586.00,569.00,586.00,480.00,459.00,480.00,459.00,2,Upper,142,25,569.00,2,30,44
2026-09-19T08:11:58+00:00,360,586.00,569.00,586.00,480.00,459.00,480.00,459.00,2,Upper,142,25,569.00,2,30,44
2026-09-19T08:16:01+00:00,360,586.00,569.00,586.00,480.00,459.00,480.00,459.00,2,Upper,142,25,569.00,2,30,44
2026-09-19T08:20:03+00:00,360,586.00,569.00,586.00,480.00,459.00,480.00,459.00,2,Upper,142,25,569.00,2,30,44
2026-09-19T08:24:05+00:00,360,586.00,569.00,586.00,480.00,459.00,480.00,459.00,2,Upper,142,25,569.00,2,30,44
2026-09-19T08:28:07+00:00,360,586.00,569.00,586.00,480.00,459.00,480.00,459.00,2,Upper,142,25,569.00,2,30,44
2026-09-19T08:32:08+00:00,360,586.00,569.00,586.00,480.00,459.00,480.00,459.00,2,Upper,142,25,569.00,2,30,44
2026-09-19T08:36:10+00:00,360,586.00,569.00,586.00,480.00,459.00,480.00,459.00,2,Upper,142,25,569.00,2,30,44
2026-09-19T08:40:12+00:00,360,586.00,569.00,586.00,480.00,459.00,480.00,459.00,2,Upper,142,25,569.00,2,30,44
2026-09-19T08:44:13+00:00,360,586.00,569.00,586.00,480.00,459.00,480.00,459.00,2,Upper,142,25,569.00,2,30,44
2026-09-19T08:48:15+00:00,360,586.00,569.00,586.00,480.00,459.00,480.00,459.00,2,Upper,142,25,569.00,2,30,44
2026-09-19T08:52:16+00:00,360,586.00,569.00,586.00,480.00,459.00,480.00,459.00,2,Upper,142,25,569.00,2,30,44
2026-09-19T08:56:17+00:00,360,586.00,569.00,586.00,480.00,459.00,480.00,459.00,2,Upper,142,25,569.00,2,30,44
2026-09-19T09:00:17+00:00,360,586.00,569.00,586.00,480.00,459.00,480.00,459.00,2,Upper,142,25,569.00,2,30,44
2026-09-19T09:04:19+00:00,360,586.00,569.00,586.00,480.00,459.00,480.00,459.00,2,Upper,142,25,569.00,2,30,44
2026-09-19T09:08:21+00:00,360,586.00,569.00,586.00,480.00,459.00,480.00,459.00,2,Upper,142,25,569.00,2,30,44
2026-09-19T09:12:21+00:00,360,586.00,569.00,586.00,480.00,459.00,480.00,459.00,2,Upper,142,25,569.00,2,30,44
2026-09-19T09:16:21+00:00,360,586.00,569.00,586.00,480.00,459.00,480.00,459.00,2,Upper,142,25,569.00,2,30,44
2026-09-19T09:20:23+00:00,360,586.00,569.00,586.00,480.00,459.00,480.00,459.00,2,Upper,142,25,569.00,2,30,44
2026-09-19T09:24:25+00:00,360,586.00,569.00,586.00,480.00,459.00,480.00,459.00,2,Upper,142,25,569.00,2,30,44
2026-09-19T09:28:27+00:00,361,586.00,569.00,618.00,480.00,459.00,480.00,459.00,2,Upper,142,25,569.00,2,30,44
2026-09-19T09:32:29+00:00,361,586.00,569.00,618.00,480.00,459.00,480.00,459.00,2,Upper,142,25,569.00,2,30,44
2026-09-19T09:36:29+00:00,361,586.00,569.00,618.00,480.00,459.00,480.00,459.00,2,Upper,142,25,569.00,2,30,44
2026-09-19T09:40:30+00:00,361,586.00,569.00,618.00,480.00,459.00,480.00,459.00,2,Upper,142,25,569.00,2,30,44
2026-09-19T09:44:30+00:00,361,586.00,569.00,618.00,480.00,459.00,480.00,459.00,2,Upper,142,25,569.00,2,30,44
2026-09-19T09:48:30+00:00,361,586.00,569.00,618.00,480.00,459.00,480.00,459.00,2,Upper,142,25,569.00,2,30,44
2026-09-19T09:52:34+00:00,361,586.00,569.00,618.00,480.00,459.00,480.00,459.00,2,Upper,142,25,569.00,2,30,44
2026-09-19T09:56:35+00:00,361,586.00,569.00,618.00,480.00,459.00,480.00,459.00,2,Upper,142,25,569.00,2,30,44
2026-09-19T10:00:37+00:00,361,586.00,569.00,618.00,480.00,459.00,480.00,459.00,2,Upper,142,25,569.00,2,30,44
2026-09-19T10:04:39+00:00,361,586.00,569.00,618.00,480.00,459.00,480.00,459.00,2,Upper,142,25,569.00,2,30,44
2026-09-19T10:08:41+00:00,361,586.00,569.00,618.00,480.00,459.00,480.00,459.00,2,Upper,142,25,569.00,2,30,44
2026-09-19T10:12:43+00:00,361,586.00,569.00,618.00,480.00,459.00,480.00,459.00,2,Upper,142,25,569.00,2,30,44
2026-09-19T10:16:45+00:00,361,586.00,569.00,618.00,480.00,459.00,480.00,459.00,2,Upper,142,25,569.00,2,30,44
2026-09-19T10:20:45+00:00,361,586.00,569.00,618.00,480.00,459.00,480.00,459.00,2,Upper,142,25,569.00,2,30,44
2026-09-19T10:24:47+00:00,361,586.00,569.00,618.00,480.00,459.00,480.00,459.00,2,Upper,142,25,569.00,2,30,44
2026-09-19T10:28:49+00:00,361,586.00,569.00,618.00,480.00,459.00,480.00,459.00,2,Upper,142,25,569.00,2,30,44
2026-09-19T10:32:49+00:00,361,586.00,569.00,618.00,480.00,459.00,480.00,459.00,2,Upper,142,25,569.00,2,30,44
2026-09-19T10:36:51+00:00,361,586.00,569.00,618.00,480.00,459.00,480.00,459.00,2,Upper,142,25,569.00,2,30,44
2026-09-19T10:40:53+00:00,361,586.00,569.00,618.00,480.00,459.00,480.00,459.00,2,Upper,142,25,569.00,2,30,44
2026-09-19T10:44:55+00:00,361,586.00,569.00,618.00,480.00,459.00,480.00,459.00,2,Upper,142,25,569.00,2,30,44
2026-09-19T10:48:57+00:00,361,586.00,569.00,618.00,480.00,459.00,480.00,459.00,2,Upper,142,25,569.00,2,30,44
2026-09-19T10:52:57+00:00,361,586.00,569.00,618.00,480.00,459.00,480.00,459.00,2,Upper,142,25,569.00,2,30,44
2026-09-19T10:56:59+00:00,361,586.00,569.00,618.00,480.00,459.00,480.00,459.00,2,Upper,142,25,569.00,2,30,44
2026-09-19T11:01:01+00:00,361,586.00,569.00,618.00,480.00,459.00,480.00,459.00,2,Upper,142,25,569.00,2,30,44
2026-09-19T11:05:02+00:00,361,586.00,569.00,618.00,480.00,459.00,480.00,459.00,2,Upper,142,25,569.00,2,30,44
2026-09-19T11:09:04+00:00,361,586.00,569.00,618.00,480.00,459.00,480.00,459.00,2,Upper,142,25,569.00,2,30,44
2026-09-19T11:13:06+00:00,361,586.00,569.00,618.00,480.00,459.00,480.00,459.00,2,Upper,142,25,569.00,2,30,44
2026-09-19T11:17:08+00:00,361,586.00,569.00,618.00,480.00,459.00,480.00,459.00,2,Upper,142,25,569.00,2,30,44
2026-09-19T11:21:10+00:00,361,586.00,569.00,618.00,480.00,459.00,480.00,459.00,2,Upper,142,25,569.00,2,30,44
2026-09-19T11:25:11+00:00,361,586.00,569.00,618.00,480.00,459.00,480.00,459.00,2,Upper,142,25,569.00,2,30,44
2026-09-19T11:29:15+00:00,364,586.00,569.00,618.00,480.00,459.00,480.00,459.00,2,Upper,142,25,569.00,2,30,44
2026-09-19T11:33:16+00:00,364,586.00,569.00,618.00,480.00,459.00,480.00,459.00,2,Upper,142,25,569.00,2,30,44
2026-09-19T11:37:17+00:00,364,586.00,569.00,618.00,480.00,459.00,480.00,459.00,2,Upper,142,25,569.00,2,30,44
2026-09-19T11:41:18+00:00,364,586.00,569.00,618.00,480.00,459.00,480.00,459.00,2,Upper,142,25,569.00,2,30,44
2026-09-19T11:45:20+00:00,364,586.00,569.00,618.00,480.00,459.00,480.00,459.00,2,Upper,142,25,569.00,2,30,44
2026-09-19T11:49:22+00:00,365,586.00,569.00,586.00,480.00,459.00,480.00,459.00,2,Upper,142,25,569.00,2,30,44
2026-09-19T11:53:24+00:00,365,586.00,569.00,586.00,480.00,459.00,480.00,459.00,2,Upper,142,25,569.00,2,30,44
2026-09-19T11:57:25+00:00,365,586.00,569.00,586.00,480.00,459.00,480.00,459.00,2,Upper,142,25,569.00,2,30,44
2026-09-19T12:01:29+00:00,365,586.00,569.00,586.00,480.00,459.00,480.00,459.00,2,Upper,142,25,569.00,2,30,44
2026-09-19T12:05:30+00:00,365,586.00,569.00,586.00,480.00,459.00,480.00,459.00,2,Upper,142,25,569.00,2,30,44
2026-09-19T12:09:32+00:00,362,586.00,569.00,586.00,480.00,459.00,480.00,459.00,2,Upper,142,25,569.00,2,30,44
2026-09-19T12:13:34+00:00,362,586.00,569.00,586.00,480.00,459.00,480.00,459.00,2,Upper,142,25,569.00,2,30,44
2026-09-19T12:17:36+00:00,362,586.00,569.00,586.00,480.00,459.00,480.00,459.00,2,Upper,142,25,569.00,2,30,44
2026-09-19T12:21:37+00:00,362,586.00,569.00,586.00,480.00,459.00,480.00,459.00,2,Upper,142,25,569.00,2,30,44
2026-09-19T12:25:39+00:00,362,586.00,569.00,586.00,480.00,459.00,480.00,459.00,2,Upper,142,25,569.00,2,30,44
2026-09-19T12:29:41+00:00,362,586.00,569.00,586.00,480.00,459.00,480.00,459.00,2,Upper,142,25,569.00,2,30,44
2026-09-19T12:33:43+00:00,365,586.00,569.00,586.00,480.00,459.00,480.00,459.00,2,Upper,142,25,569.00,2,30,44
2026-09-19T12:37:45+00:00,365,586.00,569.00,586.00,480.00,459.00,480.00,459.00,2,Upper,142,25,569.00,2,30,44
2026-09-19T12:41:45+00:00,365,586.00,569.00,586.00,480.00,459.00,480.00,459.00,2,Upper,142,25,569.00,2,30,44
2026-09-19T12:45:56+00:00,365,586.00,569.00,586.00,480.00,459.00,480.00,459.00,2,Upper,142,25,569.00,2,30,44
2026-09-19T12:49:58+00:00,365,586.00,569.00,586.00,480.00,459.00,480.00,459.00,2,Upper,142,25,569.00,2,30,44
2026-09-19T12:54:00+00:00,365,601.00,569.00,618.00,480.00,459.00,480.00,459.00,2,Upper,142,25,569.00,2,30,44
2026-09-19T12:58:01+00:00,365,601.00,569.00,618.00,480.00,459.00,480.00,459.00,2,Upper,142,25,569.00,2,30,44
2026-09-19T13:02:03+00:00,366,586.00,569.00,586.00,480.00,459.00,480.00,459.00,2,Upper,142,25,569.00,2,30,44
2026-09-19T13:06:04+00:00,367,586.00,569.00,618.00,480.00,459.00,480.00,459.00,2,Upper,142,25,569.00,2,30,44
2026-09-19T13:10:06+00:00,366,586.00,569.00,618.00,480.00,459.00,480.00,459.00,2,Upper,142,25,569.00,2,30,44
2026-09-19T13:14:07+00:00,363,586.00,569.00,601.00,480.00,459.00,480.00,459.00,2,Upper,142,25,569.00,2,30,44
2026-09-19T13:18:10+00:00,361,586.00,561.00,614.00,480.00,459.00,480.00,459.00,2,Upper,142,25,561.00,2,30,44
2026-09-19T13:22:12+00:00,361,586.00,561.00,614.00,480.00,459.00,480.00,459.00,2,Upper,142,25,561.00,2,30,44
2026-09-19T13:26:13+00:00,361,586.00,561.00,614.00,480.00,459.00,480.00,459.00,2,Upper,142,25,561.00,2,30,44
2026-09-19T13:30:15+00:00,361,586.00,561.00,614.00,480.00,459.00,480.00,459.00,2,Upper,142,25,561.00,2,30,44
2026-09-19T13:34:17+00:00,358,586.00,561.00,586.00,480.00,459.00,480.00,459.00,2,Upper,142,25,561.00,2,30,44
2026-09-19T13:38:18+00:00,358,586.00,561.00,586.00,480.00,459.00,480.00,459.00,2,Upper,142,25,561.00,2,30,44
2026-09-19T13:42:20+00:00,358,586.00,561.00,586.00,480.00,459.00,480.00,459.00,2,Upper,142,25,561.00,2,30,44
2026-09-19T13:46:21+00:00,358,586.00,561.00,586.00,480.00,459.00,480.00,459.00,2,Upper,142,25,561.00,2,30,44
2026-09-19T13:50:24+00:00,362,592.00,561.00,586.00,480.00,459.00,480.00,459.00,2,Upper,142,25,561.00,2,30,44
2026-09-19T13:54:26+00:00,362,592.00,561.00,586.00,480.00,459.00,480.00,459.00,2,Upper,142,25,561.00,2,30,44
2026-09-19T13:58:27+00:00,362,592.00,561.00,586.00,480.00,459.00,480.00,459.00,2,Upper,142,25,561.00,2,30,44
2026-09-19T14:02:29+00:00,363,592.00,561.00,586.00,480.00,459.00,480.00,459.00,2,Upper,142,25,561.00,2,30,44
2026-09-19T14:06:31+00:00,363,592.00,561.00,586.00,480.00,459.00,480.00,459.00,2,Upper,142,25,561.00,2,30,44
2026-09-19T14:10:32+00:00,362,592.00,561.00,586.00,480.00,459.00,480.00,459.00,2,Upper,142,25,561.00,2,30,44
2026-09-19T14:14:34+00:00,362,592.00,561.00,586.00,480.00,459.00,480.00,459.00,2,Upper,142,25,561.00,2,30,44
2026-09-19T14:18:35+00:00,358,592.00,561.00,614.00,480.00,459.00,480.00,459.00,2,Upper,142,25,561.00,2,30,44
2026-09-19T14:22:38+00:00,358,592.00,561.00,614.00,480.00,459.00,480.00,459.00,2,Upper,142,25,561.00,2,30,44
2026-09-19T14:26:40+00:00,370,586.00,561.00,592.00,480.00,459.00,480.00,459.00,2,Upper,142,25,561.00,2,30,44
2026-09-19T14:30:42+00:00,367,592.00,561.00,593.00,480.00,459.00,480.00,459.00,2,Upper,142,25,561.00,2,30,44
2026-09-19T14:34:43+00:00,364,592.00,561.00,593.00,480.00,459.00,480.00,459.00,2,Upper,142,25,561.00,2,30,44
2026-09-19T14:38:45+00:00,361,592.00,562.00,593.00,480.00,459.00,480.00,459.00,2,Upper,142,25,562.00,2,30,44
2026-09-19T14:42:46+00:00,361,592.00,562.00,593.00,480.00,459.00,480.00,459.00,2,Upper,142,25,562.00,2,30,44
2026-09-19T14:46:48+00:00,362,592.00,562.00,593.00,480.00,459.00,480.00,459.00,2,Upper,142,25,562.00,2,30,44
2026-09-19T14:50:49+00:00,356,592.00,562.00,593.00,480.00,459.00,480.00,459.00,2,Upper,142,25,562.00,2,30,44
2026-09-19T14:54:52+00:00,357,592.00,562.00,593.00,480.00,459.00,480.00,459.00,2,Upper,142,25,562.00,2,30,44
2026-09-19T14:58:54+00:00,354,586.00,562.00,593.00,480.00,459.00,480.00,459.00,2,Upper,142,25,562.00,2,30,44
2026-09-19T15:02:56+00:00,354,586.00,562.00,593.00,480.00,459.00,480.00,459.00,2,Upper,142,25,562.00,2,30,44
2026-09-19T15:06:57+00:00,354,586.00,562.00,593.00,480.00,459.00,480.00,459.00,2,Upper,142,25,562.00,2,30,44
2026-09-19T15:10:59+00:00,352,592.00,562.00,593.00,476.00,459.00,480.00,459.00,2,Upper,142,25,562.00,2,30,44
2026-09-19T15:15:00+00:00,352,592.00,561.00,592.00,476.00,459.00,480.00,459.00,2,Upper,142,25,561.00,2,30,44
2026-09-19T15:19:02+00:00,358,592.00,561.00,614.00,476.00,459.00,480.00,459.00,2,Upper,142,25,561.00,2,30,44
2026-09-19T15:23:03+00:00,358,592.00,561.00,614.00,476.00,459.00,480.00,459.00,2,Upper,142,25,561.00,2,30,44
2026-09-19T15:27:06+00:00,357,592.00,561.00,614.00,476.00,459.00,480.00,459.00,2,Upper,142,25,561.00,2,30,44
2026-09-19T15:31:08+00:00,354,592.00,561.00,592.00,476.00,459.00,480.00,459.00,2,Upper,142,25,561.00,2,30,44
2026-09-19T15:35:09+00:00,359,592.00,561.00,592.00,476.00,459.00,480.00,459.00,2,Upper,142,25,561.00,2,30,44
2026-09-19T15:39:11+00:00,359,592.00,561.00,592.00,476.00,459.00,480.00,459.00,2,Upper,142,25,561.00,2,30,44
2026-09-19T15:43:12+00:00,360,592.00,569.00,618.00,476.00,459.00,480.00,459.00,2,Upper,142,25,569.00,2,30,44
2026-09-19T15:47:14+00:00,360,592.00,569.00,618.00,476.00,459.00,480.00,459.00,2,Upper,142,25,569.00,2,30,44
2026-09-19T15:51:16+00:00,360,592.00,569.00,618.00,476.00,459.00,480.00,459.00,2,Upper,142,25,569.00,2,30,44
2026-09-19T15:55:16+00:00,361,592.00,561.00,614.00,476.00,459.00,480.00,459.00,2,Upper,142,25,561.00,2,30,44
2026-09-19T15:59:18+00:00,361,592.00,561.00,614.00,476.00,459.00,480.00,459.00,2,Upper,142,25,561.00,2,30,44
2026-09-19T16:03:20+00:00,366,592.00,564.00,614.00,476.00,459.00,480.00,459.00,2,Upper,142,25,564.00,2,30,44
2026-09-19T16:07:22+00:00,362,592.00,567.00,616.00,476.00,459.00,480.00,459.00,2,Upper,142,25,567.00,2,30,44
2026-09-19T16:11:23+00:00,360,592.00,567.00,616.00,476.00,459.00,480.00,459.00,2,Upper,142,25,567.00,2,30,44
2026-09-19T16:15:25+00:00,361,592.00,567.00,616.00,476.00,459.00,480.00,459.00,2,Upper,142,25,567.00,2,30,44
2026-09-19T16:19:27+00:00,359,592.00,567.00,616.00,476.00,459.00,480.00,459.00,2,Upper,142,25,567.00,2,30,44
2026-09-19T16:23:28+00:00,361,592.00,567.00,616.00,476.00,459.00,480.00,459.00,2,Upper,142,25,567.00,2,30,44
2026-09-19T16:27:30+00:00,361,592.00,567.00,616.00,476.00,459.00,480.00,459.00,2,Upper,142,25,567.00,2,30,44
2026-09-19T16:31:33+00:00,361,592.00,567.00,616.00,476.00,459.00,480.00,459.00,2,Upper,142,25,567.00,2,30,44
2026-09-19T16:35:34+00:00,361,592.00,567.00,616.00,476.00,459.00,480.00,459.00,2,Upper,142,25,567.00,2,30,44
2026-09-19T16:39:36+00:00,359,592.00,567.00,616.00,476.00,459.00,480.00,459.00,2,Upper,142,25,567.00,2,30,44
2026-09-19T16:43:38+00:00,359,592.00,562.00,614.00,476.00,459.00,480.00,459.00,2,Upper,142,25,562.00,2,30,44
2026-09-19T16:47:39+00:00,360,592.00,562.00,614.00,476.00,459.00,480.00,459.00,2,Upper,142,25,562.00,2,30,44
2026-09-19T16:51:41+00:00,360,592.00,562.00,614.00,476.00,459.00,480.00,459.00,2,Upper,142,25,562.00,2,30,44
2026-09-19T16:55:43+00:00,361,586.00,562.00,614.00,476.00,459.00,480.00,459.00,2,Upper,142,25,562.00,2,30,44
2026-09-19T16:59:45+00:00,365,586.00,562.00,614.00,476.00,459.00,480.00,459.00,2,Upper,142,25,562.00,2,30,44
2026-09-19T17:03:47+00:00,365,586.00,562.00,614.00,476.00,459.00,480.00,459.00,2,Upper,142,25,562.00,2,30,44
2026-09-19T17:07:49+00:00,364,586.00,562.00,614.00,476.00,459.00,480.00,459.00,2,Upper,142,25,562.00,2,30,44
2026-09-19T17:11:51+00:00,364,586.00,562.00,614.00,476.00,459.00,480.00,459.00,2,Upper,142,25,562.00,2,30,44
2026-09-19T17:15:52+00:00,364,586.00,562.00,614.00,476.00,459.00,480.00,459.00,2,Upper,142,25,562.00,2,30,44
2026-09-19T17:19:54+00:00,365,586.00,562.00,614.00,476.00,459.00,480.00,459.00,2,Upper,142,25,562.00,2,30,44
2026-09-19T17:23:56+00:00,370,586.00,562.00,614.00,476.00,459.00,480.00,459.00,2,Upper,142,25,562.00,2,30,44
2026-09-19T17:27:57+00:00,365,586.00,562.00,614.00,476.00,459.00,480.00,459.00,2,Upper,142,25,562.00,2,30,44
2026-09-19T17:31:59+00:00,362,586.00,562.00,614.00,476.00,459.00,480.00,459.00,2,Upper,142,25,562.00,2,30,44
2026-09-19T17:36:00+00:00,362,586.00,562.00,614.00,476.00,459.00,480.00,459.00,2,Upper,142,25,562.00,2,30,44
2026-09-19T17:40:02+00:00,364,586.00,562.00,614.00,476.00,459.00,480.00,459.00,2,Upper,142,25,562.00,2,30,44
2026-09-19T17:44:03+00:00,364,586.00,562.00,614.00,476.00,459.00,480.00,459.00,2,Upper,142,25,562.00,2,30,44
2026-09-19T17:48:14+00:00,366,586.00,562.00,586.00,476.00,459.00,480.00,459.00,2,Upper,142,25,562.00,2,30,44
2026-09-19T17:52:16+00:00,366,586.00,562.00,586.00,476.00,459.00,480.00,459.00,2,Upper,142,25,562.00,2,30,44
2026-09-19T17:56:18+00:00,366,586.00,562.00,586.00,476.00,459.00,480.00,459.00,2,Upper,142,25,562.00,2,30,44
2026-09-19T18:00:19+00:00,369,586.00,562.00,586.00,476.00,459.00,480.00,459.00,2,Upper,142,25,562.00,2,30,44
2026-09-19T18:04:21+00:00,370,586.00,562.00,586.00,476.00,459.00,480.00,459.00,2,Upper,142,25,562.00,2,30,44
2026-09-19T18:08:23+00:00,368,586.00,562.00,586.00,476.00,459.00,480.00,459.00,2,Upper,142,25,562.00,2,30,44
2026-09-19T18:12:24+00:00,368,586.00,562.00,586.00,476.00,459.00,480.00,459.00,2,Upper,142,25,562.00,2,30,44
2026-09-19T18:16:26+00:00,370,586.00,568.00,586.00,476.00,459.00,480.00,459.00,2,Upper,142,25,568.00,2,30,44
2026-09-19T18:20:29+00:00,368,586.00,568.00,586.00,476.00,459.00,480.00,459.00,2,Upper,142,25,568.00,2,30,44
2026-09-19T18:24:31+00:00,370,586.00,568.00,586.00,476.00,459.00,480.00,459.00,2,Upper,142,25,568.00,2,30,44
2026-09-19T18:28:32+00:00,368,586.00,568.00,586.00,476.00,459.00,480.00,459.00,2,Upper,142,25,568.00,2,30,44
2026-09-19T18:32:34+00:00,367,586.00,568.00,586.00,476.00,459.00,480.00,459.00,2,Upper,142,25,568.00,2,30,44
2026-09-19T18:36:35+00:00,367,586.00,568.00,586.00,476.00,459.00,480.00,459.00,2,Upper,142,25,568.00,2,30,44
2026-09-19T18:40:37+00:00,367,586.00,568.00,586.00,476.00,459.00,480.00,459.00,2,Upper,142,25,568.00,2,30,44
2026-09-19T18:44:39+00:00,365,586.00,568.00,586.00,476.00,459.00,480.00,459.00,2,Upper,142,25,568.00,2,30,44
2026-09-19T18:48:40+00:00,363,586.00,568.00,586.00,476.00,459.00,480.00,459.00,2,Upper,142,25,568.00,2,30,44
2026-09-19T18:52:43+00:00,366,586.00,568.00,586.00,476.00,459.00,480.00,459.00,2,Upper,142,25,568.00,2,30,44
2026-09-19T18:56:45+00:00,369,592.00,568.00,586.00,476.00,459.00,480.00,459.00,2,Upper,142,25,568.00,2,30,44
2026-09-19T19:00:46+00:00,367,586.00,568.00,586.00,476.00,459.00,480.00,459.00,2,Upper,142,25,568.00,2,30,44
2026-09-19T19:04:48+00:00,367,592.00,568.00,586.00,476.00,459.00,480.00,459.00,2,Upper,142,25,568.00,2,30,44
2026-09-19T19:08:50+00:00,368,592.00,568.00,614.00,476.00,459.00,480.00,459.00,2,Upper,142,25,568.00,2,30,44
2026-09-19T19:12:51+00:00,368,592.00,568.00,614.00,476.00,459.00,480.00,459.00,2,Upper,142,25,568.00,2,30,44
2026-09-19T19:16:53+00:00,370,592.00,568.00,586.00,476.00,459.00,480.00,459.00,2,Upper,142,25,568.00,2,30,44
2026-09-19T19:20:55+00:00,370,592.00,568.00,586.00,476.00,459.00,480.00,459.00,2,Upper,142,25,568.00,2,30,44
2026-09-19T19:24:58+00:00,367,592.00,569.00,586.00,476.00,459.00,480.00,459.00,2,Upper,142,25,569.00,2,30,44
2026-09-19T19:28:59+00:00,366,592.00,569.00,586.00,476.00,459.00,480.00,459.00,2,Upper,142,25,569.00,2,30,44
2026-09-19T19:33:01+00:00,364,592.00,569.00,586.00,476.00,459.00,480.00,459.00,2,Upper,142,25,569.00,2,30,44
2026-09-19T19:37:03+00:00,362,592.00,569.00,586.00,476.00,459.00,480.00,459.00,2,Upper,142,25,569.00,2,30,44
2026-09-19T19:41:04+00:00,362,592.00,569.00,586.00,476.00,459.00,480.00,459.00,2,Upper,142,25,569.00,2,30,44
2026-09-19T19:45:06+00:00,362,592.00,569.00,586.00,476.00,459.00,480.00,459.00,2,Upper,142,25,569.00,2,30,44
2026-09-19T19:49:07+00:00,362,592.00,569.00,586.00,476.00,459.00,480.00,459.00,2,Upper,142,25,569.00,2,30,44
2026-09-19T19:53:09+00:00,361,592.00,570.00,586.00,476.00,459.00,480.00,459.00,2,Upper,142,25,570.00,2,30,44
2026-09-19T19:57:12+00:00,361,586.00,570.00,586.00,476.00,459.00,480.00,459.00,2,Upper,142,25,570.00,2,30,44
2026-09-19T20:01:14+00:00,361,586.00,570.00,586.00,476.00,459.00,480.00,459.00,2,Upper,142,25,570.00,2,30,44
2026-09-19T20:05:15+00:00,361,586.00,570.00,586.00,476.00,459.00,480.00,459.00,2,Upper,142,25,570.00,2,30,44
2026-09-19T20:09:17+00:00,363,586.00,570.00,586.00,476.00,459.00,480.00,459.00,2,Upper,142,25,570.00,2,30,44
2026-09-19T20:13:19+00:00,368,586.00,570.00,586.00,476.00,459.00,480.00,459.00,2,Upper,142,25,570.00,2,30,44
2026-09-19T20:17:21+00:00,368,586.00,570.00,586.00,476.00,459.00,480.00,459.00,2,Upper,142,25,570.00,2,30,44
2026-09-19T20:21:22+00:00,369,592.00,570.00,614.00,476.00,459.00,480.00,459.00,2,Upper,142,25,570.00,2,30,44
2026-09-19T20:25:24+00:00,369,592.00,569.00,614.00,476.00,459.00,480.00,459.00,2,Upper,142,25,569.00,2,30,44
2026-09-19T20:29:27+00:00,371,586.00,574.00,617.00,476.00,459.00,480.00,459.00,2,Upper,142,25,574.00,2,30,44
2026-09-19T20:33:29+00:00,371,586.00,574.00,617.00,476.00,459.00,480.00,459.00,2,Upper,142,25,574.00,2,30,44
2026-09-19T20:37:31+00:00,371,586.00,574.00,617.00,476.00,459.00,480.00,459.00,2,Upper,142,25,574.00,2,30,44
2026-09-19T20:41:33+00:00,371,586.00,574.00,617.00,476.00,459.00,480.00,459.00,2,Upper,142,25,574.00,2,30,44
2026-09-19T20:45:35+00:00,371,586.00,574.00,617.00,476.00,459.00,480.00,459.00,2,Upper,142,25,574.00,2,30,44
2026-09-19T20:49:36+00:00,370,586.00,574.00,617.00,476.00,459.00,480.00,459.00,2,Upper,142,25,574.00,2,30,44
2026-09-19T20:53:38+00:00,371,586.00,574.00,617.00,476.00,459.00,480.00,459.00,2,Upper,142,25,574.00,2,30,44
2026-09-19T20:57:40+00:00,371,586.00,574.00,617.00,476.00,459.00,480.00,459.00,2,Upper,142,25,574.00,2,30,44
2026-09-19T21:01:43+00:00,368,586.00,572.00,616.00,476.00,459.00,480.00,459.00,2,Upper,142,25,572.00,2,30,44
2026-09-19T21:05:45+00:00,366,586.00,572.00,616.00,476.00,459.00,480.00,459.00,2,Upper,142,25,572.00,2,30,44
2026-09-19T21:09:46+00:00,368,586.00,572.00,616.00,476.00,459.00,480.00,459.00,2,Upper,142,25,572.00,2,30,44
2026-09-19T21:13:48+00:00,368,586.00,572.00,616.00,476.00,459.00,480.00,459.00,2,Upper,142,25,572.00,2,30,44
2026-09-19T21:17:50+00:00,364,586.00,572.00,616.00,476.00,459.00,480.00,459.00,2,Upper,142,25,572.00,2,30,44
2026-09-19T21:21:51+00:00,364,586.00,572.00,616.00,476.00,459.00,480.00,459.00,2,Upper,142,25,572.00,2,30,44
2026-09-19T21:25:53+00:00,366,586.00,568.00,614.00,476.00,457.00,480.00,457.00,2,Upper,133,25,568.00,2,30,44
2026-09-19T21:29:53+00:00,366,586.00,568.00,614.00,476.00,457.00,480.00,457.00,2,Upper,133,25,568.00,2,30,44
2026-09-19T21:33:56+00:00,366,586.00,568.00,614.00,476.00,457.00,480.00,457.00,2,Upper,133,25,568.00,2,30,44
2026-09-19T21:37:58+00:00,369,586.00,577.00,618.00,476.00,457.00,480.00,457.00,2,Upper,133,25,577.00,2,30,44
2026-09-19T21:41:59+00:00,368,587.00,582.00,618.00,476.00,457.00,480.00,457.00,2,Upper,133,25,582.00,2,30,44
2026-09-19T21:46:01+00:00,367,587.00,582.00,619.00,476.00,457.00,480.00,457.00,2,Upper,133,25,582.00,2,30,44
2026-09-19T21:50:03+00:00,368,587.00,582.00,619.00,476.00,457.00,480.00,457.00,2,Upper,133,25,582.00,2,30,44
2026-09-19T21:54:04+00:00,367,587.00,582.00,619.00,476.00,457.00,480.00,457.00,2,Upper,133,25,582.00,2,30,44
2026-09-19T21:58:06+00:00,369,587.00,582.00,619.00,476.00,457.00,480.00,457.00,2,Upper,133,25,582.00,2,30,44
2026-09-19T22:02:08+00:00,370,587.00,582.00,619.00,476.00,457.00,480.00,457.00,2,Upper,133,25,582.00,2,30,44
2026-09-19T22:06:09+00:00,371,587.00,582.00,619.00,476.00,457.00,480.00,457.00,2,Upper,133,25,582.00,2,30,44
2026-09-19T22:10:11+00:00,371,587.00,582.00,619.00,476.00,457.00,480.00,457.00,2,Upper,133,25,582.00,2,30,44
2026-09-19T22:14:13+00:00,371,587.00,582.00,619.00,476.00,457.00,480.00,457.00,2,Upper,133,25,582.00,2,30,44
2026-09-19T22:18:15+00:00,371,587.00,581.00,619.00,476.00,457.00,480.00,457.00,2,Upper,133,25,581.00,2,30,44
2026-09-19T22:22:17+00:00,371,587.00,581.00,619.00,476.00,457.00,480.00,457.00,2,Upper,133,25,581.00,2,30,44
2026-09-19T22:26:18+00:00,371,587.00,581.00,619.00,476.00,457.00,480.00,457.00,2,Upper,133,25,581.00,2,30,44
2026-09-19T22:30:20+00:00,367,587.00,581.00,619.00,476.00,457.00,480.00,457.00,2,Upper,133,25,581.00,2,30,44
2026-09-19T22:34:22+00:00,367,587.00,581.00,619.00,476.00,457.00,480.00,457.00,2,Upper,133,25,581.00,2,30,44
2026-09-19T22:38:25+00:00,367,586.00,581.00,618.00,476.00,457.00,480.00,457.00,2,Upper,133,25,581.00,2,30,44
2026-09-19T22:42:27+00:00,367,586.00,579.00,618.00,476.00,457.00,480.00,457.00,2,Upper,133,25,579.00,2,30,44
2026-09-19T22:46:29+00:00,370,586.00,579.00,618.00,476.00,457.00,480.00,457.00,2,Upper,133,25,579.00,2,30,44
2026-09-19T22:50:39+00:00,370,587.00,581.00,619.00,476.00,457.00,480.00,457.00,2,Upper,133,25,581.00,2,30,44
2026-09-19T22:54:41+00:00,370,587.00,581.00,619.00,476.00,457.00,480.00,457.00,2,Upper,133,25,581.00,2,30,44
2026-09-19T22:58:43+00:00,368,587.00,581.00,619.00,476.00,457.00,480.00,457.00,2,Upper,133,25,581.00,2,30,44
2026-09-19T23:02:45+00:00,368,587.00,581.00,619.00,476.00,457.00,480.00,457.00,2,Upper,133,25,581.00,2,30,44
2026-09-19T23:06:46+00:00,368,587.00,581.00,619.00,476.00,457.00,480.00,457.00,2,Upper,133,25,581.00,2,30,44
2026-09-19T23:10:48+00:00,367,587.00,581.00,619.00,476.00,457.00,480.00,457.00,2,Upper,133,25,581.00,2,30,44
2026-09-19T23:14:50+00:00,368,587.00,581.00,619.00,476.00,457.00,480.00,457.00,2,Upper,133,25,581.00,2,30,44
2026-09-19T23:18:51+00:00,368,587.00,581.00,619.00,476.00,457.00,480.00,457.00,2,Upper,133,25,581.00,2,30,44
2026-09-19T23:22:55+00:00,369,586.00,578.00,619.00,476.00,457.00,480.00,457.00,2,Upper,133,25,578.00,2,30,44
2026-09-19T23:26:56+00:00,369,586.00,578.00,618.00,476.00,457.00,480.00,457.00,2,Upper,133,25,578.00,2,30,44
2026-09-19T23:30:58+00:00,369,586.00,578.00,618.00,476.00,457.00,480.00,457.00,2,Upper,133,25,578.00,2,30,44
2026-09-19T23:35:00+00:00,369,586.00,578.00,618.00,476.00,457.00,480.00,457.00,2,Upper,133,25,578.00,2,30,44
2026-09-19T23:39:01+00:00,369,586.00,578.00,618.00,476.00,457.00,480.00,457.00,2,Upper,133,25,578.00,2,30,44
2026-09-19T23:43:01+00:00,369,586.00,578.00,618.00,476.00,457.00,480.00,457.00,2,Upper,133,25,578.00,2,30,44
2026-09-19T23:47:03+00:00,369,586.00,576.00,618.00,476.00,457.00,480.00,457.00,2,Upper,133,25,576.00,2,30,44
2026-09-19T23:51:05+00:00,369,586.00,576.00,618.00,476.00,457.00,480.00,457.00,2,Upper,133,25,576.00,2,30,44
2026-09-19T23:55:08+00:00,369,586.00,576.00,618.00,476.00,457.00,480.00,457.00,2,Upper,133,25,576.00,2,30,44
2026-09-19T23:59:08+00:00,368,586.00,576.00,618.00,476.00,457.00,480.00,457.00,2,Upper,133,25,576.00,2,30,44
2026-09-20T00:03:10+00:00,368,586.00,576.00,618.00,476.00,457.00,480.00,457.00,2,Upper,133,25,576.00,2,30,44
2026-09-20T00:07:12+00:00,366,586.00,576.00,618.00,476.00,457.00,480.00,457.00,2,Upper,133,25,576.00,2,30,44
2026-09-20T00:11:13+00:00,367,586.00,576.00,618.00,476.00,457.00,480.00,457.00,2,Upper,133,25,576.00,2,30,44
2026-09-20T00:15:15+00:00,367,586.00,576.00,618.00,476.00,457.00,480.00,457.00,2,Upper,133,25,576.00,2,30,44
2026-09-20T00:19:16+00:00,366,592.00,570.00,620.00,476.00,457.00,480.00,457.00,2,Upper,133,25,570.00,2,30,44
2026-09-20T00:23:18+00:00,367,592.00,570.00,620.00,476.00,457.00,480.00,457.00,2,Upper,133,25,570.00,2,30,44
2026-09-20T00:27:21+00:00,367,592.00,570.00,620.00,476.00,457.00,480.00,457.00,2,Upper,133,25,570.00,2,30,44
2026-09-20T00:31:23+00:00,370,592.00,570.00,620.00,476.00,457.00,480.00,457.00,2,Upper,133,25,570.00,2,30,44
2026-09-20T00:35:24+00:00,374,592.00,568.00,592.00,476.00,457.00,480.00,457.00,2,Upper,133,25,568.00,2,30,44
2026-09-20T00:39:26+00:00,374,592.00,568.00,592.00,476.00,457.00,480.00,457.00,2,Upper,133,25,568.00,2,30,44
2026-09-20T00:43:28+00:00,372,592.00,568.00,620.00,456.00,456.00,456.00,456.00,1,Upper,136,15,568.00,2,30,44
2026-09-20T00:47:29+00:00,372,592.00,570.00,620.00,456.00,456.00,456.00,456.00,1,Upper,136,15,570.00,2,30,44
2026-09-20T00:51:31+00:00,372,592.00,570.00,620.00,456.00,456.00,456.00,456.00,1,Upper,136,15,570.00,2,30,44
2026-09-20T00:55:33+00:00,373,592.00,571.00,622.00,456.00,456.00,456.00,456.00,1,Upper,136,15,571.00,2,30,44
2026-09-20T00:59:36+00:00,367,592.00,571.00,622.00,456.00,456.00,456.00,456.00,1,Upper,136,15,571.00,2,30,44
2026-09-20T01:03:37+00:00,367,592.00,571.00,622.00,456.00,456.00,456.00,456.00,1,Upper,136,15,571.00,2,30,44
2026-09-20T01:07:39+00:00,367,592.00,571.00,622.00,456.00,456.00,456.00,456.00,1,Upper,136,15,571.00,2,30,44
2026-09-20T01:11:41+00:00,367,592.00,574.00,623.00,456.00,456.00,456.00,456.00,1,Upper,136,15,574.00,2,30,44
2026-09-20T01:15:43+00:00,367,592.00,574.00,623.00,456.00,456.00,456.00,456.00,1,Upper,136,15,574.00,2,30,44
2026-09-20T01:19:45+00:00,371,592.00,572.00,623.00,456.00,456.00,456.00,456.00,1,Upper,136,15,572.00,2,30,44
2026-09-20T01:23:47+00:00,370,536.00,571.00,621.00,435.00,429.00,435.00,429.00,2,Upper,136,23,536.00,1,2,21
2026-09-20T01:27:48+00:00,370,536.00,571.00,621.00,435.00,429.00,435.00,429.00,2,Upper,136,23,536.00,1,2,21
2026-09-20T01:31:51+00:00,371,536.00,575.00,592.00,435.00,429.00,435.00,429.00,2,Upper,136,23,536.00,1,2,21
2026-09-20T01:35:53+00:00,371,536.00,576.00,592.00,435.00,429.00,435.00,429.00,2,Upper,136,23,536.00,1,2,21
2026-09-20T01:39:54+00:00,370,536.00,576.00,592.00,435.00,429.00,435.00,429.00,2,Upper,136,23,536.00,1,2,21
2026-09-20T01:43:56+00:00,368,536.00,568.00,592.00,435.00,429.00,435.00,429.00,2,Upper,136,23,536.00,1,2,21
2026-09-20T01:47:58+00:00,367,536.00,568.00,592.00,435.00,429.00,435.00,429.00,2,Upper,136,23,536.00,1,2,21
2026-09-20T01:52:00+00:00,366,536.00,568.00,620.00,500.00,429.00,500.00,429.00,2,Upper,136,23,536.00,1,2,21
2026-09-20T01:56:02+00:00,371,536.00,567.00,592.00,499.00,454.00,499.00,454.00,2,Upper,117,29,536.00,1,2,21
2026-09-20T02:00:03+00:00,364,536.00,567.00,620.00,510.00,457.00,510.00,457.00,2,Upper,133,25,536.00,1,2,21
2026-09-20T02:04:06+00:00,368,536.00,567.00,592.00,510.00,459.00,510.00,459.00,2,Upper,142,25,536.00,1,2,21
2026-09-20T02:08:08+00:00,367,536.00,568.00,592.00,510.00,459.00,510.00,459.00,2,Upper,142,25,536.00,1,2,21
2026-09-20T02:12:10+00:00,367,536.00,568.00,592.00,510.00,459.00,510.00,459.00,2,Upper,142,25,536.00,1,2,21
2026-09-20T02:16:11+00:00,370,536.00,568.00,592.00,510.00,459.00,510.00,459.00,2,Upper,142,25,536.00,1,2,21
2026-09-20T02:20:13+00:00,368,536.00,572.00,592.00,510.00,459.00,510.00,459.00,2,Upper,142,25,536.00,1,2,21
2026-09-20T02:24:15+00:00,366,536.00,574.00,592.00,510.00,459.00,510.00,459.00,2,Upper,142,25,536.00,1,2,21
2026-09-20T02:28:17+00:00,366,536.00,574.00,592.00,510.00,459.00,510.00,459.00,2,Upper,142,25,536.00,1,2,21
2026-09-20T02:32:18+00:00,370,536.00,575.00,620.00,510.00,459.00,510.00,459.00,2,Upper,142,25,536.00,1,2,21
2026-09-20T02:36:21+00:00,370,536.00,574.00,620.00,510.00,459.00,510.00,459.00,2,Upper,142,25,536.00,1,2,21
2026-09-20T02:40:23+00:00,369,536.00,574.00,620.00,510.00,459.00,510.00,459.00,2,Upper,142,25,536.00,1,2,21
2026-09-20T02:44:25+00:00,367,536.00,572.00,592.00,510.00,459.00,510.00,459.00,2,Upper,142,25,536.00,1,2,21
2026-09-20T02:48:27+00:00,369,536.00,572.00,592.00,510.00,459.00,510.00,459.00,2,Upper,142,25,536.00,1,2,21
2026-09-20T02:52:28+00:00,368,536.00,572.00,592.00,510.00,459.00,510.00,459.00,2,Upper,142,25,536.00,1,2,21
2026-09-20T02:56:30+00:00,368,536.00,572.00,592.00,510.00,459.00,510.00,459.00,2,Upper,142,25,536.00,1,2,21
2026-09-20T03:00:31+00:00,368,536.00,572.00,592.00,510.00,459.00,510.00,459.00,2,Upper,142,25,536.00,1,2,21
2026-09-20T03:04:33+00:00,368,536.00,572.00,592.00,510.00,459.00,510.00,459.00,2,Upper,142,25,536.00,1,2,21
2026-09-20T03:08:37+00:00,368,536.00,572.00,592.00,510.00,459.00,510.00,459.00,2,Upper,142,25,536.00,1,2,21
2026-09-20T03:12:39+00:00,368,536.00,572.00,592.00,510.00,459.00,510.00,459.00,2,Upper,142,25,536.00,1,2,21
2026-09-20T03:16:40+00:00,368,536.00,572.00,592.00,510.00,459.00,510.00,459.00,2,Upper,142,25,536.00,1,2,21
2026-09-20T03:20:42+00:00,368,536.00,572.00,592.00,510.00,459.00,510.00,459.00,2,Upper,142,25,536.00,1,2,21
2026-09-20T03:24:44+00:00,369,536.00,572.00,592.00,510.00,459.00,510.00,459.00,2,Upper,142,25,536.00,1,2,21
2026-09-20T03:28:45+00:00,363,536.00,572.00,592.00,510.00,459.00,510.00,459.00,2,Upper,142,25,536.00,1,2,21
2026-09-20T03:32:47+00:00,363,536.00,572.00,592.00,510.00,459.00,510.00,459.00,2,Upper,142,25,536.00,1,2,21
2026-09-20T03:36:48+00:00,372,536.00,572.00,592.00,510.00,459.00,510.00,459.00,2,Upper,142,25,536.00,1,2,21
2026-09-20T03:40:51+00:00,372,536.00,572.00,592.00,510.00,459.00,510.00,459.00,2,Upper,142,25,536.00,1,2,21
2026-09-20T03:44:53+00:00,368,536.00,572.00,592.00,510.00,459.00,510.00,459.00,2,Upper,142,25,536.00,1,2,21
2026-09-20T03:48:55+00:00,368,536.00,572.00,592.00,510.00,459.00,510.00,459.00,2,Upper,142,25,536.00,1,2,21
2026-09-20T03:53:08+00:00,368,536.00,572.00,592.00,510.00,459.00,510.00,459.00,2,Upper,142,25,536.00,1,2,21
2026-09-20T03:57:10+00:00,369,536.00,572.00,592.00,510.00,459.00,510.00,459.00,2,Upper,142,25,536.00,1,2,21
2026-09-20T04:01:12+00:00,369,536.00,572.00,592.00,510.00,459.00,510.00,459.00,2,Upper,142,25,536.00,1,2,21
2026-09-20T04:05:14+00:00,370,536.00,572.00,592.00,510.00,459.00,510.00,459.00,2,Upper,142,25,536.00,1,2,21
2026-09-20T04:09:16+00:00,370,536.00,572.00,592.00,510.00,459.00,510.00,459.00,2,Upper,142,25,536.00,1,2,21
2026-09-20T04:13:18+00:00,369,536.00,572.00,592.00,510.00,459.00,510.00,459.00,2,Upper,142,25,536.00,1,2,21
2026-09-20T04:17:19+00:00,369,536.00,572.00,592.00,510.00,459.00,510.00,459.00,2,Upper,142,25,536.00,1,2,21
2026-09-20T04:21:21+00:00,369,536.00,572.00,592.00,510.00,459.00,510.00,459.00,2,Upper,142,25,536.00,1,2,21
2026-09-20T04:25:23+00:00,370,536.00,572.00,592.00,510.00,459.00,510.00,459.00,2,Upper,142,25,536.00,1,2,21
2026-09-20T04:29:25+00:00,370,536.00,572.00,592.00,510.00,459.00,510.00,459.00,2,Upper,142,25,536.00,1,2,21
2026-09-20T04:33:25+00:00,370,536.00,572.00,592.00,510.00,459.00,510.00,459.00,2,Upper,142,25,536.00,1,2,21
2026-09-20T04:37:27+00:00,370,536.00,572.00,592.00,510.00,459.00,510.00,459.00,2,Upper,142,25,536.00,1,2,21
2026-09-20T04:41:29+00:00,368,536.00,572.00,592.00,510.00,459.00,510.00,459.00,2,Upper,142,25,536.00,1,2,21
2026-09-20T04:45:31+00:00,368,536.00,572.00,592.00,510.00,459.00,510.00,459.00,2,Upper,142,25,536.00,1,2,21
2026-09-20T04:49:32+00:00,369,536.00,570.00,592.00,510.00,459.00,510.00,459.00,2,Upper,142,25,536.00,1,2,21
2026-09-20T04:53:34+00:00,367,536.00,570.00,592.00,510.00,459.00,510.00,459.00,2,Upper,142,25,536.00,1,2,21
2026-09-20T04:57:37+00:00,367,536.00,570.00,592.00,510.00,459.00,510.00,459.00,2,Upper,142,25,536.00,1,2,21
2026-09-20T05:01:39+00:00,369,536.00,570.00,592.00,510.00,459.00,510.00,459.00,2,Upper,142,25,536.00,1,2,21
2026-09-20T05:05:41+00:00,372,536.00,570.00,592.00,510.00,459.00,510.00,459.00,2,Upper,142,25,536.00,1,2,21
2026-09-20T05:09:43+00:00,372,536.00,570.00,592.00,510.00,459.00,510.00,459.00,2,Upper,142,25,536.00,1,2,21
2026-09-20T05:13:45+00:00,371,536.00,570.00,592.00,510.00,459.00,510.00,459.00,2,Upper,142,25,536.00,1,2,21
2026-09-20T05:17:47+00:00,370,536.00,570.00,592.00,470.00,459.00,470.00,459.00,2,Upper,142,25,536.00,1,2,21
2026-09-20T05:21:48+00:00,370,536.00,570.00,592.00,470.00,459.00,470.00,459.00,2,Upper,142,25,536.00,1,2,21
2026-09-20T05:25:50+00:00,370,536.00,570.00,592.00,470.00,459.00,470.00,459.00,2,Upper,142,25,536.00,1,2,21
2026-09-20T05:29:54+00:00,370,536.00,570.00,592.00,470.00,459.00,470.00,459.00,2,Upper,142,25,536.00,1,2,21
2026-09-20T05:33:56+00:00,370,536.00,570.00,592.00,470.00,459.00,470.00,459.00,2,Upper,142,25,536.00,1,2,21
2026-09-20T05:37:57+00:00,367,536.00,569.00,592.00,471.00,459.00,471.00,459.00,2,Upper,142,25,536.00,1,2,21
2026-09-20T05:41:59+00:00,367,536.00,569.00,592.00,470.00,459.00,470.00,459.00,2,Upper,142,25,536.00,1,2,21
2026-09-20T05:46:01+00:00,367,536.00,569.00,592.00,470.00,459.00,470.00,459.00,2,Upper,142,25,536.00,1,2,21
2026-09-20T05:50:03+00:00,367,536.00,569.00,592.00,470.00,459.00,470.00,459.00,2,Upper,142,25,536.00,1,2,21
2026-09-20T05:54:04+00:00,367,536.00,569.00,592.00,470.00,459.00,470.00,459.00,2,Upper,142,25,536.00,1,2,21
2026-09-20T05:58:06+00:00,367,536.00,569.00,592.00,470.00,459.00,470.00,459.00,2,Upper,142,25,536.00,1,2,21
2026-09-20T06:02:10+00:00,367,536.00,569.00,592.00,470.00,459.00,470.00,459.00,2,Upper,142,25,536.00,1,2,21
2026-09-20T06:06:12+00:00,367,536.00,569.00,592.00,470.00,459.00,470.00,459.00,2,Upper,142,25,536.00,1,2,21
2026-09-20T06:10:13+00:00,367,536.00,569.00,592.00,470.00,459.00,470.00,459.00,2,Upper,142,25,536.00,1,2,21
2026-09-20T06:14:14+00:00,371,536.00,569.00,577.00,470.00,459.00,470.00,459.00,2,Upper,142,25,536.00,1,2,21
2026-09-20T06:18:16+00:00,368,536.00,551.00,577.00,457.00,457.00,457.00,457.00,1,Upper,117,29,536.00,1,2,21
2026-09-20T06:22:17+00:00,368,536.00,551.00,577.00,457.00,457.00,457.00,457.00,1,Upper,117,29,536.00,1,2,21
2026-09-20T06:26:19+00:00,368,536.00,551.00,577.00,457.00,457.00,457.00,457.00,1,Upper,117,29,536.00,1,2,21
2026-09-20T06:30:21+00:00,370,536.00,551.00,577.00,457.00,457.00,457.00,457.00,1,Upper,117,29,536.00,1,2,21
2026-09-20T06:34:24+00:00,370,536.00,551.00,577.00,457.00,457.00,457.00,457.00,1,Upper,117,29,536.00,1,2,21
2026-09-20T06:38:26+00:00,370,536.00,551.00,577.00,457.00,457.00,457.00,457.00,1,Upper,117,29,536.00,1,2,21
2026-09-20T06:42:28+00:00,370,536.00,551.00,577.00,457.00,457.00,457.00,457.00,1,Upper,117,29,536.00,1,2,21
2026-09-20T06:46:29+00:00,370,536.00,551.00,577.00,457.00,457.00,457.00,457.00,1,Upper,117,29,536.00,1,2,21
2026-09-20T06:50:30+00:00,370,536.00,551.00,577.00,457.00,457.00,457.00,457.00,1,Upper,117,29,536.00,1,2,21
2026-09-20T06:54:32+00:00,370,536.00,551.00,577.00,457.00,457.00,457.00,457.00,1,Upper,117,29,536.00,1,2,21
2026-09-20T06:58:34+00:00,370,536.00,551.00,577.00,457.00,457.00,457.00,457.00,1,Upper,117,29,536.00,1,2,21
2026-09-20T07:02:34+00:00,370,536.00,551.00,577.00,457.00,457.00,457.00,457.00,1,Upper,117,29,536.00,1,2,21
2026-09-20T07:06:36+00:00,370,536.00,551.00,577.00,457.00,457.00,457.00,457.00,1,Upper,117,29,536.00,1,2,21
2026-09-20T07:10:38+00:00,370,536.00,551.00,577.00,457.00,457.00,457.00,457.00,1,Upper,117,29,536.00,1,2,21
2026-09-20T07:14:38+00:00,370,536.00,551.00,577.00,457.00,457.00,457.00,457.00,1,Upper,117,29,536.00,1,2,21
2026-09-20T07:18:40+00:00,369,536.00,551.00,577.00,457.00,457.00,457.00,457.00,1,Upper,117,29,536.00,1,2,21
2026-09-20T07:22:42+00:00,369,536.00,551.00,577.00,457.00,457.00,457.00,457.00,1,Upper,117,29,536.00,1,2,21
2026-09-20T07:26:44+00:00,369,536.00,551.00,577.00,457.00,457.00,457.00,457.00,1,Upper,117,29,536.00,1,2,21
2026-09-20T07:30:45+00:00,369,536.00,551.00,577.00,457.00,457.00,457.00,457.00,1,Upper,117,29,536.00,1,2,21
2026-09-20T07:34:46+00:00,369,536.00,551.00,577.00,457.00,457.00,457.00,457.00,1,Upper,117,29,536.00,1,2,21
2026-09-20T07:38:48+00:00,369,536.00,551.00,577.00,457.00,457.00,457.00,457.00,1,Upper,117,29,536.00,1,2,21
2026-09-20T07:42:49+00:00,369,536.00,551.00,577.00,457.00,457.00,457.00,457.00,1,Upper,117,29,536.00,1,2,21
2026-09-20T07:46:51+00:00,369,536.00,551.00,577.00,457.00,457.00,457.00,457.00,1,Upper,117,29,536.00,1,2,21
2026-09-20T07:50:52+00:00,369,536.00,551.00,577.00,457.00,457.00,457.00,457.00,1,Upper,117,29,536.00,1,2,21
2026-09-20T07:54:52+00:00,369,536.00,551.00,577.00,457.00,457.00,457.00,457.00,1,Upper,117,29,536.00,1,2,21
2026-09-20T07:58:54+00:00,369,536.00,551.00,577.00,457.00,457.00,457.00,457.00,1,Upper,117,29,536.00,1,2,21
2026-09-20T08:02:54+00:00,369,536.00,551.00,577.00,457.00,457.00,457.00,457.00,1,Upper,117,29,536.00,1,2,21
2026-09-20T08:06:55+00:00,369,536.00,551.00,577.00,457.00,457.00,457.00,457.00,1,Upper,117,29,536.00,1,2,21
2026-09-20T08:10:57+00:00,369,536.00,551.00,577.00,457.00,457.00,457.00,457.00,1,Upper,117,29,536.00,1,2,21
2026-09-20T08:14:58+00:00,369,536.00,551.00,577.00,457.00,457.00,457.00,457.00,1,Upper,117,29,536.00,1,2,21
2026-09-20T08:19:00+00:00,369,536.00,551.00,577.00,457.00,457.00,457.00,457.00,1,Upper,117,29,536.00,1,2,21
2026-09-20T08:23:02+00:00,369,536.00,551.00,577.00,457.00,457.00,457.00,457.00,1,Upper,117,29,536.00,1,2,21
2026-09-20T08:27:03+00:00,369,536.00,551.00,577.00,457.00,457.00,457.00,457.00,1,Upper,117,29,536.00,1,2,21
2026-09-20T08:31:05+00:00,369,536.00,551.00,577.00,457.00,457.00,457.00,457.00,1,Upper,117,29,536.00,1,2,21
2026-09-20T08:35:07+00:00,369,536.00,551.00,577.00,457.00,457.00,457.00,457.00,1,Upper,117,29,536.00,1,2,21
2026-09-20T08:39:09+00:00,369,536.00,551.00,577.00,457.00,457.00,457.00,457.00,1,Upper,117,29,536.00,1,2,21
2026-09-20T08:43:12+00:00,369,536.00,551.00,577.00,457.00,457.00,457.00,457.00,1,Upper,117,29,536.00,1,2,21
2026-09-20T08:47:14+00:00,369,536.00,551.00,577.00,457.00,457.00,457.00,457.00,1,Upper,117,29,536.00,1,2,21
2026-09-20T08:51:16+00:00,369,536.00,551.00,577.00,457.00,457.00,457.00,457.00,1,Upper,117,29,536.00,1,2,21
2026-09-20T08:55:27+00:00,369,536.00,551.00,577.00,457.00,457.00,457.00,457.00,1,Upper,117,29,536.00,1,2,21
2026-09-20T08:59:27+00:00,369,536.00,551.00,577.00,457.00,457.00,457.00,457.00,1,Upper,117,29,536.00,1,2,21
2026-09-20T09:03:29+00:00,369,536.00,551.00,577.00,457.00,457.00,457.00,457.00,1,Upper,117,29,536.00,1,2,21
2026-09-20T09:07:30+00:00,369,536.00,551.00,577.00,457.00,457.00,457.00,457.00,1,Upper,117,29,536.00,1,2,21
2026-09-20T09:11:32+00:00,369,536.00,551.00,577.00,457.00,457.00,457.00,457.00,1,Upper,117,29,536.00,1,2,21
2026-09-20T09:15:32+00:00,374,536.00,551.00,577.00,457.00,457.00,457.00,457.00,1,Upper,117,29,536.00,1,2,21
2026-09-20T09:19:34+00:00,374,536.00,551.00,577.00,457.00,457.00,457.00,457.00,1,Upper,117,29,536.00,1,2,21
2026-09-20T09:23:34+00:00,370,536.00,551.00,577.00,457.00,457.00,457.00,457.00,1,Upper,117,29,536.00,1,2,21
2026-09-20T09:27:37+00:00,370,536.00,551.00,577.00,457.00,457.00,457.00,457.00,1,Upper,117,29,536.00,1,2,21
2026-09-20T09:31:39+00:00,371,536.00,551.00,577.00,457.00,457.00,457.00,457.00,1,Upper,117,29,536.00,1,2,21
2026-09-20T09:35:41+00:00,371,536.00,551.00,577.00,457.00,457.00,457.00,457.00,1,Upper,117,29,536.00,1,2,21
2026-09-20T09:39:43+00:00,371,536.00,551.00,577.00,457.00,457.00,457.00,457.00,1,Upper,117,29,536.00,1,2,21
2026-09-20T09:43:44+00:00,371,536.00,551.00,577.00,457.00,457.00,457.00,457.00,1,Upper,117,29,536.00,1,2,21
2026-09-20T09:47:46+00:00,371,536.00,551.00,577.00,457.00,457.00,457.00,457.00,1,Upper,117,29,536.00,1,2,21
2026-09-20T09:51:46+00:00,371,536.00,551.00,577.00,457.00,457.00,457.00,457.00,1,Upper,117,29,536.00,1,2,21
2026-09-20T09:55:46+00:00,371,536.00,551.00,577.00,457.00,457.00,457.00,457.00,1,Upper,117,29,536.00,1,2,21
2026-09-20T09:59:49+00:00,371,536.00,551.00,577.00,457.00,457.00,457.00,457.00,1,Upper,117,29,536.00,1,2,21
2026-09-20T10:03:51+00:00,371,536.00,551.00,577.00,457.00,457.00,457.00,457.00,1,Upper,117,29,536.00,1,2,21
2026-09-20T10:07:53+00:00,371,536.00,551.00,577.00,457.00,457.00,457.00,457.00,1,Upper,117,29,536.00,1,2,21
2026-09-20T10:11:54+00:00,371,536.00,551.00,577.00,457.00,457.00,457.00,457.00,1,Upper,117,29,536.00,1,2,21
2026-09-20T10:15:56+00:00,371,536.00,551.00,577.00,457.00,457.00,457.00,457.00,1,Upper,117,29,536.00,1,2,21
2026-09-20T10:19:58+00:00,371,536.00,551.00,577.00,457.00,457.00,457.00,457.00,1,Upper,117,29,536.00,1,2,21
2026-09-20T10:23:58+00:00,371,536.00,551.00,577.00,457.00,457.00,457.00,457.00,1,Upper,117,29,536.00,1,2,21
2026-09-20T10:27:58+00:00,371,536.00,551.00,577.00,457.00,457.00,457.00,457.00,1,Upper,117,29,536.00,1,2,21
2026-09-20T10:31:59+00:00,369,536.00,551.00,577.00,457.00,457.00,457.00,457.00,1,Upper,117,29,536.00,1,2,21
2026-09-20T10:36:01+00:00,368,536.00,551.00,577.00,457.00,457.00,457.00,457.00,1,Upper,117,29,536.00,1,2,21
2026-09-20T10:40:03+00:00,368,536.00,551.00,577.00,457.00,457.00,457.00,457.00,1,Upper,117,29,536.00,1,2,21
2026-09-20T10:44:04+00:00,368,536.00,551.00,577.00,457.00,457.00,457.00,457.00,1,Upper,117,29,536.00,1,2,21
2026-09-20T10:48:06+00:00,368,536.00,551.00,577.00,457.00,457.00,457.00,457.00,1,Upper,117,29,536.00,1,2,21
2026-09-20T10:52:08+00:00,368,536.00,551.00,577.00,457.00,457.00,457.00,457.00,1,Upper,117,29,536.00,1,2,21
2026-09-20T10:56:09+00:00,368,536.00,551.00,577.00,457.00,457.00,457.00,457.00,1,Upper,117,29,536.00,1,2,21
2026-09-20T11:00:09+00:00,369,536.00,551.00,577.00,451.00,451.00,451.00,451.00,1,Upper,117,29,536.00,1,2,21
2026-09-20T11:04:12+00:00,369,536.00,551.00,577.00,451.00,451.00,451.00,451.00,1,Upper,117,29,536.00,1,2,21
2026-09-20T11:08:14+00:00,368,536.00,551.00,577.00,457.00,457.00,457.00,457.00,1,Upper,117,29,536.00,1,2,21
2026-09-20T11:12:16+00:00,368,536.00,551.00,577.00,457.00,457.00,457.00,457.00,1,Upper,117,29,536.00,1,2,21
2026-09-20T11:16:17+00:00,368,536.00,551.00,577.00,457.00,457.00,457.00,457.00,1,Upper,117,29,536.00,1,2,21
2026-09-20T11:20:19+00:00,369,536.00,551.00,577.00,451.00,451.00,451.00,451.00,1,Upper,117,29,536.00,1,2,21
2026-09-20T11:24:21+00:00,369,536.00,551.00,577.00,451.00,451.00,451.00,451.00,1,Upper,117,29,536.00,1,2,21
2026-09-20T11:28:22+00:00,369,536.00,551.00,577.00,451.00,451.00,451.00,451.00,1,Upper,117,29,536.00,1,2,21
2026-09-20T11:32:22+00:00,367,536.00,551.00,577.00,451.00,451.00,451.00,451.00,1,Upper,117,29,536.00,1,2,21
2026-09-20T11:36:25+00:00,367,536.00,551.00,577.00,451.00,451.00,451.00,451.00,1,Upper,117,29,536.00,1,2,21
2026-09-20T11:40:27+00:00,367,536.00,551.00,577.00,451.00,451.00,451.00,451.00,1,Upper,117,29,536.00,1,2,21
2026-09-20T11:44:28+00:00,367,536.00,551.00,577.00,451.00,451.00,451.00,451.00,1,Upper,117,29,536.00,1,2,21
2026-09-20T11:48:30+00:00,367,536.00,551.00,577.00,451.00,451.00,451.00,451.00,1,Upper,117,29,536.00,1,2,21
2026-09-20T11:52:30+00:00,367,536.00,551.00,577.00,451.00,451.00,451.00,451.00,1,Upper,117,29,536.00,1,2,21
2026-09-20T11:56:32+00:00,367,536.00,551.00,577.00,451.00,451.00,451.00,451.00,1,Upper,117,29,536.00,1,2,21
2026-09-20T12:00:32+00:00,367,536.00,551.00,577.00,451.00,451.00,451.00,451.00,1,Upper,117,29,536.00,1,2,21
2026-09-20T12:04:32+00:00,367,536.00,551.00,577.00,451.00,451.00,451.00,451.00,1,Upper,117,29,536.00,1,2,21
2026-09-20T12:08:35+00:00,368,536.00,551.00,577.00,451.00,451.00,451.00,451.00,1,Upper,117,29,536.00,1,2,21
2026-09-20T12:12:37+00:00,367,536.00,551.00,577.00,449.00,449.00,449.00,449.00,1,Upper,117,29,536.00,1,2,21
2026-09-20T12:16:38+00:00,367,536.00,551.00,577.00,449.00,449.00,449.00,449.00,1,Upper,117,29,536.00,1,2,21
2026-09-20T12:20:40+00:00,372,536.00,551.00,577.00,449.00,449.00,449.00,449.00,1,Upper,117,29,536.00,1,2,21
2026-09-20T12:24:41+00:00,372,536.00,551.00,577.00,449.00,449.00,449.00,449.00,1,Upper,117,29,536.00,1,2,21
2026-09-20T12:28:43+00:00,372,536.00,551.00,577.00,449.00,449.00,449.00,449.00,1,Upper,117,29,536.00,1,2,21
2026-09-20T12:32:45+00:00,371,536.00,551.00,577.00,449.00,449.00,449.00,449.00,1,Upper,117,29,536.00,1,2,21
2026-09-20T12:36:46+00:00,371,536.00,551.00,577.00,449.00,449.00,449.00,449.00,1,Upper,117,29,536.00,1,2,21
2026-09-20T12:40:49+00:00,371,536.00,551.00,577.00,449.00,449.00,449.00,449.00,1,Upper,117,29,536.00,1,2,21
2026-09-20T12:44:50+00:00,371,536.00,551.00,577.00,449.00,449.00,449.00,449.00,1,Upper,117,29,536.00,1,2,21
2026-09-20T12:48:52+00:00,375,536.00,551.00,577.00,449.00,449.00,449.00,449.00,1,Upper,117,29,536.00,1,2,21
2026-09-20T12:52:54+00:00,375,536.00,551.00,577.00,449.00,449.00,449.00,449.00,1,Upper,117,29,536.00,1,2,21
2026-09-20T12:56:55+00:00,374,536.00,551.00,577.00,449.00,449.00,449.00,449.00,1,Upper,117,29,536.00,1,2,21
2026-09-20T13:00:57+00:00,373,536.00,551.00,577.00,449.00,449.00,449.00,449.00,1,Upper,117,29,536.00,1,2,21
2026-09-20T13:04:59+00:00,373,536.00,551.00,577.00,449.00,449.00,449.00,449.00,1,Upper,117,29,536.00,1,2,21
2026-09-20T13:09:00+00:00,374,536.00,551.00,577.00,452.00,452.00,452.00,452.00,1,Upper,117,29,536.00,1,2,21
2026-09-20T13:13:03+00:00,368,536.00,551.00,577.00,452.00,452.00,452.00,452.00,1,Upper,117,29,536.00,1,2,21
2026-09-20T13:17:04+00:00,369,536.00,546.00,577.00,452.00,452.00,452.00,452.00,1,Upper,117,29,536.00,1,2,21
2026-09-20T13:21:06+00:00,369,536.00,546.00,577.00,452.00,452.00,452.00,452.00,1,Upper,117,29,536.00,1,2,21
2026-09-20T13:25:08+00:00,369,536.00,546.00,577.00,446.00,446.00,446.00,446.00,1,Upper,117,29,536.00,1,2,21
2026-09-20T13:29:10+00:00,369,536.00,546.00,577.00,446.00,446.00,446.00,446.00,1,Upper,117,29,536.00,1,2,21
2026-09-20T13:33:11+00:00,369,536.00,546.00,577.00,446.00,446.00,446.00,446.00,1,Upper,117,29,536.00,1,2,21
2026-09-20T13:37:13+00:00,371,536.00,546.00,577.00,446.00,446.00,446.00,446.00,1,Upper,117,29,536.00,1,2,21
2026-09-20T13:41:14+00:00,371,536.00,546.00,577.00,446.00,446.00,446.00,446.00,1,Upper,117,29,536.00,1,2,21
2026-09-20T13:45:17+00:00,371,536.00,546.00,577.00,446.00,446.00,446.00,446.00,1,Upper,117,29,536.00,1,2,21
2026-09-20T13:49:19+00:00,371,536.00,546.00,577.00,446.00,446.00,446.00,446.00,1,Upper,117,29,536.00,1,2,21
2026-09-20T13:53:21+00:00,371,536.00,546.00,577.00,446.00,446.00,446.00,446.00,1,Upper,117,29,536.00,1,2,21
2026-09-20T13:57:32+00:00,370,536.00,546.00,577.00,446.00,446.00,446.00,446.00,1,Upper,117,29,536.00,1,2,21
2026-09-20T14:01:34+00:00,370,536.00,546.00,577.00,445.00,445.00,445.00,445.00,1,Upper,117,29,536.00,1,2,21
2026-09-20T14:05:35+00:00,370,536.00,508.00,577.00,445.00,445.00,445.00,445.00,1,Upper,117,29,508.00,2,34,36
2026-09-20T14:09:37+00:00,370,536.00,508.00,577.00,445.00,445.00,445.00,445.00,1,Upper,117,29,508.00,2,34,36
2026-09-20T14:13:39+00:00,371,536.00,508.00,577.00,444.00,444.00,444.00,444.00,1,Upper,117,29,508.00,2,34,36
2026-09-20T14:17:41+00:00,371,536.00,508.00,577.00,444.00,444.00,444.00,444.00,1,Upper,117,29,508.00,2,34,36
2026-09-20T14:21:43+00:00,370,536.00,508.00,577.00,444.00,444.00,444.00,444.00,1,Upper,117,29,508.00,2,34,36
2026-09-20T14:25:44+00:00,371,536.00,508.00,577.00,444.00,444.00,444.00,444.00,1,Upper,117,29,508.00,2,34,36
2026-09-20T14:29:48+00:00,372,536.00,508.00,577.00,448.00,448.00,448.00,448.00,1,Upper,117,29,508.00,2,34,36
2026-09-20T14:33:50+00:00,369,536.00,508.00,577.00,448.00,448.00,448.00,448.00,1,Upper,117,29,508.00,2,34,36
2026-09-20T14:37:52+00:00,368,536.00,508.00,577.00,448.00,448.00,448.00,448.00,1,Upper,117,29,508.00,2,34,36
2026-09-20T14:41:53+00:00,361,536.00,508.00,604.00,405.00,405.00,405.00,405.00,1,Upper,117,29,508.00,2,34,36
2026-09-20T14:45:55+00:00,361,536.00,508.00,604.00,405.00,405.00,405.00,405.00,1,Upper,117,29,508.00,2,34,36
2026-09-20T14:49:57+00:00,364,536.00,508.00,604.00,407.00,407.00,407.00,407.00,1,Upper,117,29,508.00,2,34,36
2026-09-20T14:54:00+00:00,366,536.00,508.00,577.00,449.00,408.00,449.00,408.00,2,Upper,117,29,508.00,2,34,36
2026-09-20T14:58:01+00:00,365,536.00,551.00,577.00,449.00,408.00,449.00,408.00,2,Upper,117,29,536.00,1,2,21
2026-09-20T15:02:04+00:00,365,536.00,552.00,577.00,444.00,403.00,444.00,403.00,2,Upper,117,29,536.00,1,2,21
2026-09-20T15:06:06+00:00,365,536.00,552.00,577.00,444.00,403.00,444.00,403.00,2,Upper,117,29,536.00,1,2,21
2026-09-20T15:10:08+00:00,365,536.00,552.00,577.00,444.00,403.00,444.00,403.00,2,Upper,117,29,536.00,1,2,21
2026-09-20T15:14:10+00:00,361,536.00,552.00,577.00,444.00,403.00,444.00,403.00,2,Upper,117,29,536.00,1,2,21
2026-09-20T15:18:12+00:00,361,536.00,552.00,577.00,444.00,403.00,444.00,403.00,2,Upper,117,29,536.00,1,2,21
2026-09-20T15:22:13+00:00,364,536.00,552.00,577.00,444.00,403.00,444.00,403.00,2,Upper,117,29,536.00,1,2,21
2026-09-20T15:26:15+00:00,364,536.00,552.00,577.00,477.00,403.00,477.00,403.00,2,Upper,117,29,536.00,1,2,21
2026-09-20T15:30:17+00:00,363,536.00,552.00,577.00,443.00,402.00,443.00,402.00,2,Upper,117,29,536.00,1,2,21
2026-09-20T15:34:21+00:00,366,536.00,552.00,577.00,443.00,402.00,443.00,402.00,2,Upper,117,29,536.00,1,2,21
2026-09-20T15:38:22+00:00,364,536.00,552.00,577.00,443.00,403.00,443.00,403.00,2,Upper,117,29,536.00,1,2,21
2026-09-20T15:42:24+00:00,362,536.00,551.00,577.00,444.00,403.00,444.00,403.00,2,Upper,117,29,536.00,1,2,21
2026-09-20T15:46:26+00:00,361,536.00,551.00,577.00,444.00,408.00,444.00,408.00,2,Upper,117,29,536.00,1,2,21
2026-09-20T15:50:28+00:00,364,536.00,551.00,577.00,448.00,408.00,448.00,408.00,2,Upper,117,29,536.00,1,2,21
2026-09-20T15:54:30+00:00,366,536.00,551.00,577.00,449.00,409.00,449.00,409.00,2,Upper,117,29,536.00,1,2,21
2026-09-20T15:58:32+00:00,366,536.00,551.00,577.00,449.00,409.00,449.00,409.00,2,Upper,117,29,536.00,1,2,21
2026-09-20T16:02:33+00:00,366,536.00,551.00,577.00,449.00,409.00,449.00,409.00,2,Upper,117,29,536.00,1,2,21
2026-09-20T16:06:37+00:00,365,536.00,551.00,577.00,449.00,409.00,449.00,409.00,2,Upper,117,29,536.00,1,2,21
2026-09-20T16:10:39+00:00,364,536.00,551.00,577.00,460.00,418.00,460.00,418.00,2,Upper,117,29,536.00,1,2,21
2026-09-20T16:14:40+00:00,366,536.00,551.00,577.00,460.00,418.00,460.00,418.00,2,Upper,117,29,536.00,1,2,21
2026-09-20T16:18:42+00:00,369,536.00,551.00,577.00,485.00,441.00,485.00,441.00,2,Upper,117,29,536.00,1,2,21
2026-09-20T16:22:44+00:00,369,536.00,551.00,577.00,486.00,443.00,486.00,443.00,2,Upper,117,29,536.00,1,2,21
2026-09-20T16:26:46+00:00,368,536.00,551.00,577.00,486.00,443.00,486.00,443.00,2,Upper,117,29,536.00,1,2,21
2026-09-20T16:30:48+00:00,372,536.00,551.00,577.00,486.00,443.00,486.00,443.00,2,Upper,117,29,536.00,1,2,21
2026-09-20T16:34:50+00:00,371,536.00,551.00,604.00,492.00,451.00,492.00,451.00,2,Upper,117,29,536.00,1,2,21
2026-09-20T16:38:53+00:00,370,536.00,551.00,577.00,492.00,451.00,492.00,451.00,2,Upper,117,29,536.00,1,2,21
2026-09-20T16:42:55+00:00,370,536.00,551.00,577.00,492.00,451.00,492.00,451.00,2,Upper,117,29,536.00,1,2,21
2026-09-20T16:46:57+00:00,369,536.00,551.00,577.00,492.00,451.00,492.00,451.00,2,Upper,117,29,536.00,1,2,21
2026-09-20T16:50:59+00:00,369,536.00,551.00,577.00,492.00,451.00,492.00,451.00,2,Upper,117,29,536.00,1,2,21
2026-09-20T16:55:01+00:00,365,536.00,551.00,577.00,485.00,441.00,485.00,441.00,2,Upper,117,29,536.00,1,2,21
2026-09-20T16:59:03+00:00,365,536.00,551.00,577.00,485.00,441.00,485.00,441.00,2,Upper,117,29,536.00,1,2,21
2026-09-20T17:03:05+00:00,365,536.00,551.00,577.00,485.00,441.00,485.00,441.00,2,Upper,117,29,536.00,1,2,21
2026-09-20T17:07:07+00:00,367,536.00,551.00,577.00,485.00,441.00,485.00,441.00,2,Upper,117,29,536.00,1,2,21
2026-09-20T17:11:10+00:00,368,536.00,551.00,577.00,485.00,441.00,485.00,441.00,2,Upper,117,29,536.00,1,2,21
2026-09-20T17:15:12+00:00,368,536.00,551.00,577.00,485.00,441.00,485.00,441.00,2,Upper,117,29,536.00,1,2,21
2026-09-20T17:19:14+00:00,364,536.00,551.00,571.00,489.00,444.00,489.00,444.00,2,Upper,117,29,536.00,1,2,21
2026-09-20T17:23:16+00:00,363,536.00,551.00,571.00,486.00,441.00,486.00,441.00,2,Upper,117,29,536.00,1,2,21
2026-09-20T17:27:18+00:00,363,536.00,551.00,571.00,486.00,441.00,486.00,441.00,2,Upper,117,29,536.00,1,2,21
2026-09-20T17:31:19+00:00,363,536.00,551.00,571.00,486.00,441.00,486.00,441.00,2,Upper,117,29,536.00,1,2,21
2026-09-20T17:35:21+00:00,364,536.00,551.00,571.00,486.00,441.00,486.00,441.00,2,Upper,117,29,536.00,1,2,21
2026-09-20T17:39:23+00:00,362,536.00,551.00,571.00,486.00,441.00,486.00,441.00,2,Upper,117,29,536.00,1,2,21
2026-09-20T17:43:27+00:00,361,536.00,551.00,571.00,475.00,432.00,475.00,432.00,2,Upper,117,29,536.00,1,2,21
2026-09-20T17:47:28+00:00,362,536.00,551.00,571.00,475.00,432.00,475.00,432.00,2,Upper,117,29,536.00,1,2,21
2026-09-20T17:51:29+00:00,357,536.00,551.00,571.00,475.00,432.00,475.00,432.00,2,Upper,117,29,536.00,1,2,21
2026-09-20T17:55:31+00:00,358,536.00,551.00,571.00,475.00,432.00,475.00,432.00,2,Upper,117,29,536.00,1,2,21
2026-09-20T17:59:33+00:00,356,536.00,551.00,571.00,469.00,426.00,469.00,426.00,2,Upper,117,29,536.00,1,2,21
2026-09-20T18:03:34+00:00,355,536.00,551.00,571.00,469.00,426.00,469.00,426.00,2,Upper,117,29,536.00,1,2,21
2026-09-20T18:07:36+00:00,359,536.00,551.00,571.00,470.00,428.00,470.00,428.00,2,Upper,117,29,536.00,1,2,21
2026-09-20T18:11:38+00:00,360,536.00,551.00,571.00,470.00,428.00,470.00,428.00,2,Upper,117,29,536.00,1,2,21
2026-09-20T18:15:42+00:00,359,536.00,551.00,571.00,470.00,428.00,470.00,428.00,2,Upper,117,29,536.00,1,2,21
2026-09-20T18:19:44+00:00,362,536.00,551.00,571.00,470.00,428.00,470.00,428.00,2,Upper,117,29,536.00,1,2,21
2026-09-20T18:23:45+00:00,358,536.00,551.00,571.00,471.00,429.00,471.00,429.00,2,Upper,117,29,536.00,1,2,21
2026-09-20T18:27:47+00:00,357,536.00,551.00,571.00,471.00,429.00,471.00,429.00,2,Upper,117,29,536.00,1,2,21
2026-09-20T18:31:49+00:00,356,536.00,551.00,571.00,471.00,429.00,471.00,429.00,2,Upper,117,29,536.00,1,2,21
2026-09-20T18:35:51+00:00,318,536.00,551.00,571.00,470.00,428.00,470.00,428.00,2,Upper,117,29,536.00,1,2,21
2026-09-20T18:39:53+00:00,361,536.00,551.00,571.00,470.00,428.00,470.00,428.00,2,Upper,117,29,536.00,1,2,21
2026-09-20T18:43:55+00:00,360,536.00,551.00,571.00,470.00,428.00,470.00,428.00,2,Upper,117,29,536.00,1,2,21
2026-09-20T18:47:58+00:00,367,536.00,551.00,571.00,471.00,429.00,471.00,429.00,2,Upper,117,29,536.00,1,2,21
2026-09-20T18:52:00+00:00,359,536.00,551.00,571.00,471.00,429.00,471.00,429.00,2,Upper,117,29,536.00,1,2,21
2026-09-20T18:56:02+00:00,362,536.00,551.00,571.00,472.00,430.00,472.00,430.00,2,Upper,117,29,536.00,1,2,21
2026-09-20T19:00:14+00:00,362,575.00,551.00,571.00,472.00,430.00,472.00,430.00,2,Upper,117,29,551.00,2,30,44
2026-09-20T19:04:16+00:00,362,575.00,551.00,571.00,472.00,430.00,472.00,430.00,2,Upper,117,29,551.00,2,30,44
2026-09-20T19:08:18+00:00,364,575.00,551.00,571.00,472.00,430.00,472.00,430.00,2,Upper,117,29,551.00,2,30,44
2026-09-20T19:12:19+00:00,362,571.00,551.00,571.00,472.00,430.00,472.00,430.00,2,Upper,117,29,551.00,2,30,44
2026-09-20T19:16:21+00:00,362,575.00,551.00,577.00,472.00,430.00,472.00,430.00,2,Upper,117,29,551.00,2,30,44
2026-09-20T19:20:23+00:00,361,575.00,551.00,577.00,472.00,430.00,472.00,430.00,2,Upper,117,29,551.00,2,30,44
2026-09-20T19:24:25+00:00,360,575.00,551.00,577.00,472.00,430.00,472.00,430.00,2,Upper,117,29,551.00,2,30,44
2026-09-20T19:28:26+00:00,363,575.00,551.00,577.00,472.00,430.00,472.00,430.00,2,Upper,117,29,551.00,2,30,44
2026-09-20T19:32:29+00:00,364,577.00,551.00,577.00,474.00,431.00,474.00,431.00,2,Upper,117,29,551.00,2,30,44
2026-09-20T19:36:31+00:00,366,604.00,551.00,577.00,474.00,431.00,474.00,431.00,2,Upper,117,29,551.00,2,30,44
2026-09-20T19:40:33+00:00,363,577.00,551.00,577.00,474.00,431.00,474.00,431.00,2,Upper,117,29,551.00,2,30,44
2026-09-20T19:44:35+00:00,363,577.00,551.00,577.00,472.00,430.00,472.00,430.00,2,Upper,117,29,551.00,2,30,44
2026-09-20T19:48:36+00:00,361,577.00,551.00,577.00,472.00,430.00,472.00,430.00,2,Upper,117,29,551.00,2,30,44
2026-09-20T19:52:38+00:00,362,577.00,551.00,577.00,472.00,430.00,472.00,430.00,2,Upper,117,29,551.00,2,30,44
2026-09-20T19:56:40+00:00,362,577.00,551.00,577.00,472.00,430.00,472.00,430.00,2,Upper,117,29,551.00,2,30,44
2026-09-20T20:00:41+00:00,360,577.00,551.00,577.00,446.00,406.00,446.00,406.00,2,Upper,117,29,551.00,2,30,44
2026-09-20T20:04:44+00:00,360,577.00,551.00,577.00,446.00,406.00,446.00,406.00,2,Upper,117,29,551.00,2,30,44
2026-09-20T20:08:47+00:00,360,577.00,551.00,577.00,446.00,406.00,446.00,406.00,2,Upper,117,29,551.00,2,30,44
2026-09-20T20:12:48+00:00,362,577.00,551.00,577.00,430.00,459.00,430.00,430.00,1,Upper,117,29,551.00,2,30,44
2026-09-20T20:16:51+00:00,361,577.00,551.00,577.00,430.00,459.00,430.00,430.00,1,Upper,117,29,551.00,2,30,44
2026-09-20T20:20:52+00:00,361,577.00,551.00,577.00,430.00,459.00,430.00,430.00,1,Upper,117,29,551.00,2,30,44
2026-09-20T20:24:54+00:00,361,577.00,551.00,577.00,429.00,459.00,429.00,429.00,1,Upper,117,29,551.00,2,30,44
2026-09-20T20:28:56+00:00,361,577.00,551.00,577.00,429.00,459.00,429.00,429.00,1,Upper,117,29,551.00,2,30,44
2026-09-20T20:32:57+00:00,357,577.00,551.00,577.00,429.00,459.00,429.00,429.00,1,Upper,117,29,551.00,2,30,44
2026-09-20T20:36:59+00:00,361,577.00,551.00,577.00,429.00,459.00,429.00,429.00,1,Upper,117,29,551.00,2,30,44
2026-09-20T20:41:01+00:00,365,604.00,551.00,577.00,471.00,459.00,471.00,459.00,2,Upper,142,25,551.00,2,30,44
2026-09-20T20:45:03+00:00,364,604.00,551.00,577.00,471.00,459.00,471.00,459.00,2,Upper,142,25,551.00,2,30,44
2026-09-20T20:49:04+00:00,365,604.00,551.00,577.00,471.00,459.00,471.00,459.00,2,Upper,142,25,551.00,2,30,44
2026-09-20T20:53:06+00:00,366,604.00,551.00,577.00,471.00,459.00,471.00,459.00,2,Upper,142,25,551.00,2,30,44
2026-09-20T20:57:08+00:00,367,604.00,551.00,577.00,471.00,459.00,471.00,459.00,2,Upper,142,25,551.00,2,30,44
2026-09-20T21:01:09+00:00,367,604.00,551.00,577.00,472.00,459.00,472.00,459.00,2,Upper,142,25,551.00,2,30,44
2026-09-20T21:05:11+00:00,366,604.00,551.00,577.00,472.00,459.00,472.00,459.00,2,Upper,142,25,551.00,2,30,44
2026-09-20T21:09:14+00:00,366,604.00,551.00,577.00,472.00,459.00,472.00,459.00,2,Upper,142,25,551.00,2,30,44
2026-09-20T21:13:16+00:00,366,604.00,551.00,577.00,475.00,459.00,475.00,459.00,2,Upper,142,25,551.00,2,30,44
2026-09-20T21:17:17+00:00,362,604.00,551.00,577.00,461.00,459.00,461.00,459.00,2,Upper,142,25,551.00,2,30,44
2026-09-20T21:21:20+00:00,362,604.00,551.00,577.00,461.00,459.00,461.00,459.00,2,Upper,142,25,551.00,2,30,44
2026-09-20T21:25:21+00:00,363,604.00,551.00,577.00,461.00,418.00,461.00,418.00,2,Upper,117,30,551.00,2,30,44
2026-09-20T21:29:23+00:00,360,577.00,551.00,577.00,461.00,418.00,461.00,418.00,2,Upper,117,30,551.00,2,30,44
2026-09-20T21:33:25+00:00,360,577.00,551.00,577.00,461.00,418.00,461.00,418.00,2,Upper,117,30,551.00,2,30,44
2026-09-20T21:37:27+00:00,360,577.00,551.00,577.00,462.00,420.00,462.00,420.00,2,Upper,117,30,551.00,2,30,44
2026-09-20T21:41:31+00:00,363,604.00,551.00,577.00,462.00,420.00,462.00,420.00,2,Upper,117,30,551.00,2,30,44
2026-09-20T21:45:33+00:00,363,604.00,551.00,577.00,462.00,420.00,462.00,420.00,2,Upper,117,30,551.00,2,30,44
2026-09-20T21:49:34+00:00,363,604.00,551.00,577.00,462.00,420.00,462.00,420.00,2,Upper,117,30,551.00,2,30,44
2026-09-20T21:53:36+00:00,364,604.00,551.00,577.00,462.00,420.00,462.00,420.00,2,Upper,117,30,551.00,2,30,44
2026-09-20T21:57:38+00:00,359,577.00,551.00,577.00,462.00,420.00,462.00,420.00,2,Upper,117,30,551.00,2,30,44
2026-09-20T22:01:40+00:00,358,577.00,551.00,577.00,461.00,420.00,461.00,420.00,2,Upper,117,30,551.00,2,30,44
2026-09-20T22:05:42+00:00,361,577.00,551.00,577.00,461.00,420.00,461.00,420.00,2,Upper,117,30,551.00,2,30,44
2026-09-20T22:09:44+00:00,365,604.00,551.00,577.00,461.00,420.00,461.00,420.00,2,Upper,117,30,551.00,2,30,44
2026-09-20T22:13:47+00:00,365,604.00,551.00,577.00,463.00,421.00,463.00,421.00,2,Upper,117,30,551.00,2,30,44
2026-09-20T22:17:48+00:00,365,604.00,551.00,577.00,463.00,421.00,463.00,421.00,2,Upper,117,30,551.00,2,30,44
2026-09-20T22:21:50+00:00,366,604.00,551.00,577.00,463.00,421.00,463.00,421.00,2,Upper,117,30,551.00,2,30,44
2026-09-20T22:25:52+00:00,366,604.00,551.00,577.00,463.00,421.00,463.00,421.00,2,Upper,117,30,551.00,2,30,44
2026-09-20T22:29:54+00:00,366,604.00,551.00,577.00,463.00,421.00,463.00,421.00,2,Upper,117,30,551.00,2,30,44
2026-09-20T22:33:55+00:00,363,577.00,551.00,577.00,463.00,421.00,463.00,421.00,2,Upper,117,30,551.00,2,30,44
2026-09-20T22:37:57+00:00,361,577.00,551.00,577.00,463.00,421.00,463.00,421.00,2,Upper,117,30,551.00,2,30,44
2026-09-20T22:41:59+00:00,361,577.00,551.00,577.00,461.00,420.00,461.00,420.00,2,Upper,117,30,551.00,2,30,44
2026-09-20T22:46:02+00:00,365,604.00,551.00,577.00,461.00,420.00,461.00,420.00,2,Upper,117,30,551.00,2,30,44
2026-09-20T22:50:04+00:00,362,577.00,551.00,577.00,461.00,420.00,461.00,420.00,2,Upper,117,30,551.00,2,30,44
2026-09-20T22:54:05+00:00,362,577.00,551.00,577.00,464.00,423.00,464.00,423.00,2,Upper,117,30,551.00,2,30,44
2026-09-20T22:58:07+00:00,365,604.00,551.00,577.00,464.00,423.00,464.00,423.00,2,Upper,117,30,551.00,2,30,44
2026-09-20T23:02:09+00:00,365,604.00,551.00,577.00,464.00,423.00,464.00,423.00,2,Upper,117,30,551.00,2,30,44
2026-09-20T23:06:11+00:00,366,604.00,551.00,577.00,462.00,421.00,462.00,421.00,2,Upper,117,30,551.00,2,30,44
2026-09-20T23:10:12+00:00,366,604.00,551.00,577.00,462.00,421.00,462.00,421.00,2,Upper,117,30,551.00,2,30,44
2026-09-20T23:14:14+00:00,366,604.00,551.00,577.00,460.00,418.00,460.00,418.00,2,Upper,117,30,551.00,2,30,44
2026-09-20T23:18:17+00:00,365,604.00,551.00,577.00,453.00,411.00,453.00,411.00,2,Upper,117,30,551.00,2,30,44
2026-09-20T23:22:19+00:00,365,604.00,551.00,577.00,456.00,416.00,456.00,416.00,2,Upper,117,30,551.00,2,30,44
2026-09-20T23:26:21+00:00,365,604.00,551.00,577.00,456.00,416.00,456.00,416.00,2,Upper,117,30,551.00,2,30,44
2026-09-20T23:30:23+00:00,366,604.00,551.00,577.00,455.00,414.00,455.00,414.00,2,Upper,117,30,551.00,2,30,44
2026-09-20T23:34:25+00:00,367,604.00,551.00,577.00,455.00,415.00,455.00,415.00,2,Upper,117,30,551.00,2,30,44
2026-09-20T23:38:26+00:00,366,604.00,551.00,577.00,455.00,415.00,455.00,415.00,2,Upper,117,30,551.00,2,30,44
2026-09-20T23:42:28+00:00,365,604.00,551.00,604.00,452.00,410.00,452.00,410.00,2,Upper,117,30,551.00,2,30,44
2026-09-20T23:46:30+00:00,365,604.00,551.00,604.00,452.00,410.00,452.00,410.00,2,Upper,117,30,551.00,2,30,44
2026-09-20T23:50:33+00:00,365,604.00,551.00,604.00,452.00,410.00,452.00,410.00,2,Upper,117,30,551.00,2,30,44
2026-09-20T23:54:35+00:00,365,607.00,551.00,604.00,452.00,410.00,452.00,410.00,2,Upper,117,30,551.00,2,30,44
2026-09-20T23:58:37+00:00,364,607.00,551.00,577.00,453.00,411.00,453.00,411.00,2,Upper,117,30,551.00,2,30,44
2026-09-21T00:02:51+00:00,363,607.00,551.00,577.00,453.00,411.00,453.00,411.00,2,Upper,117,30,551.00,2,30,44
2026-09-21T00:06:53+00:00,360,607.00,551.00,577.00,453.00,411.00,453.00,411.00,2,Upper,117,30,551.00,2,30,44
2026-09-21T00:10:55+00:00,358,604.00,551.00,577.00,453.00,411.00,453.00,411.00,2,Upper,117,30,551.00,2,30,44
2026-09-21T00:14:57+00:00,359,607.00,551.00,577.00,453.00,411.00,453.00,411.00,2,Upper,117,30,551.00,2,30,44
2026-09-21T00:18:59+00:00,358,571.00,551.00,571.00,456.00,416.00,456.00,416.00,2,Upper,117,30,551.00,2,30,44
2026-09-21T00:23:01+00:00,362,598.00,551.00,571.00,456.00,415.00,456.00,415.00,2,Upper,117,30,551.00,2,30,44
2026-09-21T00:27:03+00:00,357,571.00,551.00,571.00,456.00,415.00,456.00,415.00,2,Upper,117,30,551.00,2,30,44
2026-09-21T00:31:05+00:00,357,571.00,551.00,571.00,456.00,415.00,456.00,415.00,2,Upper,117,30,551.00,2,30,44
2026-09-21T00:35:08+00:00,357,598.00,551.00,571.00,456.00,415.00,456.00,415.00,2,Upper,117,30,551.00,2,30,44
2026-09-21T00:39:10+00:00,358,598.00,551.00,571.00,456.00,415.00,456.00,415.00,2,Upper,117,30,551.00,2,30,44
2026-09-21T00:43:12+00:00,359,598.00,551.00,571.00,454.00,413.00,454.00,413.00,2,Upper,117,30,551.00,2,30,44
2026-09-21T00:47:14+00:00,359,598.00,551.00,571.00,454.00,413.00,454.00,413.00,2,Upper,117,30,551.00,2,30,44
2026-09-21T00:51:16+00:00,361,598.00,551.00,571.00,454.00,413.00,454.00,413.00,2,Upper,117,30,551.00,2,30,44
2026-09-21T00:55:18+00:00,360,598.00,551.00,571.00,452.00,410.00,452.00,410.00,2,Upper,117,30,551.00,2,30,44
2026-09-21T00:59:20+00:00,361,598.00,551.00,571.00,452.00,410.00,452.00,410.00,2,Upper,117,30,551.00,2,30,44
2026-09-21T01:03:22+00:00,361,598.00,551.00,571.00,452.00,410.00,452.00,410.00,2,Upper,117,30,551.00,2,30,44
2026-09-21T01:07:26+00:00,358,598.00,551.00,571.00,454.00,413.00,454.00,413.00,2,Upper,117,30,551.00,2,30,44
2026-09-21T01:11:26+00:00,356,598.00,551.00,571.00,454.00,413.00,454.00,413.00,2,Upper,117,30,551.00,2,30,44
2026-09-21T01:15:28+00:00,356,598.00,551.00,571.00,454.00,413.00,454.00,413.00,2,Upper,117,30,551.00,2,30,44
2026-09-21T01:19:30+00:00,355,598.00,551.00,571.00,451.00,410.00,451.00,410.00,2,Upper,117,30,551.00,2,30,44
2026-09-21T01:23:32+00:00,355,598.00,551.00,571.00,452.00,410.00,452.00,410.00,2,Upper,117,30,551.00,2,30,44
2026-09-21T01:27:34+00:00,355,598.00,551.00,571.00,452.00,410.00,452.00,410.00,2,Upper,117,30,551.00,2,30,44
2026-09-21T01:31:36+00:00,360,598.00,551.00,571.00,452.00,410.00,452.00,410.00,2,Upper,117,30,551.00,2,30,44
2026-09-21T01:35:38+00:00,360,598.00,551.00,571.00,452.00,410.00,452.00,410.00,2,Upper,117,30,551.00,2,30,44
2026-09-21T01:39:42+00:00,360,598.00,551.00,571.00,452.00,410.00,452.00,410.00,2,Upper,117,30,551.00,2,30,44
2026-09-21T01:43:42+00:00,361,598.00,551.00,571.00,453.00,411.00,453.00,411.00,2,Upper,117,30,551.00,2,30,44
2026-09-21T01:47:44+00:00,361,598.00,551.00,571.00,453.00,411.00,453.00,411.00,2,Upper,117,30,551.00,2,30,44
2026-09-21T01:51:46+00:00,364,598.00,551.00,571.00,411.00,411.00,411.00,411.00,1,Upper,117,31,551.00,2,30,44
2026-09-21T01:55:48+00:00,364,598.00,551.00,571.00,410.00,410.00,410.00,410.00,1,Upper,117,31,551.00,2,30,44
2026-09-21T01:59:50+00:00,364,598.00,551.00,571.00,410.00,410.00,410.00,410.00,1,Upper,117,31,551.00,2,30,44
2026-09-21T02:03:53+00:00,364,598.00,551.00,571.00,410.00,410.00,410.00,410.00,1,Upper,117,31,551.00,2,30,44
2026-09-21T02:07:54+00:00,364,598.00,551.00,571.00,413.00,413.00,413.00,413.00,1,Upper,117,31,551.00,2,30,44
2026-09-21T02:11:58+00:00,362,598.00,551.00,571.00,413.00,413.00,413.00,413.00,1,Upper,117,31,551.00,2,30,44
2026-09-21T02:16:00+00:00,362,598.00,551.00,571.00,408.00,408.00,408.00,408.00,1,Upper,117,31,551.00,2,30,44
2026-09-21T02:20:02+00:00,362,598.00,551.00,571.00,408.00,408.00,408.00,408.00,1,Upper,117,31,551.00,2,30,44
2026-09-21T02:24:04+00:00,362,598.00,551.00,571.00,408.00,408.00,408.00,408.00,1,Upper,117,31,551.00,2,30,44
2026-09-21T02:28:06+00:00,363,598.00,551.00,571.00,408.00,408.00,408.00,408.00,1,Upper,117,31,551.00,2,30,44
2026-09-21T02:32:08+00:00,363,598.00,551.00,571.00,471.00,408.00,471.00,408.00,2,Upper,117,30,551.00,2,30,44
2026-09-21T02:36:10+00:00,359,598.00,551.00,571.00,471.00,408.00,471.00,408.00,2,Upper,117,30,551.00,2,30,44
2026-09-21T02:40:12+00:00,358,598.00,551.00,571.00,471.00,408.00,471.00,408.00,2,Upper,117,30,551.00,2,30,44
2026-09-21T02:44:16+00:00,358,598.00,551.00,571.00,471.00,408.00,471.00,408.00,2,Upper,117,30,551.00,2,30,44
2026-09-21T02:48:18+00:00,360,598.00,551.00,571.00,472.00,408.00,472.00,408.00,2,Upper,117,30,551.00,2,30,44
2026-09-21T02:52:20+00:00,358,598.00,551.00,571.00,408.00,408.00,408.00,408.00,1,Upper,117,30,551.00,2,30,44
2026-09-21T02:56:22+00:00,358,598.00,551.00,571.00,408.00,408.00,408.00,408.00,1,Upper,117,30,551.00,2,30,44
2026-09-21T03:00:24+00:00,358,598.00,551.00,571.00,408.00,408.00,408.00,408.00,1,Upper,117,30,551.00,2,30,44
2026-09-21T03:04:26+00:00,358,571.00,551.00,571.00,471.00,408.00,471.00,408.00,2,Upper,117,30,551.00,2,30,44
2026-09-21T03:08:28+00:00,358,571.00,551.00,571.00,471.00,408.00,471.00,408.00,2,Upper,117,30,551.00,2,30,44
2026-09-21T03:12:30+00:00,358,571.00,551.00,571.00,474.00,410.00,474.00,410.00,2,Upper,117,30,551.00,2,30,44
2026-09-21T03:16:34+00:00,359,571.00,551.00,571.00,474.00,414.00,474.00,414.00,2,Upper,117,30,551.00,2,30,44
2026-09-21T03:20:36+00:00,359,571.00,551.00,571.00,474.00,414.00,474.00,414.00,2,Upper,117,30,551.00,2,30,44
2026-09-21T03:24:38+00:00,361,571.00,551.00,571.00,474.00,413.00,474.00,413.00,2,Upper,117,30,551.00,2,30,44
2026-09-21T03:28:40+00:00,361,571.00,551.00,571.00,474.00,413.00,474.00,413.00,2,Upper,117,30,551.00,2,30,44
2026-09-21T03:32:42+00:00,361,571.00,551.00,571.00,474.00,413.00,474.00,413.00,2,Upper,117,30,551.00,2,30,44
2026-09-21T03:36:44+00:00,360,598.00,551.00,571.00,474.00,413.00,474.00,413.00,2,Upper,117,30,551.00,2,30,44
2026-09-21T03:40:46+00:00,359,598.00,551.00,598.00,474.00,413.00,474.00,413.00,2,Upper,117,30,551.00,2,30,44
2026-09-21T03:44:48+00:00,357,598.00,551.00,598.00,473.00,411.00,473.00,411.00,2,Upper,117,30,551.00,2,30,44
2026-09-21T03:48:52+00:00,357,598.00,551.00,571.00,473.00,411.00,473.00,411.00,2,Upper,117,30,551.00,2,30,44
2026-09-21T03:52:54+00:00,355,598.00,551.00,571.00,473.00,411.00,473.00,411.00,2,Upper,117,30,551.00,2,30,44
2026-09-21T03:56:56+00:00,355,598.00,551.00,571.00,476.00,413.00,476.00,413.00,2,Upper,117,30,551.00,2,30,44
2026-09-21T04:00:57+00:00,355,598.00,551.00,571.00,476.00,413.00,476.00,413.00,2,Upper,117,30,551.00,2,30,44
2026-09-21T04:04:59+00:00,355,598.00,551.00,571.00,476.00,413.00,476.00,413.00,2,Upper,117,30,551.00,2,30,44
2026-09-21T04:09:01+00:00,355,598.00,551.00,571.00,476.00,413.00,476.00,413.00,2,Upper,117,30,551.00,2,30,44
2026-09-21T04:13:03+00:00,355,598.00,551.00,571.00,476.00,413.00,476.00,413.00,2,Upper,117,30,551.00,2,30,44
2026-09-21T04:17:05+00:00,355,598.00,551.00,571.00,476.00,413.00,476.00,413.00,2,Upper,117,30,551.00,2,30,44
2026-09-21T04:21:09+00:00,356,598.00,551.00,571.00,476.00,413.00,476.00,413.00,2,Upper,117,30,551.00,2,30,44
2026-09-21T04:25:11+00:00,358,598.00,551.00,571.00,476.00,413.00,476.00,413.00,2,Upper,117,30,551.00,2,30,44
2026-09-21T04:29:13+00:00,358,598.00,551.00,571.00,476.00,413.00,476.00,413.00,2,Upper,117,30,551.00,2,30,44
2026-09-21T04:33:15+00:00,357,598.00,551.00,571.00,476.00,413.00,476.00,413.00,2,Upper,117,30,551.00,2,30,44
2026-09-21T04:37:17+00:00,357,598.00,551.00,571.00,476.00,413.00,476.00,413.00,2,Upper,117,30,551.00,2,30,44
2026-09-21T04:41:19+00:00,357,598.00,551.00,571.00,476.00,413.00,476.00,413.00,2,Upper,117,30,551.00,2,30,44
2026-09-21T04:45:21+00:00,361,598.00,551.00,571.00,476.00,413.00,476.00,413.00,2,Upper,117,30,551.00,2,30,44
2026-09-21T04:49:23+00:00,362,598.00,551.00,571.00,476.00,413.00,476.00,413.00,2,Upper,117,30,551.00,2,30,44
2026-09-21T04:53:27+00:00,359,598.00,551.00,571.00,476.00,413.00,476.00,413.00,2,Upper,117,30,551.00,2,30,44
2026-09-21T04:57:29+00:00,359,598.00,551.00,571.00,476.00,413.00,476.00,413.00,2,Upper,117,30,551.00,2,30,44
2026-09-21T05:01:30+00:00,364,571.00,551.00,571.00,476.00,413.00,476.00,413.00,2,Upper,117,30,551.00,2,30,44
2026-09-21T05:05:45+00:00,365,571.00,551.00,571.00,476.00,413.00,476.00,413.00,2,Upper,117,30,551.00,2,30,44
2026-09-21T05:09:47+00:00,362,571.00,551.00,571.00,476.00,413.00,476.00,413.00,2,Upper,117,30,551.00,2,30,44
2026-09-21T05:13:48+00:00,360,598.00,551.00,571.00,476.00,413.00,476.00,413.00,2,Upper,117,30,551.00,2,30,44
2026-09-21T05:17:50+00:00,357,598.00,551.00,571.00,476.00,413.00,476.00,413.00,2,Upper,117,30,551.00,2,30,44
2026-09-21T05:21:52+00:00,357,598.00,551.00,571.00,476.00,413.00,476.00,413.00,2,Upper,117,30,551.00,2,30,44
2026-09-21T05:25:54+00:00,357,598.00,551.00,571.00,476.00,413.00,476.00,413.00,2,Upper,117,30,551.00,2,30,44
2026-09-21T05:29:56+00:00,357,598.00,551.00,571.00,476.00,413.00,476.00,413.00,2,Upper,117,30,551.00,2,30,44
2026-09-21T05:33:57+00:00,357,598.00,551.00,571.00,476.00,413.00,476.00,413.00,2,Upper,117,30,551.00,2,30,44
2026-09-21T05:38:00+00:00,357,598.00,551.00,571.00,476.00,413.00,476.00,413.00,2,Upper,117,30,551.00,2,30,44
2026-09-21T05:42:02+00:00,357,598.00,551.00,571.00,476.00,413.00,476.00,413.00,2,Upper,117,30,551.00,2,30,44
2026-09-21T05:46:04+00:00,357,598.00,551.00,571.00,476.00,413.00,476.00,413.00,2,Upper,117,30,551.00,2,30,44
2026-09-21T05:50:06+00:00,358,598.00,551.00,571.00,476.00,413.00,476.00,413.00,2,Upper,117,30,551.00,2,30,44
2026-09-21T05:54:07+00:00,358,598.00,551.00,571.00,476.00,413.00,476.00,413.00,2,Upper,117,30,551.00,2,30,44
2026-09-21T05:58:09+00:00,356,598.00,551.00,571.00,476.00,413.00,476.00,413.00,2,Upper,117,30,551.00,2,30,44
2026-09-21T06:02:11+00:00,356,598.00,551.00,571.00,476.00,413.00,476.00,413.00,2,Upper,117,30,551.00,2,30,44
2026-09-21T06:06:13+00:00,368,598.00,551.00,571.00,476.00,413.00,476.00,413.00,2,Upper,117,30,551.00,2,30,44
2026-09-21T06:10:15+00:00,368,598.00,551.00,571.00,476.00,413.00,476.00,413.00,2,Upper,117,30,551.00,2,30,44
2026-09-21T06:14:17+00:00,368,598.00,551.00,571.00,476.00,413.00,476.00,413.00,2,Upper,117,30,551.00,2,30,44
2026-09-21T06:18:19+00:00,369,571.00,551.00,571.00,477.00,414.00,477.00,414.00,2,Upper,117,30,551.00,2,30,44
2026-09-21T06:22:21+00:00,369,571.00,551.00,571.00,477.00,414.00,477.00,414.00,2,Upper,117,30,551.00,2,30,44
2026-09-21T06:26:23+00:00,369,571.00,551.00,571.00,477.00,414.00,477.00,414.00,2,Upper,117,30,551.00,2,30,44
2026-09-21T06:30:25+00:00,369,571.00,551.00,571.00,477.00,414.00,477.00,414.00,2,Upper,117,30,551.00,2,30,44
2026-09-21T06:34:27+00:00,369,571.00,551.00,571.00,477.00,414.00,477.00,414.00,2,Upper,117,30,551.00,2,30,44
2026-09-21T06:38:29+00:00,369,571.00,551.00,571.00,477.00,414.00,477.00,414.00,2,Upper,117,30,551.00,2,30,44
2026-09-21T06:42:32+00:00,359,571.00,551.00,571.00,477.00,414.00,477.00,414.00,2,Upper,117,30,551.00,2,30,44
2026-09-21T06:46:33+00:00,360,571.00,551.00,571.00,477.00,414.00,477.00,414.00,2,Upper,117,30,551.00,2,30,44
2026-09-21T06:50:35+00:00,360,571.00,551.00,571.00,477.00,414.00,477.00,414.00,2,Upper,117,30,551.00,2,30,44
2026-09-21T06:54:37+00:00,360,571.00,551.00,571.00,477.00,414.00,477.00,414.00,2,Upper,117,30,551.00,2,30,44
2026-09-21T06:58:39+00:00,359,571.00,551.00,571.00,477.00,415.00,477.00,415.00,2,Upper,117,30,551.00,2,30,44
2026-09-21T07:02:40+00:00,357,598.00,551.00,571.00,477.00,415.00,477.00,415.00,2,Upper,117,30,551.00,2,30,44
2026-09-21T07:06:42+00:00,357,598.00,551.00,571.00,477.00,415.00,477.00,415.00,2,Upper,117,30,551.00,2,30,44
2026-09-21T07:10:44+00:00,357,598.00,551.00,571.00,477.00,415.00,477.00,415.00,2,Upper,117,30,551.00,2,30,44
2026-09-21T07:14:45+00:00,360,598.00,551.00,571.00,477.00,415.00,477.00,415.00,2,Upper,117,30,551.00,2,30,44
2026-09-21T07:18:48+00:00,360,598.00,551.00,571.00,477.00,415.00,477.00,415.00,2,Upper,117,30,551.00,2,30,44
2026-09-21T07:22:49+00:00,360,598.00,551.00,571.00,477.00,414.00,477.00,414.00,2,Upper,117,30,551.00,2,30,44
2026-09-21T07:26:51+00:00,360,598.00,551.00,571.00,477.00,414.00,477.00,414.00,2,Upper,117,30,551.00,2,30,44
2026-09-21T07:30:52+00:00,360,598.00,551.00,571.00,477.00,414.00,477.00,414.00,2,Upper,117,30,551.00,2,30,44
2026-09-21T07:34:54+00:00,356,598.00,551.00,571.00,474.00,409.00,474.00,409.00,2,Upper,117,30,551.00,2,30,44
2026-09-21T07:38:56+00:00,356,598.00,551.00,571.00,474.00,409.00,474.00,409.00,2,Upper,117,30,551.00,2,30,44
2026-09-21T07:42:57+00:00,356,598.00,551.00,571.00,474.00,409.00,474.00,409.00,2,Upper,117,30,551.00,2,30,44
2026-09-21T07:47:00+00:00,356,598.00,551.00,571.00,474.00,409.00,474.00,409.00,2,Upper,117,30,551.00,2,30,44
2026-09-21T07:51:02+00:00,356,598.00,551.00,571.00,474.00,409.00,474.00,409.00,2,Upper,117,30,551.00,2,30,44
2026-09-21T07:55:04+00:00,356,598.00,551.00,571.00,474.00,409.00,474.00,409.00,2,Upper,117,30,551.00,2,30,44
2026-09-21T07:59:04+00:00,356,598.00,551.00,571.00,474.00,409.00,474.00,409.00,2,Upper,117,30,551.00,2,30,44
2026-09-21T08:03:06+00:00,356,598.00,551.00,571.00,474.00,409.00,474.00,409.00,2,Upper,117,30,551.00,2,30,44
2026-09-21T08:07:08+00:00,356,598.00,551.00,571.00,474.00,409.00,474.00,409.00,2,Upper,117,30,551.00,2,30,44
2026-09-21T08:11:08+00:00,356,598.00,551.00,571.00,474.00,409.00,474.00,409.00,2,Upper,117,30,551.00,2,30,44
2026-09-21T08:15:09+00:00,356,598.00,551.00,571.00,474.00,409.00,474.00,409.00,2,Upper,117,30,551.00,2,30,44
2026-09-21T08:19:11+00:00,356,598.00,551.00,571.00,474.00,409.00,474.00,409.00,2,Upper,117,30,551.00,2,30,44
2026-09-21T08:23:13+00:00,356,598.00,551.00,571.00,474.00,409.00,474.00,409.00,2,Upper,117,30,551.00,2,30,44
2026-09-21T08:27:13+00:00,355,598.00,551.00,571.00,474.00,409.00,474.00,409.00,2,Upper,117,30,551.00,2,30,44
2026-09-21T08:31:15+00:00,355,598.00,551.00,571.00,474.00,409.00,474.00,409.00,2,Upper,117,30,551.00,2,30,44
2026-09-21T08:35:16+00:00,355,598.00,551.00,571.00,474.00,409.00,474.00,409.00,2,Upper,117,30,551.00,2,30,44
2026-09-21T08:39:18+00:00,355,598.00,551.00,571.00,474.00,409.00,474.00,409.00,2,Upper,117,30,551.00,2,30,44
2026-09-21T08:43:20+00:00,355,598.00,551.00,571.00,474.00,409.00,474.00,409.00,2,Upper,117,30,551.00,2,30,44
2026-09-21T08:47:21+00:00,355,598.00,551.00,571.00,474.00,409.00,474.00,409.00,2,Upper,117,30,551.00,2,30,44
2026-09-21T08:51:24+00:00,355,598.00,551.00,571.00,474.00,409.00,474.00,409.00,2,Upper,117,30,551.00,2,30,44
2026-09-21T08:55:26+00:00,355,598.00,551.00,571.00,474.00,409.00,474.00,409.00,2,Upper,117,30,551.00,2,30,44
2026-09-21T08:59:26+00:00,355,598.00,551.00,571.00,474.00,409.00,474.00,409.00,2,Upper,117,30,551.00,2,30,44
2026-09-21T09:03:28+00:00,355,598.00,551.00,571.00,474.00,409.00,474.00,409.00,2,Upper,117,30,551.00,2,30,44
2026-09-21T09:07:30+00:00,354,598.00,551.00,571.00,474.00,409.00,474.00,409.00,2,Upper,117,30,551.00,2,30,44
2026-09-21T09:11:31+00:00,356,598.00,551.00,571.00,474.00,409.00,474.00,409.00,2,Upper,117,30,551.00,2,30,44
2026-09-21T09:15:33+00:00,356,598.00,551.00,571.00,474.00,409.00,474.00,409.00,2,Upper,117,30,551.00,2,30,44
2026-09-21T09:19:33+00:00,356,598.00,551.00,571.00,474.00,409.00,474.00,409.00,2,Upper,117,30,551.00,2,30,44
2026-09-21T09:23:35+00:00,356,598.00,551.00,571.00,474.00,409.00,474.00,409.00,2,Upper,117,30,551.00,2,30,44
2026-09-21T09:27:36+00:00,355,598.00,551.00,571.00,474.00,409.00,474.00,409.00,2,Upper,117,30,551.00,2,30,44
2026-09-21T09:31:36+00:00,355,598.00,551.00,571.00,474.00,409.00,474.00,409.00,2,Upper,117,30,551.00,2,30,44
2026-09-21T09:35:38+00:00,355,598.00,551.00,571.00,474.00,409.00,474.00,409.00,2,Upper,117,30,551.00,2,30,44
2026-09-21T09:39:40+00:00,355,598.00,551.00,571.00,474.00,409.00,474.00,409.00,2,Upper,117,30,551.00,2,30,44
2026-09-21T09:43:40+00:00,355,598.00,551.00,571.00,474.00,409.00,474.00,409.00,2,Upper,117,30,551.00,2,30,44
2026-09-21T09:47:42+00:00,355,598.00,551.00,571.00,474.00,409.00,474.00,409.00,2,Upper,117,30,551.00,2,30,44
2026-09-21T09:51:44+00:00,355,598.00,551.00,571.00,474.00,409.00,474.00,409.00,2,Upper,117,30,551.00,2,30,44
2026-09-21T09:55:47+00:00,355,598.00,551.00,571.00,474.00,409.00,474.00,409.00,2,Upper,117,30,551.00,2,30,44
2026-09-21T09:59:48+00:00,355,598.00,551.00,571.00,474.00,409.00,474.00,409.00,2,Upper,117,30,551.00,2,30,44
2026-09-21T10:03:49+00:00,355,598.00,551.00,571.00,474.00,409.00,474.00,409.00,2,Upper,117,30,551.00,2,30,44
2026-09-21T10:07:58+00:00,355,598.00,551.00,571.00,474.00,409.00,474.00,409.00,2,Upper,117,30,551.00,2,30,44
2026-09-21T10:11:59+00:00,355,598.00,551.00,571.00,474.00,409.00,474.00,409.00,2,Upper,117,30,551.00,2,30,44
2026-09-21T10:16:01+00:00,355,598.00,551.00,571.00,474.00,409.00,474.00,409.00,2,Upper,117,30,551.00,2,30,44
2026-09-21T10:20:02+00:00,356,598.00,551.00,571.00,474.00,409.00,474.00,409.00,2,Upper,117,30,551.00,2,30,44
2026-09-21T10:24:04+00:00,356,598.00,551.00,571.00,474.00,409.00,474.00,409.00,2,Upper,117,30,551.00,2,30,44
2026-09-21T10:28:06+00:00,356,598.00,551.00,571.00,474.00,409.00,474.00,409.00,2,Upper,117,30,551.00,2,30,44
2026-09-21T10:32:07+00:00,356,598.00,551.00,571.00,474.00,409.00,474.00,409.00,2,Upper,117,30,551.00,2,30,44
2026-09-21T10:36:09+00:00,356,598.00,551.00,571.00,474.00,409.00,474.00,409.00,2,Upper,117,30,551.00,2,30,44
2026-09-21T10:40:12+00:00,356,598.00,551.00,571.00,474.00,409.00,474.00,409.00,2,Upper,117,30,551.00,2,30,44
2026-09-21T10:44:13+00:00,355,598.00,551.00,571.00,474.00,409.00,474.00,409.00,2,Upper,117,30,551.00,2,30,44
2026-09-21T10:48:15+00:00,355,598.00,551.00,571.00,474.00,409.00,474.00,409.00,2,Upper,117,30,551.00,2,30,44
2026-09-21T10:52:15+00:00,355,598.00,551.00,571.00,474.00,409.00,474.00,409.00,2,Upper,117,30,551.00,2,30,44
2026-09-21T10:56:17+00:00,355,598.00,551.00,571.00,474.00,409.00,474.00,409.00,2,Upper,117,30,551.00,2,30,44
2026-09-21T11:00:18+00:00,355,598.00,551.00,571.00,474.00,409.00,474.00,409.00,2,Upper,117,30,551.00,2,30,44
2026-09-21T11:04:19+00:00,355,598.00,551.00,571.00,474.00,409.00,474.00,409.00,2,Upper,117,30,551.00,2,30,44
2026-09-21T11:08:19+00:00,355,598.00,551.00,571.00,474.00,409.00,474.00,409.00,2,Upper,117,30,551.00,2,30,44
2026-09-21T11:12:22+00:00,355,598.00,551.00,571.00,474.00,409.00,474.00,409.00,2,Upper,117,30,551.00,2,30,44
2026-09-21T11:16:24+00:00,354,598.00,551.00,571.00,474.00,409.00,474.00,409.00,2,Upper,117,30,551.00,2,30,44
2026-09-21T11:20:26+00:00,354,598.00,551.00,571.00,474.00,409.00,474.00,409.00,2,Upper,117,30,551.00,2,30,44
2026-09-21T11:24:27+00:00,354,598.00,551.00,571.00,471.00,409.00,471.00,409.00,2,Upper,117,30,551.00,2,30,44
2026-09-21T11:28:29+00:00,357,598.00,551.00,571.00,443.00,409.00,443.00,409.00,2,Upper,117,30,551.00,2,30,44
2026-09-21T11:32:31+00:00,357,598.00,551.00,571.00,443.00,409.00,443.00,409.00,2,Upper,117,30,551.00,2,30,44
2026-09-21T11:36:31+00:00,357,598.00,551.00,571.00,443.00,409.00,443.00,409.00,2,Upper,117,30,551.00,2,30,44
2026-09-21T11:40:33+00:00,357,598.00,551.00,571.00,443.00,409.00,443.00,409.00,2,Upper,117,30,551.00,2,30,44
2026-09-21T11:44:36+00:00,359,598.00,551.00,571.00,443.00,446.00,443.00,443.00,1,Upper,139,10,551.00,2,30,44
2026-09-21T11:48:38+00:00,358,598.00,551.00,571.00,443.00,409.00,443.00,409.00,2,Upper,117,30,551.00,2,30,44
2026-09-21T11:52:40+00:00,355,598.00,551.00,571.00,443.00,409.00,443.00,409.00,2,Upper,117,30,551.00,2,30,44
2026-09-21T11:56:41+00:00,356,598.00,551.00,571.00,443.00,409.00,443.00,409.00,2,Upper,117,30,551.00,2,30,44
2026-09-21T12:00:43+00:00,356,598.00,551.00,571.00,443.00,409.00,443.00,409.00,2,Upper,117,30,551.00,2,30,44
2026-09-21T12:04:45+00:00,356,598.00,551.00,571.00,443.00,409.00,443.00,409.00,2,Upper,117,30,551.00,2,30,44
2026-09-21T12:08:46+00:00,356,598.00,551.00,571.00,443.00,409.00,443.00,409.00,2,Upper,117,30,551.00,2,30,44
2026-09-21T12:12:48+00:00,357,598.00,551.00,571.00,443.00,409.00,443.00,409.00,2,Upper,117,30,551.00,2,30,44
2026-09-21T12:16:52+00:00,357,598.00,551.00,571.00,443.00,409.00,443.00,409.00,2,Upper,117,30,551.00,2,30,44
2026-09-21T12:20:53+00:00,357,598.00,551.00,571.00,443.00,409.00,443.00,409.00,2,Upper,117,30,551.00,2,30,44
2026-09-21T12:24:55+00:00,357,598.00,551.00,571.00,443.00,409.00,443.00,409.00,2,Upper,117,30,551.00,2,30,44
2026-09-21T12:28:57+00:00,360,598.00,515.00,571.00,443.00,409.00,443.00,409.00,2,Upper,117,30,515.00,2,33,31
2026-09-21T12:32:59+00:00,358,598.00,515.00,571.00,443.00,409.00,443.00,409.00,2,Upper,117,30,515.00,2,33,31
2026-09-21T12:37:00+00:00,358,598.00,515.00,571.00,443.00,409.00,443.00,409.00,2,Upper,117,30,515.00,2,33,31
2026-09-21T12:41:02+00:00,358,598.00,515.00,571.00,443.00,409.00,443.00,409.00,2,Upper,117,30,515.00,2,33,31
2026-09-21T12:45:04+00:00,360,598.00,515.00,571.00,443.00,409.00,443.00,409.00,2,Upper,117,30,515.00,2,33,31
2026-09-21T12:49:07+00:00,360,598.00,515.00,571.00,443.00,409.00,443.00,409.00,2,Upper,117,30,515.00,2,33,31
2026-09-21T12:53:09+00:00,360,598.00,515.00,571.00,443.00,409.00,443.00,409.00,2,Upper,117,30,515.00,2,33,31
2026-09-21T12:57:11+00:00,364,598.00,515.00,571.00,409.00,409.00,409.00,409.00,1,Upper,117,30,515.00,2,33,31
2026-09-21T13:01:12+00:00,364,598.00,515.00,571.00,409.00,409.00,409.00,409.00,1,Upper,117,30,515.00,2,33,31
2026-09-21T13:05:14+00:00,364,598.00,515.00,571.00,409.00,409.00,409.00,409.00,1,Upper,117,30,515.00,2,33,31
2026-09-21T13:09:16+00:00,363,598.00,501.00,598.00,409.00,409.00,409.00,409.00,1,Upper,117,30,501.00,2,33,31
2026-09-21T13:13:18+00:00,364,598.00,501.00,598.00,409.00,409.00,409.00,409.00,1,Upper,117,30,501.00,2,33,31
2026-09-21T13:17:20+00:00,363,598.00,501.00,598.00,409.00,409.00,409.00,409.00,1,Upper,117,30,501.00,2,33,31
2026-09-21T13:21:23+00:00,363,598.00,501.00,598.00,409.00,409.00,409.00,409.00,1,Upper,117,30,501.00,2,33,31
2026-09-21T13:25:24+00:00,363,598.00,501.00,571.00,409.00,409.00,409.00,409.00,1,Upper,117,30,501.00,2,33,31
2026-09-21T13:29:26+00:00,363,598.00,501.00,571.00,409.00,409.00,409.00,409.00,1,Upper,117,30,501.00,2,33,31
2026-09-21T13:33:28+00:00,363,598.00,501.00,571.00,409.00,409.00,409.00,409.00,1,Upper,117,30,501.00,2,33,31
2026-09-21T13:37:30+00:00,363,598.00,501.00,571.00,409.00,409.00,409.00,409.00,1,Upper,117,30,501.00,2,33,31
2026-09-21T13:41:30+00:00,363,598.00,501.00,571.00,409.00,409.00,409.00,409.00,1,Upper,117,30,501.00,2,33,31
2026-09-21T13:45:32+00:00,358,598.00,515.00,598.00,409.00,409.00,409.00,409.00,1,Upper,117,30,515.00,2,33,31
2026-09-21T13:49:34+00:00,358,598.00,515.00,598.00,409.00,409.00,409.00,409.00,1,Upper,117,30,515.00,2,33,31
2026-09-21T13:53:37+00:00,359,598.00,515.00,571.00,409.00,409.00,409.00,409.00,1,Upper,117,30,515.00,2,33,31
2026-09-21T13:57:39+00:00,359,598.00,515.00,571.00,409.00,409.00,409.00,409.00,1,Upper,117,30,515.00,2,33,31
2026-09-21T14:01:40+00:00,358,598.00,515.00,571.00,409.00,409.00,409.00,409.00,1,Upper,117,30,515.00,2,33,31
2026-09-21T14:05:42+00:00,358,598.00,515.00,598.00,409.00,409.00,409.00,409.00,1,Upper,117,30,515.00,2,33,31
2026-09-21T14:09:44+00:00,362,598.00,515.00,571.00,409.00,409.00,409.00,409.00,1,Upper,117,30,515.00,2,33,31
2026-09-21T14:13:46+00:00,361,598.00,515.00,571.00,409.00,409.00,409.00,409.00,1,Upper,117,30,515.00,2,33,31
2026-09-21T14:17:48+00:00,361,598.00,515.00,571.00,409.00,409.00,409.00,409.00,1,Upper,117,30,515.00,2,33,31
2026-09-21T14:21:50+00:00,362,598.00,515.00,571.00,409.00,409.00,409.00,409.00,1,Upper,117,30,515.00,2,33,31
2026-09-21T14:25:53+00:00,362,598.00,515.00,571.00,409.00,409.00,409.00,409.00,1,Upper,117,30,515.00,2,33,31
2026-09-21T14:29:55+00:00,362,598.00,515.00,571.00,409.00,409.00,409.00,409.00,1,Upper,117,30,515.00,2,33,31
2026-09-21T14:33:57+00:00,362,598.00,515.00,571.00,409.00,409.00,409.00,409.00,1,Upper,117,30,515.00,2,33,31
2026-09-21T14:37:59+00:00,362,598.00,515.00,571.00,409.00,409.00,409.00,409.00,1,Upper,117,30,515.00,2,33,31
2026-09-21T14:42:01+00:00,362,598.00,515.00,571.00,409.00,409.00,409.00,409.00,1,Upper,117,30,515.00,2,33,31
2026-09-21T14:46:03+00:00,359,598.00,515.00,598.00,409.00,409.00,409.00,409.00,1,Upper,117,30,515.00,2,33,31
2026-09-21T14:50:05+00:00,358,598.00,515.00,598.00,409.00,409.00,409.00,409.00,1,Upper,117,30,515.00,2,33,31
2026-09-21T14:54:06+00:00,358,598.00,515.00,598.00,409.00,409.00,409.00,409.00,1,Upper,117,30,515.00,2,33,31
2026-09-21T14:58:10+00:00,360,598.00,515.00,571.00,460.00,409.00,460.00,409.00,2,Upper,117,31,515.00,2,33,31
2026-09-21T15:02:11+00:00,359,598.00,515.00,571.00,463.00,409.00,463.00,409.00,2,Upper,117,31,515.00,2,33,31
2026-09-21T15:06:13+00:00,359,598.00,515.00,571.00,463.00,409.00,463.00,409.00,2,Upper,117,31,515.00,2,33,31
2026-09-21T15:10:28+00:00,361,598.00,515.00,571.00,463.00,409.00,463.00,409.00,2,Upper,117,31,515.00,2,33,31
2026-09-21T15:14:30+00:00,361,571.00,515.00,571.00,460.00,409.00,460.00,409.00,2,Upper,117,31,515.00,2,33,31
2026-09-21T15:18:31+00:00,360,571.00,515.00,571.00,460.00,409.00,460.00,409.00,2,Upper,117,31,515.00,2,33,31
2026-09-21T15:22:33+00:00,360,571.00,515.00,571.00,460.00,409.00,460.00,409.00,2,Upper,117,31,515.00,2,33,31
2026-09-21T15:26:35+00:00,360,571.00,515.00,571.00,460.00,409.00,460.00,409.00,2,Upper,117,31,515.00,2,33,31
2026-09-21T15:30:37+00:00,360,571.00,515.00,571.00,460.00,409.00,460.00,409.00,2,Upper,117,31,515.00,2,33,31
2026-09-21T15:34:38+00:00,360,571.00,515.00,571.00,460.00,409.00,460.00,409.00,2,Upper,117,31,515.00,2,33,31
2026-09-21T15:38:40+00:00,359,571.00,551.00,598.00,349.00,409.00,443.00,349.00,1,Upper,136,24,551.00,2,30,44
2026-09-21T15:42:52+00:00,357,571.00,551.00,598.00,349.00,409.00,443.00,349.00,1,Upper,136,24,551.00,2,30,44
2026-09-21T15:46:54+00:00,359,571.00,551.00,598.00,349.00,409.00,443.00,349.00,1,Upper,136,24,551.00,2,30,44
2026-09-21T15:50:56+00:00,355,571.00,551.00,598.00,349.00,409.00,443.00,349.00,1,Upper,136,24,551.00,2,30,44
2026-09-21T15:54:57+00:00,361,571.00,551.00,598.00,349.00,409.00,443.00,349.00,1,Upper,136,24,551.00,2,30,44
2026-09-21T15:58:59+00:00,360,571.00,551.00,598.00,349.00,409.00,443.00,349.00,1,Upper,136,24,551.00,2,30,44
2026-09-21T16:03:01+00:00,358,571.00,551.00,598.00,349.00,420.00,443.00,349.00,1,Upper,136,24,551.00,2,30,44
2026-09-21T16:07:02+00:00,358,571.00,551.00,598.00,349.00,423.00,443.00,349.00,1,Upper,136,24,551.00,2,30,44
2026-09-21T16:11:04+00:00,359,571.00,551.00,598.00,349.00,423.00,443.00,349.00,1,Upper,136,24,551.00,2,30,44
2026-09-21T16:15:07+00:00,359,571.00,551.00,598.00,349.00,423.00,443.00,349.00,1,Upper,136,24,551.00,2,30,44
2026-09-21T16:19:09+00:00,359,571.00,551.00,598.00,349.00,423.00,443.00,349.00,1,Upper,136,24,551.00,2,30,44
2026-09-21T16:23:11+00:00,359,571.00,551.00,598.00,349.00,422.00,443.00,349.00,1,Upper,136,24,551.00,2,30,44
2026-09-21T16:27:13+00:00,355,571.00,551.00,598.00,349.00,422.00,443.00,349.00,1,Upper,136,24,551.00,2,30,44
2026-09-21T16:31:15+00:00,355,571.00,551.00,598.00,349.00,423.00,443.00,349.00,1,Upper,136,24,551.00,2,30,44
2026-09-21T16:35:17+00:00,356,571.00,551.00,571.00,349.00,423.00,443.00,349.00,1,Upper,136,24,551.00,2,30,44
2026-09-21T16:39:18+00:00,354,571.00,551.00,571.00,349.00,423.00,443.00,349.00,1,Upper,136,24,551.00,2,30,44
2026-09-21T16:43:20+00:00,354,571.00,551.00,571.00,349.00,423.00,443.00,349.00,1,Upper,136,24,551.00,2,30,44
2026-09-21T16:47:23+00:00,352,571.00,551.00,571.00,349.00,426.00,443.00,349.00,1,Upper,136,24,551.00,2,30,44
2026-09-21T16:51:25+00:00,352,571.00,551.00,571.00,349.00,426.00,443.00,349.00,1,Upper,136,24,551.00,2,30,44
2026-09-21T16:55:27+00:00,353,571.00,551.00,571.00,349.00,425.00,443.00,349.00,1,Upper,136,24,551.00,2,30,44
2026-09-21T16:59:29+00:00,358,571.00,551.00,571.00,349.00,422.00,443.00,349.00,1,Upper,136,24,551.00,2,30,44
2026-09-21T17:03:30+00:00,359,571.00,551.00,571.00,349.00,422.00,443.00,349.00,1,Upper,136,24,551.00,2,30,44
2026-09-21T17:07:32+00:00,358,571.00,551.00,571.00,349.00,422.00,443.00,349.00,1,Upper,136,24,551.00,2,30,44
2026-09-21T17:11:34+00:00,358,571.00,551.00,571.00,349.00,422.00,443.00,349.00,1,Upper,136,24,551.00,2,30,44
2026-09-21T17:15:36+00:00,362,571.00,333.00,571.00,349.00,422.00,443.00,333.00,2,Lower,34,21,333.00,2,34,21
2026-09-21T17:21:00+00:00,356,571.00,551.00,571.00,349.00,422.00,443.00,349.00,1,Upper,136,24,551.00,2,30,44
2026-09-21T17:25:10+00:00,355,571.00,551.00,571.00,349.00,425.00,443.00,349.00,1,Upper,136,24,551.00,2,30,44
2026-09-21T17:29:12+00:00,362,571.00,551.00,571.00,349.00,423.00,443.00,349.00,1,Upper,136,24,551.00,2,30,44
2026-09-21T17:33:14+00:00,362,571.00,551.00,571.00,349.00,423.00,443.00,349.00,1,Upper,136,24,551.00,2,30,44
2026-09-21T17:37:16+00:00,362,571.00,551.00,571.00,349.00,422.00,443.00,349.00,1,Upper,136,24,551.00,2,30,44
2026-09-21T17:41:17+00:00,363,571.00,551.00,571.00,349.00,422.00,443.00,349.00,1,Upper,136,24,551.00,2,30,44
2026-09-21T17:45:19+00:00,363,571.00,358.00,571.00,349.00,422.00,443.00,349.00,1,Upper,136,24,358.00,2,34,21
2026-09-21T17:50:33+00:00,363,571.00,358.00,571.00,349.00,422.00,443.00,349.00,1,Upper,136,24,358.00,2,34,21
2026-09-21T17:55:49+00:00,363,571.00,551.00,571.00,349.00,424.00,443.00,349.00,1,Upper,136,24,551.00,2,30,44
2026-09-21T17:59:50+00:00,364,571.00,551.00,571.00,349.00,422.00,443.00,349.00,1,Upper,136,24,551.00,2,30,44
2026-09-21T18:03:52+00:00,366,571.00,551.00,571.00,349.00,422.00,443.00,349.00,1,Upper,136,24,551.00,2,30,44
2026-09-21T18:07:54+00:00,365,571.00,551.00,571.00,349.00,425.00,443.00,349.00,1,Upper,136,24,551.00,2,30,44
2026-09-21T18:11:56+00:00,363,598.00,551.00,571.00,349.00,425.00,443.00,349.00,1,Upper,136,24,551.00,2,30,44
2026-09-21T18:15:58+00:00,361,598.00,551.00,571.00,349.00,430.00,443.00,349.00,1,Upper,136,24,551.00,2,30,44
2026-09-21T18:20:00+00:00,361,571.00,551.00,571.00,349.00,430.00,443.00,349.00,1,Upper,136,24,551.00,2,30,44
2026-09-21T18:24:02+00:00,364,571.00,551.00,571.00,349.00,423.00,443.00,349.00,1,Upper,136,24,551.00,2,30,44
2026-09-21T18:28:05+00:00,366,571.00,551.00,571.00,349.00,423.00,443.00,349.00,1,Upper,136,24,551.00,2,30,44
2026-09-21T18:32:07+00:00,366,571.00,551.00,571.00,349.00,421.00,443.00,349.00,1,Upper,136,24,551.00,2,30,44
2026-09-21T18:36:09+00:00,366,571.00,551.00,571.00,349.00,421.00,443.00,349.00,1,Upper,136,24,551.00,2,30,44
2026-09-21T18:40:10+00:00,368,571.00,551.00,571.00,349.00,435.00,443.00,349.00,1,Upper,136,24,551.00,2,30,44
2026-09-21T18:44:12+00:00,367,571.00,551.00,571.00,349.00,435.00,443.00,349.00,1,Upper,136,24,551.00,2,30,44
2026-09-21T18:48:14+00:00,365,571.00,551.00,571.00,349.00,435.00,443.00,349.00,1,Upper,136,24,551.00,2,30,44
2026-09-21T18:52:16+00:00,365,598.00,551.00,571.00,349.00,435.00,443.00,349.00,1,Upper,136,24,551.00,2,30,44
2026-09-21T18:56:17+00:00,364,598.00,551.00,571.00,349.00,435.00,443.00,349.00,1,Upper,136,24,551.00,2,30,44
2026-09-21T19:00:21+00:00,364,598.00,551.00,571.00,349.00,435.00,443.00,349.00,1,Upper,136,24,551.00,2,30,44
2026-09-21T19:04:23+00:00,364,598.00,551.00,571.00,349.00,435.00,443.00,349.00,1,Upper,136,24,551.00,2,30,44
2026-09-21T19:08:25+00:00,362,598.00,551.00,571.00,349.00,435.00,443.00,349.00,1,Upper,136,24,551.00,2,30,44
2026-09-21T19:12:27+00:00,363,598.00,551.00,571.00,349.00,435.00,443.00,349.00,1,Upper,136,24,551.00,2,30,44
2026-09-21T19:16:29+00:00,362,571.00,551.00,571.00,349.00,435.00,443.00,349.00,1,Upper,136,24,551.00,2,30,44
2026-09-21T19:20:31+00:00,362,571.00,551.00,571.00,349.00,435.00,443.00,349.00,1,Upper,136,24,551.00,2,30,44
2026-09-21T19:24:32+00:00,363,571.00,551.00,571.00,349.00,435.00,443.00,349.00,1,Upper,136,24,551.00,2,30,44
2026-09-21T19:28:42+00:00,367,571.00,551.00,571.00,349.00,435.00,443.00,349.00,1,Upper,136,24,551.00,2,30,44
2026-09-21T19:32:45+00:00,367,571.00,551.00,571.00,349.00,435.00,443.00,349.00,1,Upper,136,24,551.00,2,30,44
2026-09-21T19:36:47+00:00,359,598.00,551.00,598.00,349.00,435.00,443.00,349.00,1,Upper,136,24,551.00,2,30,44
2026-09-21T19:40:49+00:00,359,598.00,551.00,598.00,349.00,435.00,443.00,349.00,1,Upper,136,24,551.00,2,30,44
2026-09-21T19:44:51+00:00,361,598.00,551.00,598.00,349.00,435.00,443.00,349.00,1,Upper,136,24,551.00,2,30,44
2026-09-21T19:48:53+00:00,360,598.00,551.00,571.00,349.00,435.00,443.00,349.00,1,Upper,136,24,551.00,2,30,44
2026-09-21T19:52:55+00:00,367,602.00,551.00,571.00,349.00,435.00,443.00,349.00,1,Upper,136,24,551.00,2,30,44
2026-09-21T19:56:55+00:00,366,602.00,551.00,571.00,349.00,435.00,443.00,349.00,1,Upper,136,24,551.00,2,30,44
2026-09-21T20:00:57+00:00,367,602.00,551.00,571.00,349.00,435.00,443.00,349.00,1,Upper,136,24,551.00,2,30,44
2026-09-21T20:05:00+00:00,368,602.00,551.00,571.00,349.00,435.00,443.00,349.00,1,Upper,136,24,551.00,2,30,44
2026-09-21T20:09:02+00:00,368,602.00,551.00,571.00,349.00,435.00,443.00,349.00,1,Upper,136,24,551.00,2,30,44
2026-09-21T20:13:17+00:00,361,598.00,551.00,571.00,349.00,435.00,443.00,349.00,1,Upper,136,24,551.00,2,30,44
2026-09-21T20:17:19+00:00,361,598.00,551.00,598.00,349.00,435.00,443.00,349.00,1,Upper,136,24,551.00,2,30,44
2026-09-21T20:21:21+00:00,365,598.00,551.00,571.00,349.00,435.00,443.00,349.00,1,Upper,136,24,551.00,2,30,44
2026-09-21T20:25:23+00:00,364,598.00,551.00,571.00,349.00,435.00,443.00,349.00,1,Upper,136,24,551.00,2,30,44
2026-09-21T20:29:25+00:00,367,598.00,551.00,571.00,349.00,435.00,443.00,349.00,1,Upper,136,24,551.00,2,30,44
2026-09-21T20:33:27+00:00,371,598.00,551.00,571.00,349.00,435.00,443.00,349.00,1,Upper,136,24,551.00,2,30,44
2026-09-21T20:37:29+00:00,372,598.00,551.00,571.00,349.00,435.00,443.00,349.00,1,Upper,136,24,551.00,2,30,44
2026-09-21T20:41:31+00:00,371,598.00,551.00,571.00,349.00,435.00,443.00,349.00,1,Upper,136,24,551.00,2,30,44
2026-09-21T20:45:34+00:00,371,598.00,551.00,571.00,349.00,435.00,443.00,349.00,1,Upper,136,24,551.00,2,30,44
2026-09-21T20:49:36+00:00,370,598.00,551.00,571.00,349.00,435.00,443.00,349.00,1,Upper,136,24,551.00,2,30,44
2026-09-21T20:53:38+00:00,369,598.00,551.00,571.00,349.00,435.00,443.00,349.00,1,Upper,136,24,551.00,2,30,44
2026-09-21T20:57:40+00:00,370,598.00,551.00,571.00,349.00,435.00,443.00,349.00,1,Upper,136,24,551.00,2,30,44
2026-09-21T21:01:42+00:00,373,598.00,551.00,571.00,349.00,435.00,443.00,349.00,1,Upper,136,24,551.00,2,30,44
2026-09-21T21:05:44+00:00,372,598.00,551.00,571.00,349.00,435.00,443.00,349.00,1,Upper,136,24,551.00,2,30,44
2026-09-21T21:09:46+00:00,372,598.00,551.00,571.00,349.00,435.00,443.00,349.00,1,Upper,136,24,551.00,2,30,44
2026-09-21T21:13:48+00:00,368,598.00,551.00,571.00,349.00,435.00,443.00,349.00,1,Upper,136,24,551.00,2,30,44
2026-09-21T21:17:52+00:00,368,598.00,551.00,571.00,349.00,435.00,443.00,349.00,1,Upper,136,24,551.00,2,30,44
2026-09-21T21:21:53+00:00,373,598.00,551.00,571.00,349.00,435.00,443.00,349.00,1,Upper,136,24,551.00,2,30,44
2026-09-21T21:25:55+00:00,373,598.00,551.00,571.00,349.00,435.00,443.00,349.00,1,Upper,136,24,551.00,2,30,44
2026-09-21T21:30:06+00:00,373,598.00,551.00,571.00,349.00,435.00,443.00,349.00,1,Upper,136,24,551.00,2,30,44
2026-09-21T21:34:08+00:00,371,598.00,551.00,571.00,349.00,435.00,443.00,349.00,1,Upper,136,24,551.00,2,30,44
2026-09-21T21:38:09+00:00,370,598.00,551.00,571.00,349.00,435.00,443.00,349.00,1,Upper,136,24,551.00,2,30,44
2026-09-21T21:42:11+00:00,370,598.00,551.00,571.00,349.00,435.00,443.00,349.00,1,Upper,136,24,551.00,2,30,44
2026-09-21T21:46:13+00:00,370,598.00,551.00,571.00,349.00,435.00,443.00,349.00,1,Upper,136,24,551.00,2,30,44
2026-09-21T21:50:17+00:00,366,598.00,551.00,571.00,349.00,435.00,443.00,349.00,1,Upper,136,24,551.00,2,30,44
2026-09-21T21:54:19+00:00,370,598.00,551.00,571.00,349.00,435.00,443.00,349.00,1,Upper,136,24,551.00,2,30,44
2026-09-21T21:58:21+00:00,369,571.00,551.00,571.00,349.00,435.00,443.00,349.00,1,Upper,136,24,551.00,2,30,44
2026-09-21T22:02:23+00:00,369,571.00,551.00,571.00,349.00,424.00,443.00,349.00,1,Upper,136,24,551.00,2,30,44
2026-09-21T22:06:25+00:00,369,571.00,551.00,571.00,349.00,424.00,443.00,349.00,1,Upper,136,24,551.00,2,30,44
2026-09-21T22:10:27+00:00,368,571.00,559.00,571.00,349.00,424.00,443.00,349.00,1,Upper,136,24,559.00,2,34,21
2026-09-21T22:14:28+00:00,368,571.00,559.00,571.00,349.00,424.00,443.00,349.00,1,Upper,136,24,559.00,2,34,21
2026-09-21T22:18:30+00:00,368,571.00,559.00,571.00,349.00,424.00,443.00,349.00,1,Upper,136,24,559.00,2,34,21
2026-09-21T22:22:34+00:00,368,571.00,559.00,571.00,349.00,424.00,443.00,349.00,1,Upper,136,24,559.00,2,34,21
2026-09-21T22:26:36+00:00,368,571.00,559.00,571.00,349.00,424.00,443.00,349.00,1,Upper,136,24,559.00,2,34,21
2026-09-21T22:30:38+00:00,368,571.00,559.00,571.00,349.00,424.00,443.00,349.00,1,Upper,136,24,559.00,2,34,21
2026-09-21T22:34:40+00:00,368,571.00,559.00,571.00,349.00,424.00,443.00,349.00,1,Upper,136,24,559.00,2,34,21
2026-09-21T22:38:42+00:00,368,571.00,559.00,571.00,349.00,424.00,443.00,349.00,1,Upper,136,24,559.00,2,34,21
2026-09-21T22:42:43+00:00,370,571.00,559.00,571.00,349.00,424.00,443.00,349.00,1,Upper,136,24,559.00,2,34,21
2026-09-21T22:46:45+00:00,370,571.00,559.00,571.00,349.00,424.00,443.00,349.00,1,Upper,136,24,559.00,2,34,21
2026-09-21T22:50:47+00:00,366,571.00,559.00,571.00,349.00,424.00,443.00,349.00,1,Upper,136,24,559.00,2,34,21
2026-09-21T22:54:51+00:00,365,571.00,559.00,571.00,349.00,424.00,443.00,349.00,1,Upper,136,24,559.00,2,34,21
2026-09-21T22:58:53+00:00,365,571.00,559.00,571.00,349.00,424.00,443.00,349.00,1,Upper,136,24,559.00,2,34,21
2026-09-21T23:02:55+00:00,365,571.00,559.00,571.00,349.00,424.00,443.00,349.00,1,Upper,136,24,559.00,2,34,21
2026-09-21T23:06:57+00:00,365,571.00,559.00,571.00,349.00,424.00,443.00,349.00,1,Upper,136,24,559.00,2,34,21
2026-09-21T23:10:59+00:00,365,571.00,559.00,571.00,349.00,424.00,443.00,349.00,1,Upper,136,24,559.00,2,34,21
2026-09-21T23:15:01+00:00,366,571.00,559.00,571.00,349.00,424.00,443.00,349.00,1,Upper,136,24,559.00,2,34,21
2026-09-21T23:19:03+00:00,366,571.00,559.00,571.00,349.00,424.00,443.00,349.00,1,Upper,136,24,559.00,2,34,21
2026-09-21T23:23:05+00:00,368,571.00,559.00,571.00,349.00,424.00,443.00,349.00,1,Upper,136,24,559.00,2,34,21
2026-09-21T23:27:09+00:00,370,571.00,559.00,571.00,349.00,424.00,443.00,349.00,1,Upper,136,24,559.00,2,34,21
2026-09-21T23:31:19+00:00,370,571.00,559.00,571.00,349.00,424.00,443.00,349.00,1,Upper,136,24,559.00,2,34,21
2026-09-21T23:35:21+00:00,365,571.00,559.00,571.00,349.00,424.00,443.00,349.00,1,Upper,136,24,559.00,2,34,21
2026-09-21T23:39:22+00:00,366,571.00,559.00,571.00,349.00,424.00,474.00,349.00,1,Upper,136,24,559.00,2,34,21
2026-09-21T23:43:25+00:00,366,571.00,559.00,571.00,349.00,424.00,474.00,349.00,1,Upper,136,24,559.00,2,34,21
2026-09-21T23:47:26+00:00,367,571.00,559.00,571.00,349.00,424.00,474.00,349.00,1,Upper,136,24,559.00,2,34,21
2026-09-21T23:51:28+00:00,366,571.00,559.00,571.00,349.00,424.00,474.00,349.00,1,Upper,136,24,559.00,2,34,21
2026-09-21T23:55:31+00:00,370,571.00,559.00,571.00,349.00,424.00,474.00,349.00,1,Upper,136,24,559.00,2,34,21
2026-09-21T23:59:34+00:00,368,571.00,559.00,571.00,349.00,424.00,472.00,349.00,1,Upper,136,24,559.00,2,34,21
2026-09-22T00:03:36+00:00,365,571.00,559.00,571.00,349.00,424.00,472.00,349.00,1,Upper,136,24,559.00,2,34,21
2026-09-22T00:07:38+00:00,362,571.00,559.00,571.00,349.00,424.00,472.00,349.00,1,Upper,136,24,559.00,2,34,21
2026-09-22T00:11:40+00:00,352,571.00,559.00,571.00,349.00,422.00,474.00,349.00,1,Upper,136,24,559.00,2,34,21
2026-09-22T00:15:42+00:00,355,571.00,559.00,571.00,349.00,422.00,474.00,349.00,1,Upper,136,24,559.00,2,34,21
2026-09-22T00:19:44+00:00,358,571.00,559.00,598.00,349.00,422.00,475.00,349.00,1,Upper,136,24,559.00,2,34,21
2026-09-22T00:23:46+00:00,358,571.00,559.00,598.00,349.00,422.00,475.00,349.00,1,Upper,136,24,559.00,2,34,21
2026-09-22T00:27:48+00:00,358,571.00,559.00,598.00,349.00,422.00,475.00,349.00,1,Upper,136,24,559.00,2,34,21
2026-09-22T00:31:52+00:00,357,571.00,559.00,598.00,349.00,422.00,475.00,349.00,1,Upper,136,24,559.00,2,34,21
2026-09-22T00:35:54+00:00,358,597.00,559.00,598.00,349.00,422.00,474.00,349.00,1,Upper,136,24,559.00,2,34,21
2026-09-22T00:39:56+00:00,360,597.00,559.00,598.00,349.00,422.00,475.00,349.00,1,Upper,136,24,559.00,2,34,21
2026-09-22T00:43:57+00:00,360,597.00,559.00,598.00,349.00,422.00,475.00,349.00,1,Upper,136,24,559.00,2,34,21
2026-09-22T00:47:59+00:00,360,597.00,559.00,598.00,349.00,422.00,475.00,349.00,1,Upper,136,24,559.00,2,34,21
2026-09-22T00:52:02+00:00,360,597.00,551.00,598.00,349.00,422.00,475.00,349.00,1,Upper,136,24,551.00,2,30,44
2026-09-22T00:56:04+00:00,359,597.00,551.00,598.00,349.00,422.00,476.00,349.00,1,Upper,136,24,551.00,2,30,44
2026-09-22T01:00:06+00:00,359,597.00,551.00,598.00,349.00,422.00,477.00,349.00,1,Upper,136,24,551.00,2,30,44
2026-09-22T01:04:09+00:00,364,597.00,551.00,598.00,349.00,422.00,477.00,349.00,1,Upper,136,24,551.00,2,30,44
2026-09-22T01:08:11+00:00,360,597.00,551.00,598.00,349.00,422.00,474.00,349.00,1,Upper,136,24,551.00,2,30,44
2026-09-22T01:12:13+00:00,360,597.00,551.00,598.00,349.00,422.00,474.00,349.00,1,Upper,136,24,551.00,2,30,44
2026-09-22T01:16:29+00:00,360,597.00,551.00,598.00,349.00,422.00,474.00,349.00,1,Upper,136,24,551.00,2,30,44
2026-09-22T01:20:31+00:00,359,597.00,551.00,598.00,349.00,422.00,466.00,349.00,1,Upper,136,24,551.00,2,30,44
2026-09-22T01:24:33+00:00,358,597.00,551.00,598.00,349.00,422.00,467.00,349.00,1,Upper,136,24,551.00,2,30,44
2026-09-22T01:28:35+00:00,358,597.00,551.00,598.00,349.00,422.00,467.00,349.00,1,Upper,136,24,551.00,2,30,44
2026-09-22T01:32:46+00:00,360,597.00,551.00,571.00,349.00,422.00,467.00,349.00,1,Upper,136,24,551.00,2,30,44
2026-09-22T01:36:47+00:00,361,571.00,551.00,571.00,349.00,422.00,467.00,349.00,1,Upper,136,24,551.00,2,30,44
2026-09-22T01:40:49+00:00,358,571.00,551.00,598.00,350.00,422.00,467.00,350.00,1,Upper,135,23,551.00,2,30,44
2026-09-22T01:45:00+00:00,358,571.00,551.00,598.00,350.00,422.00,466.00,350.00,1,Upper,135,23,551.00,2,30,44
